Metric,Value
Accuracy,0.965
Precision,0.9550561797752809
Recall,0.9659090909090909
F1 Score,0.96045197740113
AUC,0.991984577922078
