Metric,Value
Accuracy,0.95
Precision,0.9333333333333333
Recall,0.9545454545454546
F1 Score,0.9438202247191011
AUC,0.9864549512987013
