transaction_id,user_id,merchant_id,transaction_date,amount,currency,status,is_international,is_online,fraud
2215,24,20,2024-01-01 00:14:40,31.63,USD,approved,False,True,0
2084,134,44,2024-01-01 00:19:58,21.31,USD,approved,True,True,0
4932,147,1,2024-01-01 00:46:43,39.81,JPY,approved,True,True,1
4139,177,74,2024-01-01 00:57:57,23.15,USD,reversed,False,True,0
863,25,47,2024-01-01 01:49:23,60.21,GBP,declined,False,False,0
4352,114,12,2024-01-01 02:19:05,29.2,GBP,approved,True,True,0
1151,74,1,2024-01-01 02:33:42,45.52,USD,approved,False,False,0
62,149,50,2024-01-01 02:34:10,15.51,EUR,approved,False,False,0
1391,62,61,2024-01-01 03:37:48,23.98,JPY,approved,False,True,0
3031,147,21,2024-01-01 03:40:34,49.13,USD,approved,False,True,0
4124,54,20,2024-01-01 03:44:55,10.08,USD,approved,False,True,0
887,11,80,2024-01-01 05:18:04,60.86,USD,reversed,False,False,0
2339,9,9,2024-01-01 05:25:02,32.52,USD,approved,False,True,0
610,172,10,2024-01-01 05:52:38,78.62,USD,approved,False,False,0
456,112,11,2024-01-01 06:04:39,37.43,USD,approved,False,True,0
3488,192,41,2024-01-01 06:17:14,27.84,USD,approved,False,True,0
3341,109,71,2024-01-01 06:28:13,60.01,USD,approved,False,True,0
3174,69,44,2024-01-01 06:46:00,35.84,USD,approved,False,False,0
4026,28,71,2024-01-01 06:53:38,34.56,EUR,approved,False,True,0
3474,178,31,2024-01-01 08:49:56,35.8,USD,approved,False,False,0
2631,188,25,2024-01-01 08:56:47,29.3,GBP,approved,False,False,0
3220,87,42,2024-01-01 09:00:41,26.68,GBP,approved,False,True,0
2323,68,74,2024-01-01 09:10:03,47.77,EUR,approved,False,True,0
2897,133,70,2024-01-01 09:25:53,40.3,USD,approved,False,True,0
4989,187,53,2024-01-01 09:46:12,22.34,USD,approved,False,False,0
366,104,13,2024-01-01 10:12:02,42.42,JPY,approved,False,True,0
1493,6,24,2024-01-01 11:06:09,25.31,USD,approved,False,True,0
3293,48,5,2024-01-01 11:22:08,44.38,EUR,approved,False,True,0
2969,144,1,2024-01-01 11:42:16,11.22,EUR,approved,False,False,0
4062,5,62,2024-01-01 12:11:12,42.33,EUR,approved,False,False,0
3654,104,5,2024-01-01 12:28:18,16.18,USD,approved,False,True,0
4784,152,23,2024-01-01 12:31:21,48.7,GBP,approved,False,False,0
4200,48,32,2024-01-01 12:36:44,23.92,USD,approved,False,True,0
2026,95,80,2024-01-01 12:40:45,45.07,USD,approved,False,True,0
2318,88,71,2024-01-01 13:11:36,51.73,USD,approved,False,True,0
848,11,54,2024-01-01 13:15:12,74.52,USD,approved,True,True,0
1324,178,78,2024-01-01 13:42:12,41.5,EUR,approved,False,False,0
1085,41,54,2024-01-01 14:48:18,27.18,JPY,approved,False,False,0
4935,76,2,2024-01-01 15:15:08,23.52,USD,approved,True,True,0
902,9,13,2024-01-01 15:28:23,21.03,JPY,approved,False,False,0
193,122,40,2024-01-01 15:45:46,30.36,USD,approved,False,True,0
787,7,52,2024-01-01 16:25:01,21.0,GBP,approved,False,True,0
2240,177,78,2024-01-01 17:40:42,62.35,EUR,approved,False,True,0
4244,7,76,2024-01-01 17:42:31,57.03,USD,reversed,False,True,0
4812,50,46,2024-01-01 17:43:38,14.6,USD,approved,False,True,0
4018,31,61,2024-01-01 17:45:37,22.25,EUR,declined,True,True,1
2806,194,57,2024-01-01 18:09:38,16.92,USD,approved,False,True,0
312,135,75,2024-01-01 18:20:28,50.07,GBP,approved,False,True,0
2951,7,51,2024-01-01 18:22:51,53.35,EUR,pending,True,True,0
3239,177,42,2024-01-01 19:35:18,44.18,USD,approved,False,True,0
2146,89,25,2024-01-01 19:52:57,48.85,GBP,approved,False,False,0
1959,133,24,2024-01-01 19:54:09,266.43,JPY,approved,False,False,0
3796,56,61,2024-01-01 20:15:07,7.0,JPY,approved,False,True,0
3023,78,80,2024-01-01 20:18:19,105.92,USD,approved,False,True,0
3246,162,71,2024-01-01 20:29:24,10.17,GBP,approved,False,False,0
1844,170,28,2024-01-01 20:39:47,19.12,USD,approved,False,False,0
3250,80,80,2024-01-01 20:49:38,49.21,USD,approved,True,True,0
1080,168,51,2024-01-01 20:57:59,39.96,EUR,approved,False,False,0
964,44,23,2024-01-01 21:03:04,169.38,GBP,approved,True,False,0
2256,138,54,2024-01-01 21:13:18,50.33,EUR,approved,True,True,0
4870,140,51,2024-01-01 21:42:54,36.1,USD,approved,False,False,0
2975,4,11,2024-01-01 21:59:08,12.86,USD,approved,True,False,0
1922,108,37,2024-01-01 22:13:03,186.79,USD,approved,False,True,0
2992,128,2,2024-01-01 22:21:14,15.9,USD,approved,False,True,0
4009,38,1,2024-01-01 22:29:10,44.17,USD,declined,False,True,0
1250,196,16,2024-01-01 22:29:56,67.41,JPY,approved,False,True,0
1372,69,7,2024-01-01 22:31:16,12.89,EUR,approved,False,True,0
3159,134,75,2024-01-01 22:33:23,24.3,GBP,pending,False,False,0
3057,161,49,2024-01-01 22:54:31,42.27,USD,approved,False,False,0
3978,198,24,2024-01-01 22:56:18,73.3,USD,approved,False,True,0
1188,120,78,2024-01-01 23:25:45,24.11,USD,approved,True,False,0
4495,62,47,2024-01-01 23:31:22,65.0,JPY,approved,False,False,0
4406,179,28,2024-01-01 23:37:35,18.33,USD,approved,False,False,0
3959,20,34,2024-01-01 23:38:41,22.71,USD,approved,False,False,0
356,199,66,2024-01-01 23:43:39,86.68,EUR,approved,False,True,0
3247,154,33,2024-01-01 23:56:20,32.07,JPY,approved,False,False,0
2978,180,80,2024-01-02 00:13:50,26.71,USD,approved,False,False,0
1519,99,16,2024-01-02 00:19:40,13.99,GBP,approved,False,False,0
4813,106,28,2024-01-02 00:32:42,57.9,USD,approved,True,True,0
2418,53,36,2024-01-02 00:48:56,20.15,USD,approved,False,True,0
1483,58,76,2024-01-02 00:55:19,69.96,GBP,pending,False,True,0
3143,91,33,2024-01-02 01:11:03,25.23,USD,approved,False,False,0
2540,99,51,2024-01-02 01:11:21,32.49,GBP,approved,False,True,1
1790,151,60,2024-01-02 01:41:03,34.05,USD,approved,False,True,0
4677,112,66,2024-01-02 01:42:59,81.41,USD,approved,False,False,0
3911,47,19,2024-01-02 01:45:32,23.14,USD,approved,False,True,0
4595,124,36,2024-01-02 03:55:27,49.81,EUR,approved,True,False,0
3639,17,61,2024-01-02 03:57:37,39.59,USD,approved,False,False,0
2361,130,5,2024-01-02 04:11:06,20.91,GBP,declined,True,True,0
1804,52,67,2024-01-02 04:18:27,32.33,JPY,approved,False,False,0
3711,72,20,2024-01-02 04:28:36,41.62,USD,pending,False,False,0
357,31,56,2024-01-02 04:28:49,42.59,JPY,approved,False,True,0
60,137,51,2024-01-02 04:39:09,61.97,EUR,approved,False,True,0
4454,142,65,2024-01-02 05:00:31,41.75,USD,approved,False,True,0
3533,13,26,2024-01-02 05:26:58,27.32,GBP,approved,True,True,0
3391,51,80,2024-01-02 05:31:15,26.45,GBP,approved,False,False,0
998,73,79,2024-01-02 05:39:50,14.44,USD,approved,True,True,0
3502,129,28,2024-01-02 05:51:44,52.96,USD,approved,False,False,0
746,73,2,2024-01-02 06:06:01,68.18,USD,declined,False,True,0
1873,121,80,2024-01-02 06:58:39,20.41,EUR,approved,False,True,0
4305,134,37,2024-01-02 07:09:49,33.47,USD,declined,False,True,0
4528,19,41,2024-01-02 07:12:13,44.19,EUR,approved,False,False,0
4269,9,57,2024-01-02 07:12:54,30.97,USD,approved,False,True,0
4038,123,62,2024-01-02 07:35:05,37.95,USD,reversed,False,False,0
3202,183,24,2024-01-02 07:50:05,45.28,USD,approved,True,False,0
2822,167,41,2024-01-02 08:09:40,18.97,USD,approved,False,True,0
4980,122,9,2024-01-02 08:12:50,10.85,GBP,approved,False,False,0
2164,183,64,2024-01-02 08:41:16,34.39,EUR,approved,False,False,0
4965,189,53,2024-01-02 08:49:19,15.11,EUR,approved,True,True,0
4036,7,24,2024-01-02 08:54:02,108.05,USD,approved,False,True,0
4717,178,50,2024-01-02 08:55:46,79.92,USD,approved,False,True,0
2373,13,48,2024-01-02 09:13:59,45.46,EUR,approved,False,True,0
1013,50,53,2024-01-02 09:20:29,14.56,USD,approved,False,False,0
962,82,50,2024-01-02 09:58:12,53.23,EUR,approved,False,True,0
1757,70,43,2024-01-02 10:11:11,11.25,EUR,approved,False,True,0
3296,160,56,2024-01-02 10:20:54,28.87,USD,approved,False,True,0
915,119,42,2024-01-02 10:24:22,48.7,EUR,approved,False,True,0
3609,124,59,2024-01-02 10:33:22,48.03,USD,approved,False,True,0
3282,151,32,2024-01-02 10:43:30,62.87,GBP,approved,False,True,0
5000,100,50,2024-01-02 11:13:51,43.25,USD,reversed,True,True,0
2891,30,18,2024-01-02 11:29:25,32.75,USD,approved,False,False,0
374,75,20,2024-01-02 11:34:44,89.34,JPY,approved,False,False,0
2852,79,45,2024-01-02 11:41:30,84.81,USD,approved,False,True,0
3373,62,53,2024-01-02 11:57:15,30.39,USD,approved,False,False,0
4329,10,36,2024-01-02 12:13:09,40.39,GBP,approved,False,False,0
2147,36,72,2024-01-02 12:24:11,19.53,EUR,approved,False,True,0
1144,169,78,2024-01-02 12:30:08,61.3,USD,approved,False,True,0
412,46,38,2024-01-02 12:34:49,31.71,USD,approved,False,True,0
206,54,37,2024-01-02 12:56:55,28.34,GBP,approved,False,True,0
4613,158,7,2024-01-02 12:59:50,128.82,USD,approved,False,False,0
3505,4,13,2024-01-02 13:43:59,46.0,USD,approved,True,True,0
4637,165,80,2024-01-02 14:02:15,33.71,GBP,approved,False,True,0
3175,199,2,2024-01-02 14:34:03,241.74,USD,approved,False,True,0
183,100,51,2024-01-02 14:47:54,15.02,USD,approved,False,True,0
969,185,16,2024-01-02 14:48:59,45.9,JPY,approved,False,True,0
2197,59,25,2024-01-02 15:31:26,44.43,GBP,approved,False,False,0
739,148,18,2024-01-02 16:03:29,68.35,USD,approved,False,True,0
4546,151,1,2024-01-02 17:16:27,16.87,USD,approved,False,True,0
4489,133,45,2024-01-02 17:16:37,147.6,USD,approved,True,True,0
2422,152,70,2024-01-02 17:36:12,47.33,EUR,approved,True,False,0
2483,37,38,2024-01-02 17:51:38,20.02,USD,approved,False,True,0
2548,117,66,2024-01-02 18:12:31,23.57,GBP,reversed,False,True,0
4635,21,58,2024-01-02 18:45:06,63.98,USD,approved,False,False,0
2137,109,46,2024-01-02 19:17:16,59.98,EUR,approved,False,False,0
861,194,42,2024-01-02 19:17:30,50.21,JPY,approved,True,True,0
2110,57,24,2024-01-02 19:19:55,23.8,JPY,approved,False,False,0
4976,161,16,2024-01-02 19:26:20,24.82,EUR,approved,True,False,0
1706,172,4,2024-01-02 19:36:43,21.54,USD,approved,False,False,0
3056,96,54,2024-01-02 19:43:43,15.41,GBP,approved,False,True,0
231,93,11,2024-01-02 20:00:57,49.4,GBP,approved,False,True,0
723,170,55,2024-01-02 20:31:53,28.46,USD,approved,False,False,0
4340,101,22,2024-01-02 20:36:13,21.54,EUR,approved,False,True,0
4083,154,15,2024-01-02 20:41:15,30.68,USD,approved,False,True,0
463,150,57,2024-01-02 20:54:34,107.68,USD,approved,False,True,0
3443,92,25,2024-01-02 21:01:32,149.69,USD,approved,False,True,0
3873,173,65,2024-01-02 21:10:48,18.38,GBP,approved,False,True,0
834,29,20,2024-01-02 21:28:30,99.27,USD,approved,False,False,0
1724,147,28,2024-01-02 21:45:01,50.29,EUR,approved,False,True,0
191,137,59,2024-01-02 22:18:45,15.36,USD,reversed,False,True,1
2797,175,70,2024-01-02 22:26:48,37.66,GBP,approved,False,False,0
2068,182,14,2024-01-02 22:31:54,28.3,USD,approved,False,False,0
847,32,10,2024-01-02 22:34:11,51.57,EUR,declined,False,False,0
3952,44,53,2024-01-02 23:14:47,147.49,USD,approved,False,True,0
3451,95,46,2024-01-02 23:45:36,47.24,JPY,approved,False,True,0
3754,54,58,2024-01-02 23:47:17,93.46,USD,approved,True,True,0
4693,199,48,2024-01-02 23:56:46,159.44,JPY,pending,False,False,1
1499,94,25,2024-01-03 00:23:33,61.96,EUR,approved,False,False,0
532,34,76,2024-01-03 00:25:07,12.55,USD,approved,False,True,0
4778,150,32,2024-01-03 00:45:51,44.17,JPY,approved,False,False,0
493,151,15,2024-01-03 00:58:41,62.75,USD,declined,False,True,0
2952,102,17,2024-01-03 01:01:49,33.01,JPY,approved,False,False,0
252,99,34,2024-01-03 01:18:35,153.06,USD,approved,True,True,0
877,108,74,2024-01-03 01:31:26,12.43,GBP,approved,False,True,0
3429,156,45,2024-01-03 02:43:37,52.3,EUR,approved,False,True,0
4926,19,39,2024-01-03 03:07:03,14.98,JPY,pending,False,True,0
2362,151,60,2024-01-03 03:13:10,43.91,USD,approved,False,True,0
2112,135,64,2024-01-03 03:44:07,7.64,USD,approved,False,True,0
1403,60,25,2024-01-03 03:46:08,46.02,USD,approved,False,False,0
3871,10,1,2024-01-03 04:23:59,36.22,EUR,approved,False,True,0
2486,73,69,2024-01-03 04:30:37,34.08,EUR,approved,True,True,0
4191,86,11,2024-01-03 05:12:04,28.24,EUR,approved,False,False,0
925,50,73,2024-01-03 06:08:14,38.07,EUR,approved,False,False,0
648,108,77,2024-01-03 06:34:38,67.66,USD,approved,False,True,0
3094,49,20,2024-01-03 06:35:59,20.17,USD,approved,False,True,0
3541,147,41,2024-01-03 06:44:40,33.63,JPY,declined,False,True,0
4702,12,17,2024-01-03 06:52:35,18.88,USD,approved,False,True,0
684,192,35,2024-01-03 06:58:24,26.64,EUR,declined,False,True,0
1222,111,25,2024-01-03 07:12:24,35.92,USD,declined,False,False,0
839,3,23,2024-01-03 07:20:30,126.71,USD,approved,False,True,0
4890,97,43,2024-01-03 07:28:47,37.62,EUR,approved,True,True,0
2447,155,12,2024-01-03 07:46:39,13.76,USD,approved,False,False,0
800,89,34,2024-01-03 07:48:21,29.29,USD,approved,False,True,0
3859,66,23,2024-01-03 08:04:15,18.86,USD,approved,False,True,0
1552,171,66,2024-01-03 08:20:56,110.87,USD,approved,False,False,1
637,48,21,2024-01-03 08:23:46,66.34,GBP,approved,True,False,0
2625,185,71,2024-01-03 08:57:55,64.76,JPY,approved,False,True,1
348,188,38,2024-01-03 09:11:36,75.45,USD,approved,False,True,0
1772,76,55,2024-01-03 09:13:25,125.54,GBP,approved,False,True,0
1502,53,78,2024-01-03 09:18:45,28.22,USD,pending,True,True,0
66,66,56,2024-01-03 09:43:22,28.57,GBP,approved,False,False,0
3097,35,27,2024-01-03 10:23:47,31.65,USD,declined,False,True,0
2063,30,79,2024-01-03 10:25:27,65.52,EUR,approved,False,True,0
3835,29,76,2024-01-03 10:37:15,37.39,USD,approved,True,True,0
1089,131,32,2024-01-03 10:40:24,25.68,EUR,approved,True,True,0
4512,105,44,2024-01-03 10:54:48,60.95,GBP,approved,False,True,0
2316,1,34,2024-01-03 11:52:28,63.89,USD,approved,False,True,1
613,157,52,2024-01-03 12:08:17,146.02,GBP,approved,True,True,0
10,19,23,2024-01-03 12:18:34,52.38,USD,approved,False,False,0
4953,157,5,2024-01-03 12:22:52,138.43,USD,approved,False,False,1
352,9,41,2024-01-03 12:41:10,61.99,JPY,approved,False,False,0
1710,43,40,2024-01-03 12:53:48,38.69,USD,approved,False,True,0
3016,92,13,2024-01-03 13:00:58,72.81,USD,approved,False,True,0
2538,100,53,2024-01-03 13:02:20,35.51,USD,approved,False,True,0
3963,132,71,2024-01-03 13:12:42,66.53,USD,approved,True,True,0
634,76,23,2024-01-03 13:20:57,102.53,EUR,approved,False,False,0
4415,99,41,2024-01-03 14:00:27,19.75,EUR,declined,False,False,0
1860,148,66,2024-01-03 14:21:58,107.67,USD,approved,False,True,0
507,107,9,2024-01-03 14:53:33,32.36,USD,approved,True,False,0
135,159,59,2024-01-03 15:16:46,17.43,USD,approved,True,True,1
2929,38,75,2024-01-03 15:40:36,58.1,GBP,approved,False,True,0
2217,91,49,2024-01-03 15:47:55,43.78,USD,approved,False,True,0
4109,103,28,2024-01-03 15:56:32,13.55,USD,approved,False,True,0
2550,26,64,2024-01-03 16:03:52,56.39,EUR,approved,False,False,0
3012,102,15,2024-01-03 16:18:49,28.11,EUR,approved,False,True,0
3648,121,5,2024-01-03 16:39:20,20.56,USD,approved,False,False,0
903,44,8,2024-01-03 16:41:23,32.69,USD,approved,False,True,0
283,135,67,2024-01-03 17:22:34,28.74,USD,approved,False,False,0
3367,125,28,2024-01-03 17:51:48,39.44,USD,approved,False,False,0
2381,36,55,2024-01-03 18:00:53,32.69,USD,approved,False,True,0
3358,176,53,2024-01-03 18:30:27,40.63,USD,approved,False,True,0
1278,155,63,2024-01-03 18:32:17,50.97,USD,approved,True,True,0
436,25,80,2024-01-03 19:00:43,81.74,EUR,approved,False,True,1
4642,7,58,2024-01-03 19:27:02,22.01,JPY,approved,False,True,0
2390,175,61,2024-01-03 19:38:11,64.4,EUR,approved,False,True,0
3736,41,48,2024-01-03 19:47:55,22.72,USD,approved,True,False,0
1944,7,36,2024-01-03 19:53:43,18.79,USD,reversed,False,True,0
2259,1,12,2024-01-03 19:58:31,31.32,USD,declined,False,False,0
737,147,24,2024-01-03 20:01:25,47.16,USD,approved,False,False,0
1195,106,26,2024-01-03 20:18:39,21.31,GBP,approved,False,True,0
1890,90,71,2024-01-03 20:56:24,9.76,GBP,approved,False,True,0
4644,14,22,2024-01-03 21:24:35,6.88,GBP,approved,False,False,0
3077,22,43,2024-01-03 21:38:10,53.62,USD,approved,False,False,0
3046,177,26,2024-01-03 21:51:42,31.3,USD,approved,False,True,0
4371,112,27,2024-01-03 21:59:22,78.6,EUR,approved,False,True,0
1974,69,55,2024-01-03 22:07:20,41.29,USD,approved,False,True,0
2619,132,21,2024-01-03 22:10:22,29.5,USD,declined,False,False,0
4416,89,35,2024-01-03 22:19:20,48.23,USD,approved,True,True,0
1329,136,7,2024-01-03 22:25:04,95.45,EUR,approved,False,True,1
4212,143,26,2024-01-03 22:38:50,54.74,JPY,approved,False,True,0
276,97,17,2024-01-03 22:40:47,40.4,JPY,approved,True,True,0
4743,86,43,2024-01-03 22:45:34,33.15,GBP,approved,True,True,0
4039,62,79,2024-01-03 22:56:19,21.46,EUR,declined,False,False,0
3522,67,77,2024-01-03 23:25:32,20.41,JPY,approved,False,True,0
2179,126,32,2024-01-03 23:26:12,59.51,USD,approved,False,False,0
3454,70,49,2024-01-03 23:27:00,50.34,EUR,declined,False,False,0
3351,32,11,2024-01-03 23:30:17,58.05,USD,approved,False,True,0
1908,33,3,2024-01-03 23:45:32,102.05,USD,approved,False,False,0
370,155,23,2024-01-04 00:02:07,14.26,EUR,approved,False,True,0
1141,177,26,2024-01-04 00:27:00,41.78,USD,approved,False,False,0
2903,173,27,2024-01-04 00:37:11,27.59,EUR,approved,False,True,0
113,112,80,2024-01-04 00:39:55,22.67,EUR,approved,True,True,0
3486,6,39,2024-01-04 00:59:49,50.7,USD,approved,False,True,0
1997,111,28,2024-01-04 01:00:27,52.85,USD,approved,False,False,0
3095,182,28,2024-01-04 02:38:43,25.38,USD,approved,False,True,0
4753,162,64,2024-01-04 03:11:16,15.96,EUR,approved,False,True,0
930,116,21,2024-01-04 03:15:29,22.76,USD,approved,False,False,0
944,95,53,2024-01-04 03:34:23,27.3,EUR,approved,True,True,0
414,27,72,2024-01-04 04:30:14,39.17,USD,approved,False,True,0
3555,83,76,2024-01-04 04:41:36,31.03,USD,approved,True,False,0
3568,31,11,2024-01-04 04:41:41,110.3,USD,declined,False,True,1
1400,60,75,2024-01-04 04:50:24,23.66,GBP,approved,False,False,0
4016,29,16,2024-01-04 04:54:04,70.71,USD,approved,False,False,0
2560,118,77,2024-01-04 05:18:35,28.47,EUR,approved,False,True,0
310,22,37,2024-01-04 05:21:16,23.74,USD,approved,False,False,0
4520,86,75,2024-01-04 05:45:25,41.41,USD,approved,False,False,0
1406,32,74,2024-01-04 06:08:32,32.85,EUR,approved,False,True,0
2105,175,23,2024-01-04 06:13:03,32.31,USD,approved,False,False,0
1214,174,27,2024-01-04 06:22:51,31.39,JPY,reversed,False,True,0
2526,65,8,2024-01-04 06:32:16,47.89,JPY,approved,False,True,0
504,174,58,2024-01-04 06:58:07,55.08,EUR,approved,False,False,0
3384,183,58,2024-01-04 07:44:47,54.15,USD,approved,False,False,0
3407,72,8,2024-01-04 07:57:27,79.99,GBP,approved,False,True,0
1618,102,48,2024-01-04 08:13:09,82.48,USD,approved,False,True,0
4768,2,28,2024-01-04 08:19:06,40.54,GBP,approved,False,True,0
455,120,25,2024-01-04 08:36:08,16.13,USD,approved,False,False,0
2250,85,54,2024-01-04 08:57:02,41.5,GBP,pending,True,True,0
4208,188,53,2024-01-04 09:36:55,53.78,GBP,approved,False,False,0
2185,127,19,2024-01-04 09:56:32,14.34,EUR,approved,False,True,0
4227,90,58,2024-01-04 10:17:58,75.55,EUR,approved,False,False,0
1049,134,15,2024-01-04 10:18:32,70.23,EUR,declined,False,True,0
3674,1,2,2024-01-04 10:31:25,112.22,USD,approved,True,True,0
2401,2,60,2024-01-04 10:53:03,10.36,USD,approved,False,True,0
1894,143,55,2024-01-04 10:57:56,28.67,USD,approved,False,False,0
3762,102,42,2024-01-04 11:35:33,15.91,USD,approved,False,False,0
274,192,38,2024-01-04 11:44:00,59.08,EUR,approved,False,False,0
3041,80,72,2024-01-04 12:05:46,46.07,USD,approved,False,False,0
4532,26,22,2024-01-04 12:06:48,19.81,EUR,declined,False,True,0
2633,183,80,2024-01-04 12:08:45,93.2,USD,approved,False,True,0
3976,139,9,2024-01-04 12:11:48,52.31,GBP,approved,True,True,0
2791,188,76,2024-01-04 12:31:17,29.47,USD,approved,False,False,0
2182,49,65,2024-01-04 12:33:02,69.59,USD,approved,True,True,0
1477,99,20,2024-01-04 13:01:16,41.97,EUR,approved,False,True,0
2032,36,61,2024-01-04 13:34:51,16.36,GBP,approved,False,True,0
3786,111,42,2024-01-04 13:35:26,38.06,USD,approved,False,True,0
2183,122,5,2024-01-04 13:52:35,29.12,USD,approved,True,False,0
1520,93,4,2024-01-04 13:54:53,71.76,USD,approved,False,False,0
1258,112,56,2024-01-04 14:51:33,29.6,USD,approved,False,False,0
771,131,27,2024-01-04 15:03:03,23.46,EUR,declined,False,False,0
2194,44,70,2024-01-04 15:03:19,123.59,EUR,reversed,False,False,1
1418,88,9,2024-01-04 15:38:32,9.54,USD,approved,False,True,0
4128,19,66,2024-01-04 15:47:46,30.85,GBP,approved,False,True,0
4688,58,35,2024-01-04 15:52:36,27.5,USD,approved,False,False,0
301,73,6,2024-01-04 16:00:12,6.89,EUR,approved,False,False,0
1093,169,15,2024-01-04 16:17:27,37.07,USD,approved,False,True,0
3549,62,8,2024-01-04 16:29:12,50.08,EUR,approved,False,True,0
1287,182,6,2024-01-04 16:35:41,20.83,USD,approved,False,False,0
2010,127,58,2024-01-04 16:44:07,41.73,EUR,approved,False,True,0
4387,53,64,2024-01-04 16:44:18,40.85,EUR,approved,False,False,0
951,19,33,2024-01-04 16:53:51,32.53,GBP,declined,False,True,0
238,87,66,2024-01-04 17:27:16,21.01,JPY,approved,True,False,0
3264,173,51,2024-01-04 17:30:57,20.1,USD,approved,True,True,1
1104,31,8,2024-01-04 18:12:49,49.08,JPY,approved,False,False,0
1444,87,65,2024-01-04 18:16:40,72.88,USD,approved,False,True,0
4563,5,53,2024-01-04 18:51:50,22.6,USD,approved,True,False,0
4971,172,16,2024-01-04 18:53:43,71.22,USD,approved,False,True,0
31,91,26,2024-01-04 18:54:29,36.37,USD,approved,False,True,0
168,34,16,2024-01-04 18:57:45,16.21,EUR,approved,False,False,0
1800,105,52,2024-01-04 19:06:12,23.45,JPY,pending,False,False,0
2195,132,60,2024-01-04 19:41:26,47.38,USD,pending,False,True,0
2744,190,17,2024-01-04 20:26:25,86.28,USD,approved,False,True,0
4331,38,9,2024-01-04 20:29:38,27.12,JPY,reversed,False,False,0
2943,153,46,2024-01-04 20:41:06,70.83,GBP,approved,False,True,0
3980,31,43,2024-01-04 21:40:05,21.03,GBP,approved,False,False,0
3068,142,44,2024-01-04 21:43:28,49.42,EUR,approved,False,True,0
120,23,3,2024-01-04 21:58:15,66.57,USD,reversed,False,False,0
2144,123,12,2024-01-04 22:07:03,91.72,EUR,approved,False,True,0
3279,199,14,2024-01-04 22:17:51,90.59,USD,approved,True,False,0
920,128,74,2024-01-04 22:37:50,33.3,USD,reversed,True,True,0
2242,133,50,2024-01-04 22:54:36,151.72,GBP,approved,False,False,0
901,1,75,2024-01-04 23:31:57,53.72,EUR,approved,False,True,0
4055,2,78,2024-01-05 00:13:39,27.82,USD,declined,False,True,0
3447,65,40,2024-01-05 00:14:13,12.06,USD,declined,False,True,1
1933,167,6,2024-01-05 00:30:51,28.47,USD,approved,False,True,0
724,24,43,2024-01-05 00:32:52,30.56,EUR,approved,False,True,0
2168,169,58,2024-01-05 00:42:38,87.49,USD,approved,False,False,0
3091,69,42,2024-01-05 00:47:20,48.15,USD,approved,True,True,0
2549,95,38,2024-01-05 01:20:44,41.5,USD,approved,True,False,0
4111,1,13,2024-01-05 01:45:41,15.92,USD,approved,False,False,0
3625,167,19,2024-01-05 02:53:14,56.15,USD,approved,False,False,0
4370,106,80,2024-01-05 03:37:23,93.21,USD,approved,False,True,0
3977,129,62,2024-01-05 03:37:49,70.56,GBP,approved,False,True,0
3003,186,22,2024-01-05 03:42:57,41.59,USD,approved,False,False,0
4663,32,8,2024-01-05 04:17:46,43.38,USD,declined,False,False,0
1492,98,45,2024-01-05 04:30:55,30.39,USD,approved,False,True,0
1204,153,16,2024-01-05 04:45:10,52.57,USD,approved,False,False,0
1296,103,57,2024-01-05 04:48:09,29.85,EUR,declined,True,False,0
3563,85,79,2024-01-05 05:01:11,24.87,USD,approved,False,False,0
1175,2,38,2024-01-05 05:07:03,14.03,EUR,declined,False,True,0
1257,45,50,2024-01-05 05:19:07,16.81,JPY,approved,False,False,0
3294,58,3,2024-01-05 05:34:21,17.53,USD,approved,False,False,0
3512,116,6,2024-01-05 05:40:57,21.0,EUR,approved,True,True,0
65,83,42,2024-01-05 05:52:13,32.72,USD,approved,False,False,0
4596,9,39,2024-01-05 06:02:07,14.64,EUR,approved,False,False,0
3459,169,33,2024-01-05 06:07:11,53.09,USD,approved,False,False,0
229,110,7,2024-01-05 06:26:49,96.57,USD,approved,False,True,0
4747,154,20,2024-01-05 06:26:58,31.83,USD,approved,False,False,0
2617,199,50,2024-01-05 06:34:04,135.39,USD,approved,False,False,0
2472,20,78,2024-01-05 06:35:48,30.63,USD,approved,False,True,1
1749,161,30,2024-01-05 06:37:22,48.99,USD,approved,False,False,0
3199,196,42,2024-01-05 06:46:30,12.9,USD,approved,False,True,0
2543,192,30,2024-01-05 06:46:54,27.38,GBP,pending,False,True,0
692,160,48,2024-01-05 06:50:32,68.97,GBP,approved,False,False,0
25,157,70,2024-01-05 07:01:28,50.7,USD,approved,False,True,1
1446,8,61,2024-01-05 07:02:39,54.11,EUR,approved,False,True,0
3695,80,37,2024-01-05 07:20:18,93.11,USD,approved,False,False,0
1624,4,75,2024-01-05 07:35:40,20.51,EUR,approved,False,False,0
635,37,62,2024-01-05 08:08:46,16.5,EUR,approved,True,False,0
1522,143,7,2024-01-05 08:11:21,34.75,USD,approved,False,False,0
418,25,14,2024-01-05 08:15:20,61.36,USD,approved,True,True,1
1374,85,59,2024-01-05 08:49:11,48.64,GBP,approved,False,False,0
4553,20,40,2024-01-05 09:20:15,41.85,EUR,declined,False,True,0
1679,185,73,2024-01-05 09:56:12,91.06,USD,approved,False,True,1
439,17,34,2024-01-05 10:02:35,192.56,EUR,approved,False,True,0
2850,73,17,2024-01-05 10:04:40,16.18,USD,approved,False,True,0
2161,162,4,2024-01-05 10:11:10,35.95,EUR,approved,False,True,0
3427,97,21,2024-01-05 10:37:55,44.09,USD,approved,False,True,0
3983,135,70,2024-01-05 10:40:02,75.89,USD,approved,False,True,0
319,188,62,2024-01-05 10:54:23,16.59,USD,approved,False,False,0
4432,18,16,2024-01-05 11:04:02,42.25,USD,approved,False,False,0
749,63,74,2024-01-05 11:17:24,75.55,USD,approved,False,True,0
3829,137,51,2024-01-05 11:21:59,45.05,USD,approved,False,False,0
293,191,28,2024-01-05 11:45:37,88.03,USD,declined,True,False,0
1923,166,38,2024-01-05 11:56:08,7.37,USD,approved,False,False,0
4125,158,1,2024-01-05 12:13:41,17.41,USD,approved,False,False,0
3878,50,24,2024-01-05 12:21:22,17.41,EUR,declined,False,False,0
3692,126,76,2024-01-05 13:28:23,32.16,EUR,approved,False,True,0
2415,75,20,2024-01-05 13:58:33,148.76,GBP,approved,True,False,0
2158,127,60,2024-01-05 14:13:51,49.0,GBP,approved,False,False,0
4022,10,48,2024-01-05 14:57:57,68.08,JPY,declined,False,True,1
603,148,1,2024-01-05 15:12:10,49.51,USD,approved,False,True,0
420,102,52,2024-01-05 15:21:15,17.72,USD,declined,False,False,0
2663,30,34,2024-01-05 15:55:55,65.33,JPY,approved,False,False,0
4197,111,74,2024-01-05 16:08:36,26.35,EUR,approved,False,True,0
2807,58,19,2024-01-05 16:17:32,25.67,USD,approved,False,True,0
4614,105,33,2024-01-05 16:19:31,36.01,EUR,declined,False,False,0
2143,193,80,2024-01-05 17:24:03,100.49,EUR,approved,False,True,0
1240,9,22,2024-01-05 17:46:37,94.67,USD,approved,True,True,0
2659,135,51,2024-01-05 17:54:04,43.09,USD,approved,False,False,0
3108,74,36,2024-01-05 18:06:49,35.44,USD,approved,False,True,0
2613,37,37,2024-01-05 18:29:13,28.01,USD,approved,False,True,0
1213,93,47,2024-01-05 18:29:25,15.87,JPY,approved,False,True,0
4701,178,3,2024-01-05 18:43:50,46.95,EUR,approved,True,True,0
3809,104,62,2024-01-05 18:59:13,20.15,GBP,approved,False,True,0
4754,175,18,2024-01-05 19:04:55,26.76,USD,approved,False,True,0
2534,35,42,2024-01-05 19:33:39,11.25,USD,approved,False,False,0
1268,75,4,2024-01-05 19:38:30,80.48,EUR,pending,False,True,0
3585,151,16,2024-01-05 19:57:23,24.3,USD,approved,False,False,0
2003,80,78,2024-01-05 20:34:37,27.49,GBP,approved,False,True,0
3337,105,32,2024-01-05 21:19:14,36.41,USD,approved,True,True,0
4303,27,45,2024-01-05 21:26:40,12.61,USD,approved,False,False,0
1916,104,73,2024-01-05 21:33:47,45.25,USD,approved,False,True,0
2231,127,46,2024-01-05 22:08:10,59.02,USD,approved,False,True,0
3211,193,55,2024-01-05 22:47:10,144.58,USD,approved,False,True,0
881,18,13,2024-01-05 23:03:15,22.6,USD,approved,False,False,0
171,22,49,2024-01-05 23:30:05,38.75,GBP,approved,False,False,0
3105,141,15,2024-01-06 00:26:28,21.69,USD,approved,False,True,0
4089,197,12,2024-01-06 00:37:09,23.47,USD,approved,False,False,0
2477,105,77,2024-01-06 00:43:21,15.03,USD,approved,False,False,0
2471,179,59,2024-01-06 01:11:05,35.95,USD,approved,False,False,0
940,102,15,2024-01-06 01:15:22,89.36,USD,approved,False,True,0
3060,55,73,2024-01-06 01:36:45,43.0,GBP,declined,False,True,0
446,133,29,2024-01-06 01:39:01,97.95,USD,approved,False,True,0
2286,167,66,2024-01-06 01:43:24,33.16,EUR,approved,False,True,0
4288,162,4,2024-01-06 02:09:43,34.86,USD,approved,False,True,0
1025,165,40,2024-01-06 02:13:53,88.63,GBP,approved,False,True,0
3470,174,6,2024-01-06 02:50:11,31.2,USD,declined,False,False,0
963,169,67,2024-01-06 03:15:07,23.62,USD,approved,False,True,0
2222,31,53,2024-01-06 03:23:55,23.1,GBP,approved,True,False,1
2312,14,7,2024-01-06 04:02:11,28.14,GBP,approved,True,True,0
3571,160,75,2024-01-06 04:21:58,17.84,USD,approved,False,True,0
4463,118,33,2024-01-06 04:42:45,108.1,EUR,reversed,False,True,0
304,180,34,2024-01-06 05:53:45,22.34,USD,approved,False,True,0
2568,127,19,2024-01-06 06:04:00,57.97,JPY,approved,False,False,0
4874,118,30,2024-01-06 06:05:31,17.34,USD,approved,False,False,0
600,129,62,2024-01-06 06:59:38,16.59,USD,approved,False,True,0
1560,172,9,2024-01-06 07:29:33,23.57,USD,approved,False,True,0
1915,66,16,2024-01-06 07:36:04,100.91,USD,approved,False,True,0
774,144,2,2024-01-06 07:38:19,20.27,GBP,approved,True,True,0
872,41,38,2024-01-06 07:59:16,27.14,GBP,approved,False,True,0
2685,102,42,2024-01-06 08:02:02,34.29,USD,approved,False,True,0
459,169,42,2024-01-06 08:06:55,28.7,USD,reversed,False,True,0
3490,143,58,2024-01-06 08:24:19,95.68,EUR,approved,True,True,0
4401,76,39,2024-01-06 08:33:40,20.67,USD,approved,False,True,0
1438,131,23,2024-01-06 09:01:36,25.3,USD,approved,False,False,0
2492,53,58,2024-01-06 09:27:52,39.03,USD,approved,False,True,0
501,23,76,2024-01-06 10:02:15,18.35,USD,approved,True,True,0
4732,138,10,2024-01-06 10:53:07,43.1,USD,approved,False,True,0
4086,127,80,2024-01-06 10:55:36,28.82,JPY,approved,False,True,0
3767,136,18,2024-01-06 11:34:30,55.28,EUR,approved,False,True,0
4987,194,40,2024-01-06 11:54:31,47.88,GBP,approved,False,True,0
2019,144,38,2024-01-06 12:02:17,27.09,EUR,approved,False,True,0
955,158,55,2024-01-06 12:26:49,16.31,USD,approved,False,True,0
4564,38,80,2024-01-06 12:57:37,13.34,EUR,approved,False,False,0
1780,137,22,2024-01-06 13:03:59,22.09,GBP,approved,False,False,0
3615,151,15,2024-01-06 13:06:13,36.59,USD,approved,False,True,0
2096,156,80,2024-01-06 13:26:17,19.45,EUR,approved,False,True,0
1081,185,72,2024-01-06 13:31:22,127.04,USD,approved,False,False,0
2612,186,13,2024-01-06 13:34:01,26.57,GBP,declined,False,False,0
3198,163,55,2024-01-06 13:42:55,86.64,EUR,approved,False,True,0
3727,22,72,2024-01-06 13:53:22,100.98,USD,approved,False,False,0
3573,138,73,2024-01-06 14:01:24,38.94,EUR,approved,False,True,0
3492,128,22,2024-01-06 14:54:36,56.61,USD,approved,False,False,0
3685,196,55,2024-01-06 14:56:35,10.62,USD,approved,False,True,0
1991,107,46,2024-01-06 15:02:38,27.18,USD,declined,True,False,1
1571,16,68,2024-01-06 15:30:39,25.38,USD,approved,False,True,0
2919,170,5,2024-01-06 15:40:56,106.83,USD,declined,False,True,1
642,184,24,2024-01-06 15:48:11,22.47,GBP,approved,False,False,0
3837,40,24,2024-01-06 15:50:38,38.44,USD,declined,False,True,0
3726,199,53,2024-01-06 15:50:58,139.53,EUR,reversed,False,False,1
4141,146,41,2024-01-06 15:55:04,66.77,EUR,approved,False,False,0
1672,114,29,2024-01-06 16:04:22,25.59,USD,approved,False,False,0
1510,137,3,2024-01-06 16:38:42,28.25,USD,declined,False,False,0
2833,61,33,2024-01-06 16:38:45,182.13,GBP,approved,False,False,0
3292,93,21,2024-01-06 17:10:50,42.9,USD,approved,False,True,0
3543,18,38,2024-01-06 17:12:56,37.96,EUR,approved,False,True,0
2371,9,61,2024-01-06 17:19:58,41.34,EUR,approved,False,False,0
4003,8,54,2024-01-06 17:36:31,24.07,USD,declined,False,True,0
4877,83,79,2024-01-06 17:48:45,50.07,USD,approved,False,False,0
2915,82,11,2024-01-06 18:34:13,13.53,USD,approved,True,False,0
1235,128,61,2024-01-06 19:10:07,61.13,USD,approved,False,True,0
2991,92,20,2024-01-06 19:50:43,32.01,USD,approved,False,True,0
2170,196,74,2024-01-06 20:18:31,26.96,GBP,approved,False,False,0
2963,195,48,2024-01-06 20:28:09,49.83,USD,approved,False,False,0
799,64,46,2024-01-06 20:42:24,45.28,USD,declined,False,True,0
1869,7,60,2024-01-06 20:52:35,101.31,USD,declined,False,False,0
4840,187,33,2024-01-06 21:10:28,7.36,USD,declined,False,True,0
3659,67,19,2024-01-06 21:37:57,12.57,USD,approved,False,False,0
2521,89,13,2024-01-06 21:43:37,66.8,GBP,approved,True,False,1
4826,84,31,2024-01-06 21:54:36,49.09,USD,approved,False,True,0
3495,186,25,2024-01-06 22:09:05,17.15,GBP,reversed,False,False,0
1411,13,68,2024-01-06 23:00:20,17.65,JPY,approved,False,True,0
3291,81,35,2024-01-06 23:12:51,28.88,GBP,approved,False,False,0
3930,148,14,2024-01-06 23:15:46,147.8,USD,approved,True,False,0
1404,65,74,2024-01-06 23:24:00,22.51,JPY,approved,False,True,1
1383,70,49,2024-01-06 23:35:14,23.71,EUR,approved,False,True,0
2159,163,13,2024-01-07 00:40:28,42.52,USD,approved,False,False,0
1698,30,62,2024-01-07 00:47:36,27.97,GBP,approved,False,False,0
1030,67,23,2024-01-07 00:55:13,41.39,USD,pending,False,True,0
1588,16,40,2024-01-07 00:58:11,34.46,GBP,approved,False,True,0
1275,153,46,2024-01-07 01:04:22,31.87,USD,approved,False,True,0
2184,129,27,2024-01-07 01:14:39,63.73,USD,approved,False,True,0
3720,53,60,2024-01-07 01:31:27,20.36,USD,approved,False,False,0
2815,40,37,2024-01-07 01:34:32,13.01,USD,approved,False,True,0
2051,35,80,2024-01-07 01:39:50,37.72,JPY,approved,False,False,0
4158,61,40,2024-01-07 02:07:06,58.76,EUR,approved,False,True,0
4050,92,59,2024-01-07 02:39:57,172.65,USD,pending,False,True,1
4081,181,74,2024-01-07 03:20:47,8.46,GBP,approved,False,True,0
2516,164,23,2024-01-07 03:21:25,37.99,USD,reversed,False,True,0
3597,68,80,2024-01-07 03:40:46,24.59,USD,approved,False,True,0
2866,8,41,2024-01-07 03:43:34,10.43,GBP,pending,False,True,0
823,28,70,2024-01-07 03:45:12,78.17,JPY,approved,False,False,0
4988,185,29,2024-01-07 03:49:20,96.38,JPY,declined,False,False,0
1861,148,59,2024-01-07 04:08:28,28.63,USD,approved,False,True,0
4842,25,32,2024-01-07 04:17:28,19.77,USD,approved,False,True,0
1982,125,48,2024-01-07 04:36:11,28.51,USD,approved,True,False,0
3499,25,49,2024-01-07 04:37:02,27.61,EUR,declined,False,True,0
3760,113,3,2024-01-07 04:37:29,10.11,JPY,approved,False,True,0
3791,23,44,2024-01-07 04:41:58,19.11,JPY,approved,False,True,0
2805,35,61,2024-01-07 04:45:33,31.16,USD,approved,False,True,0
442,61,41,2024-01-07 04:48:17,56.7,GBP,approved,False,True,0
4605,43,35,2024-01-07 04:59:38,41.49,USD,approved,False,False,0
2901,102,10,2024-01-07 05:20:12,28.7,EUR,approved,False,True,0
2175,47,10,2024-01-07 05:30:13,43.91,USD,approved,True,False,0
3857,72,12,2024-01-07 05:32:48,37.95,GBP,declined,False,True,0
1430,158,12,2024-01-07 05:36:49,43.24,USD,approved,False,False,0
1691,155,37,2024-01-07 05:36:54,58.51,EUR,approved,False,True,0
2261,5,17,2024-01-07 05:56:58,52.85,USD,approved,False,False,0
498,75,40,2024-01-07 06:02:24,84.07,JPY,pending,False,True,0
1006,185,20,2024-01-07 06:10:47,90.47,GBP,approved,False,True,0
1270,10,58,2024-01-07 06:38:06,63.76,USD,reversed,False,True,1
924,30,78,2024-01-07 06:39:36,30.29,USD,declined,False,True,0
2705,14,76,2024-01-07 06:48:36,51.86,USD,reversed,False,False,0
2950,104,7,2024-01-07 07:03:10,28.17,EUR,pending,False,False,0
391,150,15,2024-01-07 07:21:04,37.44,USD,declined,False,False,0
4835,196,10,2024-01-07 07:52:09,35.34,USD,declined,False,False,1
3359,38,55,2024-01-07 08:49:27,36.52,USD,approved,False,False,0
1379,101,47,2024-01-07 09:17:43,34.25,EUR,approved,False,True,0
2591,15,10,2024-01-07 09:31:35,60.44,EUR,pending,True,False,0
448,192,33,2024-01-07 09:42:58,47.67,EUR,approved,False,False,0
476,157,43,2024-01-07 10:10:56,118.38,EUR,approved,True,True,0
245,126,29,2024-01-07 10:19:24,55.08,USD,approved,False,True,0
2149,170,23,2024-01-07 10:37:23,37.51,USD,declined,True,False,0
4918,55,29,2024-01-07 10:47:52,34.3,GBP,approved,False,True,0
3125,89,61,2024-01-07 11:06:23,26.18,USD,approved,False,True,0
309,64,6,2024-01-07 11:26:06,16.96,EUR,approved,False,True,0
4483,168,2,2024-01-07 11:33:08,27.73,EUR,approved,False,False,0
3228,76,41,2024-01-07 11:46:13,59.15,JPY,approved,False,True,0
3215,113,5,2024-01-07 12:04:30,20.02,USD,approved,False,False,0
3204,29,53,2024-01-07 12:07:14,23.85,EUR,approved,False,True,0
1824,176,11,2024-01-07 12:35:14,29.67,USD,approved,True,True,0
2391,91,80,2024-01-07 13:09:07,67.63,USD,declined,False,False,0
1751,187,59,2024-01-07 13:14:39,37.25,EUR,approved,False,True,0
1794,56,6,2024-01-07 13:17:08,31.71,GBP,approved,False,True,0
1126,169,20,2024-01-07 13:48:35,19.29,EUR,approved,False,True,0
3628,48,66,2024-01-07 13:59:28,43.42,USD,approved,False,True,0
485,93,43,2024-01-07 14:14:10,76.61,USD,approved,False,True,0
4354,83,9,2024-01-07 14:26:34,52.66,EUR,approved,False,True,0
926,190,9,2024-01-07 16:00:47,13.88,EUR,approved,False,False,0
61,185,44,2024-01-07 16:32:52,124.03,USD,approved,False,True,0
157,26,75,2024-01-07 17:00:20,22.73,USD,approved,False,True,0
3212,56,8,2024-01-07 17:06:19,82.86,GBP,approved,False,False,0
1705,184,72,2024-01-07 17:08:44,63.06,USD,approved,False,True,0
2854,18,43,2024-01-07 17:50:23,17.07,USD,approved,False,True,0
2648,158,3,2024-01-07 17:51:50,41.63,JPY,approved,False,False,0
1153,87,53,2024-01-07 18:24:01,17.24,GBP,approved,False,False,0
1647,69,12,2024-01-07 18:35:37,21.88,USD,approved,False,True,0
3218,86,74,2024-01-07 19:05:23,26.04,USD,approved,False,False,0
4452,51,27,2024-01-07 19:13:44,31.96,USD,approved,False,False,0
1591,148,1,2024-01-07 19:22:56,73.56,EUR,approved,False,True,0
4907,58,71,2024-01-07 19:25:03,60.53,GBP,approved,False,False,0
3049,34,59,2024-01-07 19:31:19,72.18,USD,approved,False,True,0
1440,192,27,2024-01-07 19:33:31,14.78,EUR,approved,True,False,0
4074,189,54,2024-01-07 20:30:21,75.83,GBP,approved,False,True,0
1384,180,3,2024-01-07 20:30:58,13.55,EUR,approved,False,True,0
2260,199,16,2024-01-07 20:47:27,138.82,EUR,approved,True,True,0
3627,155,63,2024-01-07 21:06:12,56.28,USD,reversed,False,True,0
4177,61,6,2024-01-07 21:06:18,98.46,EUR,approved,False,False,1
2119,110,35,2024-01-07 21:28:15,69.13,USD,approved,True,False,0
2452,179,64,2024-01-07 22:14:59,69.73,USD,approved,False,True,0
1583,104,50,2024-01-07 22:16:35,25.16,USD,approved,False,False,0
572,84,56,2024-01-07 23:11:20,34.47,USD,approved,False,True,0
2717,87,54,2024-01-07 23:19:17,66.6,GBP,reversed,False,True,0
1022,15,24,2024-01-07 23:32:27,56.9,JPY,approved,True,False,0
4700,5,63,2024-01-08 00:14:08,35.54,JPY,approved,False,False,0
4785,169,38,2024-01-08 00:18:38,21.65,USD,approved,True,True,0
851,197,14,2024-01-08 01:26:26,23.88,JPY,approved,False,False,0
1781,10,71,2024-01-08 01:43:43,25.32,USD,approved,False,False,0
1437,86,66,2024-01-08 02:00:21,33.75,USD,approved,False,True,0
1567,194,9,2024-01-08 02:59:17,86.08,EUR,approved,False,True,0
2245,143,59,2024-01-08 03:19:57,27.63,EUR,approved,False,False,0
3747,90,7,2024-01-08 03:24:38,22.28,EUR,pending,False,True,0
4110,65,21,2024-01-08 03:55:36,88.82,EUR,approved,False,True,0
882,171,79,2024-01-08 04:18:40,40.25,EUR,pending,False,True,0
2151,66,48,2024-01-08 04:25:52,31.0,USD,approved,False,True,0
2837,194,31,2024-01-08 04:46:32,9.31,EUR,approved,False,False,0
1746,196,69,2024-01-08 04:49:02,49.22,USD,approved,False,False,0
2066,102,38,2024-01-08 04:59:12,17.91,USD,declined,False,False,0
189,48,66,2024-01-08 05:06:52,24.07,GBP,approved,True,True,0
4568,141,47,2024-01-08 05:16:48,58.44,USD,approved,False,True,0
1303,140,14,2024-01-08 05:19:21,61.14,USD,approved,False,True,0
4266,199,27,2024-01-08 05:19:50,68.66,USD,declined,False,False,0
108,133,77,2024-01-08 05:24:30,306.82,EUR,approved,False,True,0
1318,119,74,2024-01-08 05:27:53,48.11,USD,approved,False,True,0
3396,160,71,2024-01-08 05:31:18,26.98,USD,approved,False,False,0
4770,10,69,2024-01-08 05:33:46,58.47,USD,declined,False,True,1
1328,17,58,2024-01-08 05:46:09,79.1,EUR,approved,False,False,0
537,92,5,2024-01-08 06:31:17,66.19,EUR,approved,False,True,1
4585,118,61,2024-01-08 06:33:34,37.88,GBP,approved,False,True,0
1057,90,1,2024-01-08 07:06:12,21.65,USD,approved,False,True,0
1327,136,5,2024-01-08 07:13:07,31.1,USD,pending,False,True,0
1283,79,48,2024-01-08 07:34:49,14.49,USD,approved,False,True,0
2165,191,51,2024-01-08 07:42:57,73.98,USD,approved,False,False,0
3408,128,50,2024-01-08 08:30:43,50.11,USD,approved,False,True,0
2049,151,64,2024-01-08 08:33:58,115.98,JPY,approved,False,True,0
1738,20,11,2024-01-08 08:41:40,51.38,USD,approved,False,False,0
2187,62,38,2024-01-08 08:57:53,44.96,USD,approved,False,False,0
230,36,22,2024-01-08 09:00:09,23.05,USD,approved,False,True,0
386,25,71,2024-01-08 09:18:56,49.14,EUR,approved,True,True,0
4576,153,60,2024-01-08 09:46:53,63.18,USD,approved,False,True,0
389,179,40,2024-01-08 09:47:41,17.26,GBP,approved,False,False,0
3982,18,42,2024-01-08 09:55:45,57.88,USD,approved,True,False,0
2030,69,74,2024-01-08 09:58:12,18.32,EUR,approved,False,False,0
697,145,7,2024-01-08 10:39:30,20.6,EUR,approved,False,True,0
4618,120,35,2024-01-08 10:39:34,77.9,USD,approved,False,True,0
440,80,45,2024-01-08 10:41:13,13.16,USD,approved,False,False,0
4394,14,33,2024-01-08 11:08:10,34.22,EUR,approved,False,True,0
4068,85,39,2024-01-08 11:09:16,23.45,EUR,approved,False,True,0
4709,154,70,2024-01-08 11:23:25,20.12,USD,approved,True,True,0
3126,178,13,2024-01-08 11:26:45,29.54,JPY,approved,False,True,0
1586,64,47,2024-01-08 11:31:39,23.96,USD,pending,False,True,0
2739,99,54,2024-01-08 11:33:49,98.82,EUR,approved,True,False,0
1152,101,73,2024-01-08 11:40:52,13.61,JPY,approved,False,True,0
3274,81,41,2024-01-08 11:46:35,22.53,USD,approved,False,True,0
4681,65,2,2024-01-08 11:51:23,26.96,USD,approved,False,True,0
81,189,26,2024-01-08 11:57:11,46.29,USD,approved,False,True,0
2841,88,40,2024-01-08 11:59:36,59.11,USD,approved,False,True,0
809,79,39,2024-01-08 12:00:47,80.46,USD,approved,False,True,0
255,133,28,2024-01-08 12:07:46,79.87,EUR,approved,False,True,0
4319,171,37,2024-01-08 12:07:49,191.74,EUR,pending,False,True,0
835,171,21,2024-01-08 12:40:35,59.12,USD,approved,False,True,0
1737,101,32,2024-01-08 13:12:00,26.84,GBP,approved,True,False,0
2590,70,45,2024-01-08 13:29:14,89.26,USD,approved,False,False,0
4979,185,21,2024-01-08 13:50:00,61.43,USD,approved,False,True,1
4845,151,59,2024-01-08 13:58:10,53.7,EUR,approved,False,True,0
2728,9,28,2024-01-08 14:18:26,9.7,EUR,approved,True,True,0
1394,149,45,2024-01-08 14:28:52,41.25,USD,approved,False,True,0
2776,61,68,2024-01-08 14:42:53,99.04,USD,approved,False,True,0
326,47,32,2024-01-08 15:22:33,30.68,USD,approved,False,True,0
338,64,46,2024-01-08 15:53:24,39.48,EUR,approved,False,True,0
2819,26,56,2024-01-08 16:04:45,26.91,EUR,approved,False,False,0
3792,36,36,2024-01-08 16:09:13,40.15,JPY,approved,False,True,0
4625,79,70,2024-01-08 16:18:37,18.73,USD,approved,False,True,0
3448,113,13,2024-01-08 16:18:57,82.13,USD,declined,True,True,1
2236,159,13,2024-01-08 16:21:59,34.0,USD,approved,False,True,0
4015,57,69,2024-01-08 16:23:27,19.58,GBP,approved,False,False,0
371,68,63,2024-01-08 16:44:07,20.61,USD,approved,False,True,0
2056,74,13,2024-01-08 16:49:06,15.34,USD,approved,False,True,0
2216,79,20,2024-01-08 17:27:58,43.17,USD,approved,False,True,0
3313,186,33,2024-01-08 17:53:35,29.84,JPY,approved,False,True,0
2811,103,41,2024-01-08 17:55:05,34.31,USD,approved,False,False,0
2004,92,46,2024-01-08 18:02:18,67.66,USD,approved,False,False,1
3638,100,69,2024-01-08 18:02:37,40.65,USD,approved,False,False,0
2375,140,30,2024-01-08 18:21:43,52.7,JPY,approved,False,True,0
4776,9,56,2024-01-08 18:35:49,46.68,EUR,approved,False,False,0
3906,153,53,2024-01-08 19:04:04,24.13,USD,approved,False,False,0
2857,114,8,2024-01-08 19:15:11,29.69,USD,approved,False,True,0
3232,43,22,2024-01-08 20:08:03,35.1,USD,approved,False,True,0
4678,114,10,2024-01-08 20:43:31,37.36,EUR,approved,False,True,0
952,61,66,2024-01-08 21:04:04,26.35,USD,approved,False,True,0
3074,157,26,2024-01-08 21:29:54,142.9,USD,approved,True,False,0
789,109,44,2024-01-08 21:40:11,83.9,USD,approved,False,False,0
3121,125,39,2024-01-08 22:17:23,17.21,JPY,approved,False,False,0
2873,164,36,2024-01-08 22:28:28,66.82,EUR,approved,False,False,0
3637,109,2,2024-01-08 22:54:59,35.93,EUR,approved,False,True,0
4131,2,46,2024-01-08 23:12:05,15.22,USD,approved,False,False,0
3665,103,26,2024-01-08 23:52:51,27.2,EUR,approved,False,False,0
2046,199,9,2024-01-08 23:57:32,87.12,USD,approved,False,True,0
156,133,69,2024-01-09 00:10:58,73.56,USD,approved,False,True,0
742,153,50,2024-01-09 00:14:54,30.02,EUR,approved,False,True,0
1935,30,32,2024-01-09 01:33:07,22.17,JPY,approved,True,True,0
4588,62,77,2024-01-09 01:37:50,62.64,USD,approved,False,True,0
4569,62,32,2024-01-09 02:36:30,38.92,GBP,approved,False,False,0
454,5,63,2024-01-09 02:44:52,21.73,EUR,declined,False,True,0
2524,81,27,2024-01-09 02:52:31,53.58,JPY,declined,True,True,0
726,24,26,2024-01-09 03:11:14,20.77,EUR,approved,True,False,0
652,131,60,2024-01-09 04:00:50,29.51,USD,approved,False,False,0
3051,168,21,2024-01-09 04:01:59,41.0,USD,approved,False,False,0
4868,65,21,2024-01-09 04:58:05,20.75,EUR,approved,True,True,0
2419,58,71,2024-01-09 04:58:32,6.34,EUR,approved,False,True,0
3589,131,42,2024-01-09 05:03:25,35.73,GBP,approved,True,True,0
4493,140,43,2024-01-09 05:19:45,28.34,USD,approved,False,False,0
2788,12,42,2024-01-09 05:25:28,68.51,USD,approved,False,True,1
859,134,28,2024-01-09 05:54:36,41.62,USD,pending,False,True,1
2763,73,42,2024-01-09 06:29:50,64.57,USD,approved,False,False,0
2775,110,7,2024-01-09 06:41:30,12.69,USD,approved,False,False,0
2384,79,49,2024-01-09 07:07:41,77.33,EUR,approved,False,False,0
1886,36,4,2024-01-09 07:28:23,31.75,EUR,approved,False,True,0
1038,3,27,2024-01-09 07:35:23,113.77,JPY,reversed,False,False,1
1815,177,30,2024-01-09 07:36:19,29.09,USD,approved,False,False,0
919,51,55,2024-01-09 07:45:44,38.99,USD,approved,False,True,0
3473,147,39,2024-01-09 08:00:32,32.47,USD,approved,True,True,0
4220,33,78,2024-01-09 08:01:58,69.99,USD,approved,True,False,0
2396,132,4,2024-01-09 08:10:20,30.02,USD,approved,False,False,0
4752,30,45,2024-01-09 08:11:41,9.06,EUR,approved,False,True,0
2011,100,3,2024-01-09 08:20:10,18.68,GBP,approved,False,False,0
3687,22,7,2024-01-09 08:37:08,49.5,EUR,approved,False,True,0
3111,108,26,2024-01-09 08:38:10,25.22,USD,approved,False,True,0
4448,39,49,2024-01-09 08:43:36,62.35,EUR,pending,False,False,0
2860,90,73,2024-01-09 08:53:35,30.91,USD,declined,True,True,0
2200,34,36,2024-01-09 09:25:37,103.65,EUR,approved,False,False,0
128,153,42,2024-01-09 10:04:56,58.0,USD,declined,False,False,0
4127,10,71,2024-01-09 10:22:01,83.51,USD,approved,False,True,0
1142,68,2,2024-01-09 10:34:39,76.37,USD,approved,False,True,0
4311,104,64,2024-01-09 10:38:02,17.66,USD,approved,False,True,0
2410,6,5,2024-01-09 11:07:07,36.72,USD,reversed,False,False,0
1099,9,64,2024-01-09 11:32:20,29.61,EUR,declined,False,True,0
4293,99,56,2024-01-09 12:06:04,39.19,EUR,approved,False,True,0
1845,149,22,2024-01-09 12:08:07,34.49,EUR,approved,False,True,0
482,166,8,2024-01-09 12:17:52,30.39,JPY,approved,False,True,0
3749,184,76,2024-01-09 12:37:12,23.44,USD,approved,False,True,0
631,148,39,2024-01-09 13:04:32,67.2,USD,approved,False,True,0
659,15,42,2024-01-09 13:11:30,27.63,USD,declined,False,True,0
4274,63,28,2024-01-09 13:28:44,39.13,JPY,approved,False,True,0
4351,122,55,2024-01-09 13:55:18,31.24,USD,pending,False,True,0
4716,101,51,2024-01-09 14:14:12,36.28,EUR,approved,False,False,0
1465,171,11,2024-01-09 14:18:44,30.06,USD,approved,False,False,1
1806,10,42,2024-01-09 14:24:21,20.87,USD,approved,False,True,0
2629,124,58,2024-01-09 14:52:47,27.82,USD,approved,False,False,0
3363,10,62,2024-01-09 14:56:44,85.44,JPY,approved,False,True,0
808,23,80,2024-01-09 15:35:57,17.04,EUR,approved,False,False,0
4116,95,58,2024-01-09 15:54:50,21.16,USD,approved,False,True,0
933,52,28,2024-01-09 16:05:52,29.94,GBP,approved,False,True,0
2114,183,40,2024-01-09 16:12:31,31.22,EUR,approved,True,False,0
3710,170,72,2024-01-09 16:14:55,39.56,USD,approved,True,False,0
3326,157,69,2024-01-09 16:18:50,58.62,USD,approved,False,True,0
1820,59,9,2024-01-09 16:55:11,16.78,EUR,approved,False,True,0
3024,40,14,2024-01-09 16:59:26,75.28,USD,approved,False,False,0
1795,96,59,2024-01-09 17:18:29,42.4,USD,reversed,False,False,1
425,84,25,2024-01-09 17:51:52,71.26,USD,approved,False,False,0
3917,14,25,2024-01-09 18:11:54,13.71,USD,declined,False,False,0
2782,188,12,2024-01-09 18:20:55,16.32,USD,approved,False,False,0
2448,130,35,2024-01-09 18:28:44,55.73,USD,approved,False,False,0
3457,151,78,2024-01-09 18:28:51,48.23,USD,approved,True,True,0
1514,67,9,2024-01-09 18:50:27,56.57,EUR,reversed,False,True,0
2723,23,65,2024-01-09 18:58:11,52.76,EUR,approved,False,False,0
2140,81,25,2024-01-09 19:23:52,34.75,USD,reversed,False,True,0
1963,29,28,2024-01-09 19:53:32,48.48,GBP,approved,True,False,0
936,189,23,2024-01-09 20:11:12,25.96,USD,approved,False,True,0
4657,27,68,2024-01-09 20:30:22,36.29,USD,approved,False,False,0
303,2,15,2024-01-09 20:47:39,17.87,EUR,approved,False,True,0
2489,106,2,2024-01-09 20:54:50,47.61,USD,approved,False,True,0
3483,160,79,2024-01-09 21:19:12,37.83,EUR,approved,False,True,0
1120,99,22,2024-01-09 21:50:33,70.65,JPY,approved,False,True,0
1055,16,68,2024-01-09 21:53:07,109.42,USD,approved,False,False,0
838,40,3,2024-01-09 22:01:17,12.09,USD,approved,False,False,0
976,46,44,2024-01-09 22:04:02,22.0,USD,approved,False,True,0
4731,184,73,2024-01-09 22:13:42,110.58,GBP,approved,True,True,1
539,109,66,2024-01-09 22:35:23,28.92,USD,approved,False,False,0
3352,188,45,2024-01-09 23:12:29,60.8,USD,approved,False,True,0
650,170,79,2024-01-09 23:13:39,11.59,GBP,approved,False,True,0
3030,179,46,2024-01-09 23:15:47,20.85,USD,approved,False,False,0
3116,100,77,2024-01-09 23:57:22,48.87,USD,approved,False,False,0
2432,105,67,2024-01-10 00:05:09,24.51,EUR,approved,False,True,0
3421,104,61,2024-01-10 00:05:14,31.47,JPY,approved,False,False,0
4445,148,60,2024-01-10 00:08:14,420.0,EUR,approved,False,True,0
4856,139,39,2024-01-10 00:53:48,20.87,GBP,approved,False,True,0
757,148,27,2024-01-10 00:56:32,48.0,GBP,pending,False,True,0
885,163,11,2024-01-10 01:00:13,23.96,EUR,approved,False,True,0
4531,7,55,2024-01-10 01:52:54,6.28,JPY,approved,False,False,0
4378,53,69,2024-01-10 02:08:45,13.92,USD,approved,True,True,0
3600,125,56,2024-01-10 02:17:33,16.87,USD,approved,False,False,0
609,194,49,2024-01-10 02:21:32,56.56,JPY,approved,False,False,0
98,137,26,2024-01-10 02:57:04,123.38,EUR,approved,True,True,0
4849,31,53,2024-01-10 02:58:01,74.29,GBP,approved,False,False,0
3991,151,2,2024-01-10 03:22:25,57.16,USD,pending,False,True,0
1461,159,14,2024-01-10 03:28:45,50.81,USD,declined,True,True,0
1019,9,61,2024-01-10 03:32:36,16.42,USD,approved,False,False,0
2279,74,41,2024-01-10 04:03:30,39.68,EUR,approved,False,False,0
1267,12,56,2024-01-10 04:14:57,24.6,GBP,approved,False,True,0
2678,176,64,2024-01-10 04:30:30,33.65,EUR,approved,False,True,0
2802,90,12,2024-01-10 04:47:20,27.58,USD,approved,False,False,0
1233,195,13,2024-01-10 05:13:35,15.71,EUR,approved,False,True,0
1652,4,68,2024-01-10 05:38:35,26.46,USD,approved,True,True,1
2608,52,15,2024-01-10 05:50:33,30.13,JPY,approved,False,False,0
4827,40,73,2024-01-10 05:56:21,20.06,USD,approved,False,False,0
526,63,9,2024-01-10 06:03:25,24.44,USD,approved,False,True,0
1958,107,75,2024-01-10 06:31:45,38.98,EUR,approved,True,True,0
2832,160,25,2024-01-10 06:44:37,11.92,GBP,approved,False,True,0
4093,74,57,2024-01-10 07:26:43,63.13,USD,approved,False,False,1
124,95,55,2024-01-10 07:29:20,25.54,EUR,approved,False,True,0
2796,184,33,2024-01-10 07:42:20,21.17,USD,approved,False,False,0
4280,169,18,2024-01-10 07:45:52,15.3,EUR,approved,False,True,0
2321,20,18,2024-01-10 07:45:56,100.68,USD,approved,False,True,0
2103,35,52,2024-01-10 08:03:19,75.75,USD,approved,False,False,0
2988,157,26,2024-01-10 08:10:21,55.93,USD,approved,False,True,0
1927,72,31,2024-01-10 08:18:41,29.29,USD,approved,True,False,0
4978,23,74,2024-01-10 08:52:28,18.02,USD,approved,False,True,0
2809,159,9,2024-01-10 08:56:56,61.33,USD,approved,False,True,0
1748,76,14,2024-01-10 09:15:40,41.49,EUR,approved,False,True,1
1543,18,26,2024-01-10 09:26:35,30.82,EUR,approved,True,True,0
84,167,35,2024-01-10 09:29:33,55.51,GBP,approved,False,False,0
4561,98,45,2024-01-10 09:48:50,13.33,EUR,approved,True,False,0
1136,12,15,2024-01-10 09:49:49,19.75,USD,approved,False,True,0
4320,9,13,2024-01-10 09:58:15,27.4,USD,approved,False,True,0
8,140,67,2024-01-10 10:02:53,28.39,EUR,approved,False,True,0
4841,153,80,2024-01-10 11:55:50,56.94,USD,approved,False,False,0
3843,112,52,2024-01-10 11:59:43,36.42,EUR,approved,False,False,0
4345,75,80,2024-01-10 12:03:23,20.43,USD,approved,False,True,0
1689,188,56,2024-01-10 13:00:45,61.52,USD,approved,False,True,0
4888,108,79,2024-01-10 13:13:10,11.6,GBP,approved,True,True,0
1776,27,76,2024-01-10 13:50:50,33.08,EUR,approved,True,True,0
417,194,29,2024-01-10 13:59:55,49.38,USD,approved,False,False,0
4217,98,58,2024-01-10 14:17:25,18.83,USD,approved,False,False,0
880,127,1,2024-01-10 14:25:20,15.57,USD,approved,False,True,0
2008,31,52,2024-01-10 14:58:13,12.87,USD,approved,False,False,0
1924,87,64,2024-01-10 15:11:29,38.09,USD,approved,False,True,0
1354,184,70,2024-01-10 15:29:30,20.24,USD,approved,False,False,0
4566,68,74,2024-01-10 15:57:34,71.5,USD,approved,True,True,0
1750,144,41,2024-01-10 15:59:56,8.07,USD,approved,False,False,0
668,173,67,2024-01-10 16:00:09,18.6,USD,approved,False,False,0
2892,114,71,2024-01-10 16:01:47,24.21,USD,approved,False,True,0
3085,68,56,2024-01-10 16:20:44,25.88,GBP,approved,True,False,0
4704,171,59,2024-01-10 16:30:44,60.93,USD,approved,False,True,1
2455,167,49,2024-01-10 16:50:47,31.02,EUR,approved,False,True,0
3790,64,29,2024-01-10 17:01:44,45.23,GBP,approved,False,True,0
3420,57,17,2024-01-10 17:39:13,12.31,EUR,approved,True,False,0
3208,163,25,2024-01-10 17:59:59,25.82,USD,declined,False,True,1
214,90,50,2024-01-10 18:19:37,37.95,USD,approved,False,False,0
1317,142,63,2024-01-10 18:43:28,16.89,USD,approved,False,True,0
2054,190,9,2024-01-10 19:01:44,21.84,USD,approved,False,False,0
2622,79,46,2024-01-10 19:24:05,77.39,USD,approved,False,True,0
816,168,5,2024-01-10 19:40:42,71.84,EUR,approved,False,False,0
3227,116,49,2024-01-10 19:50:27,51.33,USD,approved,False,True,0
3672,20,6,2024-01-10 19:51:07,31.01,USD,approved,False,False,0
1389,179,18,2024-01-10 20:04:39,53.57,EUR,approved,False,True,0
4653,67,68,2024-01-10 20:11:48,27.39,USD,approved,False,False,0
2126,52,73,2024-01-10 20:13:47,32.68,USD,approved,False,False,0
3110,48,67,2024-01-10 20:42:23,27.26,USD,approved,True,True,0
1470,13,14,2024-01-10 21:15:44,128.18,USD,declined,False,False,0
1247,172,64,2024-01-10 21:31:49,37.17,USD,approved,False,False,0
91,88,71,2024-01-10 21:41:24,80.31,GBP,approved,False,False,0
387,14,19,2024-01-10 22:10:11,31.84,USD,approved,False,True,0
4070,21,41,2024-01-10 22:19:54,34.73,USD,approved,False,True,0
815,156,48,2024-01-10 22:29:37,32.35,USD,declined,False,False,1
2034,136,49,2024-01-10 22:31:20,22.52,GBP,approved,True,True,0
3422,158,56,2024-01-10 22:36:47,35.96,USD,approved,False,False,1
2535,161,18,2024-01-10 22:38:06,23.24,GBP,approved,False,True,0
2628,1,5,2024-01-10 23:10:40,54.93,EUR,approved,False,False,0
2284,158,3,2024-01-10 23:17:44,28.22,EUR,approved,False,True,0
2923,25,43,2024-01-10 23:40:35,50.57,USD,approved,True,True,0
4173,102,6,2024-01-11 00:08:19,38.97,USD,declined,False,True,0
3924,84,34,2024-01-11 00:10:36,21.07,USD,approved,False,True,0
4734,53,24,2024-01-11 00:55:26,93.06,USD,declined,False,True,0
3229,148,28,2024-01-11 01:04:06,119.44,USD,approved,False,False,1
4571,139,77,2024-01-11 01:08:05,35.13,EUR,approved,False,False,0
908,35,74,2024-01-11 01:11:32,30.94,EUR,approved,False,True,0
3715,146,42,2024-01-11 01:24:31,31.09,USD,declined,True,False,0
1300,6,15,2024-01-11 02:13:14,100.8,JPY,approved,False,False,1
2163,81,51,2024-01-11 02:59:20,16.39,USD,approved,False,True,0
3235,115,29,2024-01-11 03:19:32,71.88,GBP,approved,False,False,0
1949,1,31,2024-01-11 03:25:15,23.75,USD,approved,False,False,0
1494,67,28,2024-01-11 03:29:57,14.39,USD,approved,False,True,0
1893,176,2,2024-01-11 03:39:02,19.94,EUR,approved,False,True,0
1281,148,2,2024-01-11 03:43:18,77.58,EUR,approved,False,True,0
558,176,21,2024-01-11 04:02:28,34.61,EUR,approved,False,False,0
3168,54,25,2024-01-11 04:22:22,23.22,USD,approved,False,True,0
4632,58,2,2024-01-11 04:22:27,13.11,USD,approved,False,True,1
85,126,42,2024-01-11 05:20:01,37.21,EUR,approved,False,True,0
3299,108,7,2024-01-11 05:24:03,91.6,USD,approved,False,True,0
2075,140,57,2024-01-11 05:26:04,41.82,USD,approved,False,False,0
2189,93,21,2024-01-11 05:28:34,16.28,JPY,approved,False,False,0
3622,45,42,2024-01-11 05:57:02,37.49,GBP,approved,True,True,0
3072,97,32,2024-01-11 06:14:41,86.95,USD,approved,False,True,0
162,133,3,2024-01-11 06:30:09,127.22,USD,reversed,False,True,0
2060,81,39,2024-01-11 06:56:35,9.27,EUR,approved,False,True,0
4619,127,33,2024-01-11 07:38:20,16.87,USD,approved,False,True,0
2027,123,20,2024-01-11 07:46:19,43.33,GBP,pending,False,False,0
1279,2,4,2024-01-11 07:54:38,38.35,GBP,approved,False,True,0
1197,143,50,2024-01-11 08:04:31,54.88,USD,approved,False,False,0
914,197,13,2024-01-11 08:31:15,24.59,EUR,approved,False,False,0
233,4,24,2024-01-11 08:38:06,54.46,USD,approved,False,True,0
4967,46,64,2024-01-11 08:45:45,50.63,USD,approved,False,False,0
2148,188,36,2024-01-11 09:19:40,9.58,USD,approved,True,True,0
913,76,56,2024-01-11 09:50:07,32.59,USD,approved,False,True,0
573,57,20,2024-01-11 10:19:29,29.09,USD,approved,True,True,0
1565,112,3,2024-01-11 10:35:26,71.42,USD,approved,False,False,0
410,3,57,2024-01-11 10:42:22,82.46,JPY,approved,False,False,1
350,33,47,2024-01-11 11:13:18,21.84,USD,approved,True,True,0
2770,192,78,2024-01-11 11:20:30,43.05,USD,approved,False,False,0
4073,167,2,2024-01-11 11:28:19,77.33,USD,approved,False,False,0
261,159,80,2024-01-11 11:54:42,33.42,EUR,pending,False,True,0
2278,11,65,2024-01-11 12:28:51,13.21,GBP,approved,True,False,0
2501,140,69,2024-01-11 12:34:53,36.68,EUR,approved,False,False,0
404,195,43,2024-01-11 12:46:43,12.88,USD,approved,False,True,0
1366,4,40,2024-01-11 12:48:09,39.26,EUR,approved,False,False,0
4341,11,55,2024-01-11 13:10:06,36.22,EUR,approved,False,True,0
1852,51,43,2024-01-11 13:10:20,115.08,USD,approved,False,False,1
1002,148,67,2024-01-11 13:21:23,67.53,USD,approved,False,False,0
406,101,32,2024-01-11 13:25:41,42.06,EUR,approved,False,True,0
1014,63,48,2024-01-11 13:35:35,57.18,EUR,approved,False,False,0
2490,72,8,2024-01-11 13:49:33,50.97,USD,approved,False,True,0
4936,119,26,2024-01-11 14:06:21,26.64,JPY,approved,False,True,0
3936,170,53,2024-01-11 14:17:12,16.34,USD,approved,False,False,1
4805,139,72,2024-01-11 14:19:13,71.64,GBP,approved,False,False,0
2539,107,24,2024-01-11 14:23:41,45.62,USD,declined,False,False,0
4325,195,33,2024-01-11 14:55:39,115.48,EUR,approved,False,True,0
2484,65,16,2024-01-11 15:04:35,38.41,EUR,approved,False,True,0
3414,19,16,2024-01-11 15:31:45,45.1,EUR,approved,False,True,0
2247,116,12,2024-01-11 15:51:15,29.84,USD,approved,False,False,0
1108,182,63,2024-01-11 16:01:22,107.11,USD,approved,True,False,0
4122,190,80,2024-01-11 16:06:31,57.89,USD,declined,False,True,0
264,186,40,2024-01-11 16:06:43,64.59,GBP,approved,False,False,0
2487,49,65,2024-01-11 17:21:54,135.95,USD,approved,False,True,0
1393,197,21,2024-01-11 17:29:59,33.65,GBP,approved,False,True,0
4942,90,51,2024-01-11 17:43:44,40.91,JPY,declined,False,False,0
1587,165,44,2024-01-11 17:55:16,25.73,EUR,approved,False,True,1
1034,63,76,2024-01-11 18:03:41,16.04,USD,approved,True,True,1
4178,144,52,2024-01-11 18:04:38,98.3,GBP,approved,False,False,0
1128,128,71,2024-01-11 18:11:57,30.22,USD,approved,False,True,0
4418,32,14,2024-01-11 18:19:31,47.48,USD,approved,False,True,0
3852,10,31,2024-01-11 18:20:26,23.03,USD,reversed,False,False,0
222,92,71,2024-01-11 18:22:41,159.75,EUR,approved,False,True,1
1479,47,58,2024-01-11 18:39:23,24.54,EUR,pending,True,True,0
4923,111,57,2024-01-11 18:45:25,88.98,EUR,approved,False,True,1
1756,64,74,2024-01-11 20:29:44,17.74,GBP,approved,False,True,0
1264,165,73,2024-01-11 21:17:47,21.73,USD,declined,False,True,0
3026,126,75,2024-01-11 21:35:47,16.58,USD,approved,False,False,0
567,46,18,2024-01-11 21:42:30,23.32,JPY,reversed,True,True,0
122,134,50,2024-01-11 21:53:16,66.68,USD,approved,True,True,0
1648,133,65,2024-01-11 22:25:59,191.42,USD,approved,False,False,0
2386,176,8,2024-01-12 00:39:06,19.45,EUR,declined,False,False,0
4440,63,12,2024-01-12 00:41:20,32.99,USD,reversed,False,True,0
2204,68,11,2024-01-12 01:05:03,20.26,USD,pending,True,False,1
1432,38,60,2024-01-12 01:17:11,35.11,EUR,approved,False,False,0
1509,173,54,2024-01-12 01:50:56,41.66,USD,approved,True,False,0
4730,134,53,2024-01-12 01:59:09,15.47,USD,approved,False,True,1
2997,61,58,2024-01-12 02:16:02,230.46,GBP,approved,False,False,0
918,157,20,2024-01-12 02:23:58,104.06,EUR,approved,False,False,0
4439,69,28,2024-01-12 02:48:45,43.66,JPY,approved,False,True,0
2533,185,67,2024-01-12 02:51:01,103.46,EUR,approved,False,False,1
1740,41,36,2024-01-12 02:58:38,20.24,JPY,approved,False,False,0
1138,74,59,2024-01-12 03:19:03,19.88,JPY,approved,False,False,0
3338,11,43,2024-01-12 03:27:32,15.26,EUR,approved,False,False,0
2571,161,56,2024-01-12 03:45:30,40.77,EUR,approved,True,True,0
3501,13,22,2024-01-12 05:00:06,16.51,USD,declined,True,True,0
2370,36,15,2024-01-12 05:03:19,87.18,EUR,declined,False,True,0
4007,51,63,2024-01-12 05:16:54,43.45,USD,approved,False,True,1
776,191,76,2024-01-12 05:36:14,33.59,EUR,pending,False,True,0
3083,56,42,2024-01-12 05:39:30,20.49,USD,approved,False,True,0
2787,57,57,2024-01-12 05:49:37,47.19,EUR,declined,False,True,0
3053,151,35,2024-01-12 05:50:16,23.18,EUR,approved,False,True,0
354,88,38,2024-01-12 06:05:05,47.31,GBP,approved,False,True,0
2282,71,23,2024-01-12 06:19:07,32.7,USD,approved,False,False,0
2557,160,65,2024-01-12 07:13:18,100.39,USD,approved,False,False,1
4799,79,58,2024-01-12 07:43:19,25.95,USD,approved,False,False,0
2408,143,55,2024-01-12 08:10:31,30.5,EUR,declined,False,True,0
3636,95,64,2024-01-12 08:14:43,23.51,GBP,approved,False,True,0
3153,40,35,2024-01-12 08:41:59,56.14,GBP,approved,False,True,0
2327,69,20,2024-01-12 08:48:11,27.87,USD,approved,True,True,0
775,170,40,2024-01-12 08:51:25,18.27,USD,approved,False,False,0
570,115,18,2024-01-12 09:11:35,15.03,USD,pending,False,False,0
4981,181,37,2024-01-12 09:29:39,47.31,USD,approved,False,False,0
1376,192,70,2024-01-12 09:52:05,33.74,USD,approved,False,True,0
2276,85,18,2024-01-12 09:54:15,23.42,USD,approved,False,True,0
2503,151,60,2024-01-12 10:05:31,63.35,USD,approved,False,False,0
4844,40,13,2024-01-12 12:17:46,48.6,USD,approved,False,True,0
1307,51,65,2024-01-12 12:31:13,33.01,USD,approved,False,True,0
2438,136,75,2024-01-12 12:31:36,101.92,JPY,approved,False,False,0
3591,23,33,2024-01-12 12:58:03,41.06,EUR,approved,True,True,0
4673,43,71,2024-01-12 13:08:01,75.09,JPY,approved,False,True,0
4347,10,69,2024-01-12 13:15:19,22.56,USD,approved,False,True,0
520,119,43,2024-01-12 13:54:24,38.11,USD,approved,False,True,0
458,127,32,2024-01-12 14:03:26,31.72,EUR,approved,False,True,0
4581,39,37,2024-01-12 14:22:02,24.01,USD,approved,False,False,0
2162,49,62,2024-01-12 14:39:22,56.39,GBP,approved,False,False,0
4458,8,49,2024-01-12 14:52:56,13.55,USD,pending,False,True,0
1036,149,8,2024-01-12 17:39:26,18.08,USD,approved,True,True,1
1056,200,69,2024-01-12 17:39:28,35.69,JPY,approved,False,False,0
1680,103,42,2024-01-12 17:43:02,32.5,USD,pending,False,False,0
474,94,15,2024-01-12 17:49:18,40.5,JPY,approved,True,True,0
768,96,27,2024-01-12 17:49:51,16.75,USD,approved,True,True,0
30,89,19,2024-01-12 17:56:30,68.29,JPY,approved,False,False,0
3956,189,20,2024-01-12 18:28:50,76.12,EUR,approved,False,True,1
2771,133,19,2024-01-12 18:47:00,33.21,EUR,approved,True,True,0
3011,74,46,2024-01-12 19:13:50,14.19,GBP,approved,False,True,0
76,96,31,2024-01-12 19:37:32,74.41,EUR,approved,False,False,0
2305,184,73,2024-01-12 20:20:01,76.74,EUR,approved,True,True,0
828,180,54,2024-01-12 20:31:55,22.03,EUR,approved,False,True,0
4580,59,55,2024-01-12 21:20:33,30.17,EUR,approved,True,True,0
2652,176,44,2024-01-12 21:20:40,7.47,USD,approved,True,True,0
4496,126,50,2024-01-12 21:41:27,62.27,USD,approved,False,True,0
4318,83,46,2024-01-12 22:07:20,43.54,USD,approved,False,True,0
3385,160,80,2024-01-12 22:10:20,50.86,JPY,approved,False,True,0
3596,58,48,2024-01-12 22:20:21,19.29,USD,approved,False,True,0
2810,38,30,2024-01-12 22:36:03,33.6,USD,approved,False,False,0
618,54,15,2024-01-12 22:42:56,51.65,USD,approved,False,True,0
3632,110,50,2024-01-12 22:43:05,15.8,USD,approved,True,False,0
4084,158,3,2024-01-12 22:48:58,49.88,USD,approved,False,True,0
4852,146,28,2024-01-12 23:01:40,25.38,USD,approved,False,False,0
4466,19,28,2024-01-12 23:10:08,58.12,JPY,approved,False,False,0
3973,25,27,2024-01-12 23:17:24,12.69,EUR,approved,False,True,0
4444,91,44,2024-01-12 23:30:13,66.54,GBP,approved,True,True,0
72,38,47,2024-01-12 23:56:57,36.33,EUR,approved,True,True,0
4336,86,28,2024-01-12 23:59:49,29.02,GBP,approved,True,True,0
2780,10,21,2024-01-13 00:17:09,12.06,USD,approved,True,True,0
4786,72,36,2024-01-13 00:45:10,66.79,GBP,approved,False,True,0
948,27,75,2024-01-13 00:50:50,18.77,USD,approved,False,True,0
26,129,10,2024-01-13 01:02:15,105.94,EUR,approved,False,False,0
3027,23,45,2024-01-13 01:10:43,48.84,USD,approved,False,False,0
781,176,16,2024-01-13 01:31:45,67.05,USD,approved,False,True,0
4301,56,17,2024-01-13 01:32:20,22.81,GBP,approved,False,True,0
383,190,32,2024-01-13 01:40:55,31.08,USD,approved,False,True,0
2575,155,43,2024-01-13 01:47:34,48.94,EUR,approved,False,False,0
129,115,55,2024-01-13 02:16:39,24.08,USD,approved,False,True,0
1763,3,12,2024-01-13 03:14:20,45.36,EUR,approved,False,True,0
465,2,16,2024-01-13 03:25:23,86.16,EUR,approved,False,True,0
761,36,10,2024-01-13 03:27:28,10.04,USD,approved,False,True,0
21,101,71,2024-01-13 03:27:56,76.48,USD,approved,False,True,0
2602,43,2,2024-01-13 04:30:19,37.75,EUR,approved,False,False,0
4175,81,35,2024-01-13 04:42:08,55.36,EUR,pending,False,True,0
399,57,75,2024-01-13 05:03:55,182.97,JPY,approved,False,False,0
2820,142,66,2024-01-13 05:11:21,26.59,USD,approved,False,True,0
3286,94,3,2024-01-13 05:24:38,25.47,USD,approved,False,False,0
2836,109,44,2024-01-13 05:30:33,28.34,EUR,approved,True,True,0
3788,5,53,2024-01-13 05:47:53,20.83,GBP,approved,False,False,0
876,101,7,2024-01-13 05:54:19,14.39,EUR,approved,False,True,0
3029,45,34,2024-01-13 05:57:42,76.66,EUR,approved,True,True,0
1045,142,48,2024-01-13 06:10:49,105.97,USD,approved,True,False,0
3258,40,64,2024-01-13 06:19:54,37.49,USD,approved,False,True,0
2311,57,70,2024-01-13 07:00:35,20.62,USD,approved,False,False,0
2752,17,33,2024-01-13 07:03:16,58.21,EUR,approved,False,False,0
4601,198,46,2024-01-13 07:32:20,73.67,EUR,approved,False,True,0
1739,1,30,2024-01-13 07:46:34,41.05,USD,reversed,False,True,0
4934,166,30,2024-01-13 08:17:46,33.63,USD,approved,False,False,0
1330,69,49,2024-01-13 09:13:17,17.52,USD,declined,False,False,0
3557,141,72,2024-01-13 09:43:59,44.72,EUR,pending,False,True,1
2504,22,41,2024-01-13 09:46:31,14.96,USD,approved,False,True,0
2736,28,21,2024-01-13 09:48:49,52.71,USD,approved,False,False,0
2554,39,57,2024-01-13 10:08:26,24.64,EUR,approved,False,False,0
1801,12,69,2024-01-13 10:55:00,28.19,USD,approved,False,True,0
4767,115,29,2024-01-13 10:59:06,27.48,EUR,approved,True,True,0
3251,68,49,2024-01-13 11:11:29,49.96,USD,approved,False,True,0
2444,43,42,2024-01-13 11:38:14,56.99,USD,approved,False,False,0
1911,15,51,2024-01-13 12:52:48,41.21,EUR,approved,True,True,0
2383,184,19,2024-01-13 13:35:34,105.25,USD,approved,False,True,1
4834,48,60,2024-01-13 13:54:46,61.85,EUR,approved,False,False,0
804,184,75,2024-01-13 14:09:43,14.22,USD,reversed,False,False,0
1031,98,71,2024-01-13 14:27:45,50.4,USD,approved,False,True,0
3718,51,39,2024-01-13 14:37:07,64.13,EUR,approved,False,True,1
496,83,15,2024-01-13 15:23:20,76.06,USD,pending,True,True,0
1761,77,3,2024-01-13 15:56:10,21.43,EUR,approved,False,True,0
3698,83,42,2024-01-13 16:10:58,63.69,USD,approved,False,True,0
700,20,31,2024-01-13 16:49:37,7.63,GBP,approved,False,True,0
2059,79,78,2024-01-13 17:07:51,34.51,USD,approved,False,True,1
3038,31,8,2024-01-13 17:13:22,128.81,USD,reversed,False,True,0
4641,169,29,2024-01-13 17:30:49,38.55,USD,approved,False,False,0
4442,72,36,2024-01-13 17:43:52,27.71,USD,approved,False,True,0
4783,69,80,2024-01-13 18:21:27,41.27,USD,approved,True,True,0
3467,108,32,2024-01-13 18:33:35,22.54,USD,approved,False,True,0
4839,171,9,2024-01-13 18:34:38,46.34,EUR,approved,True,True,0
4662,117,48,2024-01-13 19:16:25,32.02,USD,approved,False,False,0
2816,19,71,2024-01-13 19:22:26,21.73,USD,approved,False,False,0
4168,37,79,2024-01-13 19:40:39,14.55,EUR,approved,False,False,0
4583,33,66,2024-01-13 20:05:08,32.74,USD,approved,True,True,1
954,86,53,2024-01-13 20:29:40,16.55,GBP,approved,False,False,0
4820,187,18,2024-01-13 20:35:38,70.33,USD,approved,False,True,0
1636,108,9,2024-01-13 20:43:19,61.12,GBP,approved,False,True,0
2227,176,2,2024-01-13 20:45:17,20.15,EUR,declined,False,True,0
1173,79,75,2024-01-13 21:08:26,42.59,USD,approved,False,False,0
2804,13,65,2024-01-13 21:34:41,33.94,EUR,declined,False,True,0
256,29,28,2024-01-13 21:57:16,27.05,USD,approved,False,True,0
4527,4,67,2024-01-13 22:23:21,38.18,USD,approved,False,False,0
4051,65,3,2024-01-13 22:32:31,59.53,USD,approved,False,False,0
1312,70,27,2024-01-13 23:16:48,31.44,GBP,declined,False,False,0
758,77,43,2024-01-13 23:31:39,30.17,JPY,approved,False,True,0
4066,69,53,2024-01-13 23:46:34,47.3,USD,approved,False,False,0
3269,27,12,2024-01-14 00:01:12,8.58,USD,approved,False,True,0
211,53,9,2024-01-14 00:05:55,33.06,USD,declined,False,True,0
308,111,60,2024-01-14 00:20:39,38.69,GBP,approved,False,True,0
201,74,35,2024-01-14 00:27:18,19.18,USD,approved,False,True,0
1075,94,73,2024-01-14 01:13:50,130.53,USD,approved,False,True,0
4104,4,55,2024-01-14 02:08:03,32.16,GBP,approved,False,False,0
2457,169,46,2024-01-14 02:12:46,34.02,USD,approved,False,False,0
2078,89,13,2024-01-14 02:33:15,44.41,USD,approved,False,False,0
2241,45,41,2024-01-14 02:38:19,46.34,USD,approved,False,True,0
3477,110,37,2024-01-14 02:52:21,35.38,USD,approved,False,True,0
1696,137,48,2024-01-14 03:03:46,37.5,GBP,approved,False,True,0
4154,196,66,2024-01-14 03:25:38,29.66,USD,declined,False,True,0
1435,64,49,2024-01-14 03:38:36,73.45,USD,approved,False,True,0
4551,9,64,2024-01-14 04:23:59,35.05,EUR,approved,False,True,0
1349,147,39,2024-01-14 04:26:32,14.06,GBP,approved,False,True,0
997,106,69,2024-01-14 04:48:24,12.17,USD,approved,False,False,0
3789,196,4,2024-01-14 04:58:40,10.46,USD,approved,False,False,0
1952,122,35,2024-01-14 05:16:35,17.17,USD,pending,False,True,0
2922,155,26,2024-01-14 05:29:55,36.82,USD,declined,False,True,0
4079,50,9,2024-01-14 05:58:49,61.67,USD,approved,False,False,0
1671,153,15,2024-01-14 06:05:28,60.88,USD,approved,False,True,0
1550,1,57,2024-01-14 06:08:37,19.93,USD,approved,False,True,0
762,111,13,2024-01-14 06:40:06,156.8,USD,approved,False,True,0
3722,117,20,2024-01-14 06:57:09,20.88,USD,approved,False,False,0
2642,100,62,2024-01-14 09:21:59,130.81,GBP,approved,False,True,0
3694,66,62,2024-01-14 09:46:00,55.98,USD,approved,True,False,0
4464,132,74,2024-01-14 09:55:13,24.44,EUR,declined,False,False,0
3216,53,59,2024-01-14 10:23:13,33.28,USD,approved,False,False,0
2136,138,39,2024-01-14 10:25:08,25.08,GBP,approved,False,True,0
3048,153,73,2024-01-14 11:00:22,57.81,EUR,approved,False,True,0
2351,108,63,2024-01-14 11:20:52,13.95,USD,approved,False,True,0
2468,136,47,2024-01-14 11:49:45,31.35,USD,approved,False,False,0
1501,106,10,2024-01-14 12:02:14,51.95,EUR,approved,True,False,0
4088,186,40,2024-01-14 12:03:52,20.82,EUR,approved,False,True,0
1157,25,7,2024-01-14 12:03:55,61.52,USD,approved,False,True,0
1513,149,8,2024-01-14 12:33:20,19.02,EUR,declined,True,False,1
818,22,74,2024-01-14 12:38:18,42.74,JPY,approved,False,False,0
94,78,78,2024-01-14 12:38:50,571.9,GBP,approved,False,True,0
2,155,3,2024-01-14 12:43:44,95.44,USD,approved,False,False,0
278,157,66,2024-01-14 13:21:31,62.4,JPY,approved,True,True,1
3750,182,48,2024-01-14 13:30:10,49.08,EUR,approved,False,True,0
1931,18,8,2024-01-14 13:41:11,24.72,GBP,approved,False,True,0
3151,143,66,2024-01-14 13:49:05,17.11,USD,approved,False,False,0
1764,121,70,2024-01-14 13:51:27,19.65,GBP,approved,False,True,0
4238,22,36,2024-01-14 14:04:24,43.55,EUR,approved,False,False,0
1292,172,52,2024-01-14 14:19:01,152.45,EUR,approved,False,False,0
145,199,52,2024-01-14 14:25:56,30.72,EUR,approved,False,False,0
4771,60,11,2024-01-14 14:30:24,15.94,USD,approved,True,True,0
4369,186,62,2024-01-14 14:33:29,54.63,JPY,approved,False,False,0
4809,78,12,2024-01-14 14:42:53,147.02,USD,approved,False,True,1
4144,90,71,2024-01-14 15:09:19,24.72,USD,approved,False,False,0
83,33,1,2024-01-14 15:12:10,55.6,GBP,approved,False,False,0
3059,78,52,2024-01-14 15:31:00,60.1,JPY,approved,True,False,0
4064,104,26,2024-01-14 15:37:05,41.88,GBP,approved,False,True,0
1871,9,13,2024-01-14 15:53:09,27.85,USD,approved,False,False,0
4787,113,42,2024-01-14 16:11:23,31.04,USD,declined,False,False,0
1881,77,26,2024-01-14 17:06:08,70.81,USD,approved,False,True,0
2108,28,42,2024-01-14 17:25:58,34.39,EUR,approved,False,True,0
4249,183,41,2024-01-14 17:26:53,64.04,JPY,approved,False,True,0
2855,145,60,2024-01-14 17:55:32,26.88,GBP,approved,False,True,0
1109,189,49,2024-01-14 18:09:36,46.32,USD,approved,True,True,0
2890,40,15,2024-01-14 18:16:03,32.28,GBP,approved,False,True,0
4621,124,15,2024-01-14 18:21:48,43.2,USD,approved,False,False,0
4878,88,51,2024-01-14 18:32:46,21.51,EUR,approved,False,False,1
3719,137,51,2024-01-14 18:47:20,40.7,EUR,approved,True,True,1
3370,24,74,2024-01-14 18:50:55,16.86,USD,approved,False,False,1
4276,155,56,2024-01-14 19:45:33,47.17,USD,approved,False,False,0
3120,174,65,2024-01-14 20:35:06,17.11,EUR,approved,False,True,0
102,40,44,2024-01-14 21:00:32,40.28,EUR,approved,False,False,0
266,117,72,2024-01-14 21:29:57,18.95,JPY,approved,False,True,0
4780,15,80,2024-01-14 21:45:27,109.48,EUR,approved,False,False,0
1232,147,51,2024-01-14 22:22:50,35.6,EUR,approved,False,True,0
3851,147,21,2024-01-14 22:59:48,39.04,JPY,approved,False,False,0
2544,77,77,2024-01-14 23:19:23,20.22,USD,approved,False,False,0
152,57,50,2024-01-14 23:44:24,28.81,EUR,approved,False,False,0
3933,141,48,2024-01-14 23:56:29,31.65,USD,approved,True,True,0
433,166,27,2024-01-15 00:02:01,14.69,USD,approved,False,False,0
1191,84,73,2024-01-15 00:03:27,43.75,GBP,approved,False,False,0
2430,55,69,2024-01-15 00:09:38,24.09,EUR,approved,False,True,0
4902,132,19,2024-01-15 00:16:45,45.21,USD,approved,False,False,0
1864,75,45,2024-01-15 00:47:26,63.56,EUR,approved,False,True,0
3946,147,52,2024-01-15 00:56:08,20.9,EUR,approved,True,True,0
1385,78,20,2024-01-15 01:02:43,84.07,USD,approved,False,True,0
1839,45,6,2024-01-15 01:06:16,56.71,USD,declined,False,True,0
770,76,44,2024-01-15 01:45:55,21.75,EUR,approved,False,True,0
1523,39,13,2024-01-15 01:58:37,38.01,EUR,approved,False,True,0
2643,41,34,2024-01-15 02:25:02,18.8,GBP,declined,False,True,0
666,139,38,2024-01-15 02:33:02,32.96,USD,approved,False,False,0
986,131,25,2024-01-15 02:57:23,14.84,USD,declined,False,True,1
1570,197,16,2024-01-15 02:59:58,55.12,USD,approved,False,True,0
3084,49,61,2024-01-15 03:02:49,22.72,USD,approved,False,True,0
460,22,72,2024-01-15 03:21:38,25.36,USD,declined,False,False,1
3402,184,17,2024-01-15 03:23:32,48.67,EUR,approved,False,False,0
1132,135,36,2024-01-15 03:25:00,14.42,USD,approved,False,True,0
3579,177,73,2024-01-15 04:09:12,38.32,EUR,approved,False,True,0
2520,200,14,2024-01-15 04:16:25,24.7,GBP,pending,False,False,0
4030,83,10,2024-01-15 04:23:33,39.85,EUR,approved,False,True,0
353,60,10,2024-01-15 06:24:24,31.6,USD,approved,False,True,0
3043,66,79,2024-01-15 06:38:04,41.25,USD,declined,False,True,0
4455,123,21,2024-01-15 06:43:25,21.76,USD,approved,False,True,0
1044,75,60,2024-01-15 06:44:26,15.82,USD,declined,True,False,0
679,105,49,2024-01-15 07:16:14,34.51,USD,approved,False,True,0
2254,101,71,2024-01-15 07:21:43,17.71,USD,approved,False,False,0
2879,175,64,2024-01-15 07:52:54,43.44,USD,approved,True,False,0
733,185,68,2024-01-15 07:53:05,128.45,EUR,approved,False,False,0
1633,19,16,2024-01-15 08:38:46,39.63,GBP,approved,False,False,0
3343,20,17,2024-01-15 09:09:09,13.31,USD,approved,True,False,0
139,70,7,2024-01-15 09:17:59,58.86,USD,approved,False,True,0
3919,13,57,2024-01-15 09:25:19,49.27,GBP,approved,False,True,0
3520,185,23,2024-01-15 10:34:50,77.01,GBP,approved,False,True,0
2176,153,39,2024-01-15 10:35:47,51.63,USD,approved,True,False,0
1874,189,27,2024-01-15 10:47:19,39.09,USD,approved,False,False,1
337,193,60,2024-01-15 10:52:12,96.66,GBP,approved,False,True,0
3194,39,48,2024-01-15 11:22:47,20.35,EUR,approved,False,True,0
2117,193,41,2024-01-15 11:39:36,56.33,EUR,approved,False,True,1
3862,129,25,2024-01-15 11:47:20,53.54,EUR,approved,False,True,0
2272,64,5,2024-01-15 11:55:12,32.55,GBP,approved,False,False,0
1932,97,64,2024-01-15 12:07:04,111.43,USD,approved,False,True,0
367,94,7,2024-01-15 12:16:57,39.12,JPY,approved,False,True,0
2934,87,40,2024-01-15 12:25:25,25.9,GBP,approved,True,False,0
4548,169,36,2024-01-15 13:08:17,64.59,USD,approved,False,True,0
90,167,43,2024-01-15 13:19:25,31.13,EUR,approved,False,True,0
1656,47,68,2024-01-15 13:31:15,6.91,USD,approved,False,True,0
1859,105,35,2024-01-15 13:48:23,35.33,USD,approved,False,True,0
3104,88,54,2024-01-15 13:51:50,50.17,EUR,approved,False,True,0
3238,199,26,2024-01-15 14:17:41,106.2,EUR,approved,False,False,0
22,75,38,2024-01-15 14:43:00,43.36,USD,approved,False,True,0
1903,144,66,2024-01-15 14:59:33,69.41,GBP,declined,False,True,0
1868,153,20,2024-01-15 15:30:40,18.49,USD,approved,False,False,0
3823,110,52,2024-01-15 16:10:08,42.6,USD,approved,False,True,0
4149,173,35,2024-01-15 17:01:08,60.63,USD,approved,True,True,0
71,160,73,2024-01-15 17:32:32,27.23,USD,approved,False,False,0
893,105,11,2024-01-15 17:41:26,41.85,GBP,approved,True,True,0
2958,98,40,2024-01-15 17:47:58,20.92,JPY,approved,False,True,0
4198,25,27,2024-01-15 17:51:31,41.63,USD,approved,True,True,1
424,117,20,2024-01-15 18:25:13,19.21,EUR,approved,False,True,0
2999,87,11,2024-01-15 18:26:21,45.22,USD,approved,True,True,0
275,84,50,2024-01-15 18:26:42,60.79,JPY,approved,False,False,0
3245,146,48,2024-01-15 18:39:15,83.68,EUR,declined,False,True,0
1518,10,46,2024-01-15 18:55:02,14.58,EUR,pending,False,False,0
2251,102,28,2024-01-15 19:29:17,14.27,USD,approved,False,True,0
3675,130,77,2024-01-15 19:53:32,17.18,USD,approved,False,True,0
2499,7,47,2024-01-15 19:55:41,81.26,USD,approved,False,False,1
2735,90,1,2024-01-15 20:11:22,87.01,USD,approved,False,True,0
596,161,29,2024-01-15 21:25:02,36.28,USD,approved,True,True,0
1481,31,53,2024-01-15 21:37:37,13.02,USD,approved,False,True,0
3167,150,9,2024-01-15 21:52:36,24.21,USD,approved,False,True,0
4285,25,2,2024-01-15 21:55:27,48.46,USD,pending,False,True,0
82,88,41,2024-01-15 22:00:19,37.58,USD,declined,False,False,0
2893,73,26,2024-01-15 22:25:47,38.27,GBP,approved,False,True,0
1261,54,10,2024-01-15 22:37:30,36.35,EUR,approved,True,True,1
2660,33,50,2024-01-15 22:57:00,47.49,EUR,approved,False,True,0
2213,121,41,2024-01-15 23:09:35,85.71,EUR,approved,False,True,0
3714,45,77,2024-01-15 23:13:08,19.89,USD,approved,False,True,0
1546,119,52,2024-01-15 23:25:53,30.15,USD,approved,False,True,0
4687,190,56,2024-01-15 23:37:16,63.98,EUR,approved,False,True,0
1892,50,27,2024-01-16 00:57:17,53.55,USD,approved,False,True,0
3005,141,76,2024-01-16 00:59:18,34.36,EUR,approved,False,True,0
3455,164,72,2024-01-16 00:59:44,48.43,USD,approved,False,False,0
4441,66,34,2024-01-16 01:23:33,18.08,USD,approved,False,True,0
4056,76,55,2024-01-16 01:28:53,51.89,USD,approved,False,False,0
871,92,63,2024-01-16 01:31:05,81.21,USD,approved,False,True,0
4397,59,19,2024-01-16 01:33:55,53.92,JPY,approved,False,True,0
1121,3,19,2024-01-16 02:26:16,119.53,USD,approved,False,True,0
1830,197,24,2024-01-16 02:55:14,74.49,EUR,approved,False,True,0
3172,188,74,2024-01-16 02:58:19,53.54,EUR,approved,False,True,0
3854,71,15,2024-01-16 03:23:06,30.46,EUR,approved,False,True,0
1720,104,54,2024-01-16 03:29:05,117.81,JPY,approved,False,True,0
402,156,56,2024-01-16 03:39:32,55.43,USD,approved,False,False,0
1123,54,65,2024-01-16 03:56:55,33.26,USD,approved,True,True,1
3881,173,37,2024-01-16 04:12:15,47.53,EUR,approved,False,False,0
4204,27,74,2024-01-16 04:25:52,54.55,USD,approved,False,False,0
2289,188,36,2024-01-16 04:43:03,33.55,USD,approved,False,True,0
1708,183,27,2024-01-16 04:43:44,14.39,USD,reversed,True,True,0
1381,197,24,2024-01-16 04:44:47,58.79,USD,approved,False,True,0
4804,159,24,2024-01-16 04:47:24,41.47,USD,declined,False,False,0
2955,56,53,2024-01-16 04:58:27,9.07,USD,approved,False,False,0
4163,113,54,2024-01-16 05:16:19,22.18,EUR,approved,True,True,0
3319,52,19,2024-01-16 05:23:58,40.25,USD,pending,False,True,0
2109,57,23,2024-01-16 05:24:50,69.22,USD,approved,True,False,0
4077,196,57,2024-01-16 05:42:34,14.02,GBP,approved,False,False,0
4343,94,36,2024-01-16 05:46:38,57.78,USD,approved,False,True,0
2376,199,77,2024-01-16 06:30:19,193.28,EUR,approved,False,False,1
2974,197,18,2024-01-16 06:57:03,59.19,USD,approved,False,True,0
3090,94,39,2024-01-16 07:21:48,39.1,GBP,approved,False,False,0
2995,155,68,2024-01-16 07:28:46,38.07,USD,approved,False,True,0
531,120,48,2024-01-16 07:47:33,108.69,USD,approved,False,False,0
3224,156,67,2024-01-16 08:31:26,44.86,EUR,approved,False,True,0
992,110,38,2024-01-16 08:52:22,79.98,EUR,approved,True,False,0
3666,91,6,2024-01-16 09:34:04,36.17,EUR,approved,False,True,0
598,156,55,2024-01-16 09:34:33,93.53,EUR,approved,False,False,0
4698,18,11,2024-01-16 09:55:14,38.2,USD,approved,False,True,0
663,8,69,2024-01-16 10:03:44,49.5,JPY,approved,False,False,0
655,111,20,2024-01-16 10:23:57,105.25,EUR,approved,False,True,0
3987,63,60,2024-01-16 10:40:14,41.24,USD,approved,True,True,0
3673,118,21,2024-01-16 10:53:24,65.91,EUR,approved,False,False,0
3523,166,59,2024-01-16 10:55:16,31.4,JPY,approved,False,True,0
4017,55,31,2024-01-16 11:04:38,26.61,USD,approved,False,True,0
4192,69,79,2024-01-16 11:23:39,29.14,JPY,approved,False,True,0
3330,184,52,2024-01-16 11:43:06,30.4,EUR,approved,False,False,0
2657,12,65,2024-01-16 12:24:21,18.64,EUR,reversed,False,True,0
2673,171,57,2024-01-16 13:07:57,139.0,USD,approved,False,True,0
2928,65,22,2024-01-16 13:17:29,129.83,USD,approved,False,True,0
4362,157,76,2024-01-16 13:18:51,325.49,USD,pending,False,False,0
1965,164,7,2024-01-16 13:20:48,23.12,USD,approved,False,False,0
4782,119,19,2024-01-16 13:21:59,46.84,USD,approved,False,False,0
5,87,62,2024-01-16 13:33:09,95.92,EUR,approved,False,True,0
1274,136,68,2024-01-16 13:58:06,33.1,USD,approved,False,True,0
2757,177,12,2024-01-16 14:08:09,34.35,USD,approved,False,True,0
624,84,70,2024-01-16 14:29:39,12.56,USD,approved,True,False,0
3913,39,55,2024-01-16 14:33:37,45.18,EUR,approved,False,True,0
2226,124,50,2024-01-16 15:06:36,51.61,GBP,approved,False,False,0
3182,40,9,2024-01-16 15:25:29,25.46,JPY,approved,False,True,0
754,188,22,2024-01-16 15:33:47,57.37,USD,declined,False,True,0
2268,146,34,2024-01-16 15:58:05,12.03,EUR,approved,False,True,0
247,152,47,2024-01-16 16:02:19,62.0,USD,reversed,False,True,0
1334,162,8,2024-01-16 16:17:11,39.1,USD,approved,False,True,0
3272,83,2,2024-01-16 16:30:28,16.63,USD,approved,False,True,0
2909,26,9,2024-01-16 16:37:49,23.38,EUR,approved,False,False,0
2849,56,6,2024-01-16 16:48:46,22.02,USD,approved,False,True,0
803,104,35,2024-01-16 16:56:00,18.03,EUR,approved,False,True,0
2493,186,17,2024-01-16 16:56:12,33.53,USD,approved,True,True,0
4963,198,62,2024-01-16 16:57:27,34.79,EUR,approved,False,True,0
2098,173,10,2024-01-16 17:22:19,58.57,USD,approved,False,False,0
3689,194,43,2024-01-16 17:24:25,17.55,USD,approved,True,True,1
289,109,22,2024-01-16 17:40:29,27.4,EUR,approved,False,True,0
971,60,60,2024-01-16 18:52:19,72.3,GBP,approved,False,True,1
3776,38,13,2024-01-16 19:06:24,32.11,USD,approved,False,False,0
4974,155,51,2024-01-16 19:10:51,21.41,USD,approved,False,True,0
4374,164,23,2024-01-16 20:00:13,74.48,USD,pending,True,False,0
3015,98,64,2024-01-16 20:29:39,34.86,USD,declined,False,True,0
4541,120,4,2024-01-16 20:43:42,40.68,USD,approved,False,False,0
2982,13,79,2024-01-16 21:06:43,29.7,EUR,approved,False,True,0
488,107,62,2024-01-16 21:20:34,19.5,USD,pending,False,True,0
2065,118,3,2024-01-16 21:38:22,65.57,GBP,approved,False,True,0
506,91,67,2024-01-16 21:54:34,24.75,USD,approved,False,False,0
3984,135,69,2024-01-16 22:15:42,84.23,USD,approved,True,False,0
1000,103,8,2024-01-16 22:46:32,110.88,EUR,approved,False,False,0
1774,79,44,2024-01-16 23:31:14,64.56,USD,approved,False,True,0
620,28,14,2024-01-17 00:07:17,21.04,USD,approved,False,False,0
3055,158,56,2024-01-17 00:13:54,30.73,EUR,approved,False,False,0
2317,18,54,2024-01-17 00:31:57,19.4,USD,approved,True,True,0
2774,142,79,2024-01-17 01:08:59,14.15,EUR,approved,False,True,0
593,48,43,2024-01-17 01:27:43,19.92,USD,approved,False,True,0
4126,101,22,2024-01-17 01:42:59,23.17,EUR,approved,True,True,0
2979,57,38,2024-01-17 02:00:38,87.33,EUR,approved,False,True,0
769,28,38,2024-01-17 02:25:36,37.21,USD,approved,False,True,0
1185,85,15,2024-01-17 02:28:54,70.93,EUR,approved,False,True,0
4584,142,2,2024-01-17 02:42:46,37.7,GBP,approved,False,False,0
4053,153,4,2024-01-17 02:44:37,29.99,EUR,approved,True,True,0
2308,31,17,2024-01-17 02:45:22,28.26,GBP,approved,False,False,0
3147,129,80,2024-01-17 03:11:02,38.82,USD,approved,True,False,0
2564,82,67,2024-01-17 03:36:59,23.2,USD,approved,False,True,0
2598,145,34,2024-01-17 03:44:10,28.17,USD,approved,False,False,0
2743,103,68,2024-01-17 03:44:23,42.98,GBP,approved,False,True,0
3392,105,42,2024-01-17 03:50:46,103.08,EUR,approved,False,False,1
4384,113,20,2024-01-17 04:08:05,28.37,JPY,approved,False,True,0
4210,122,56,2024-01-17 04:36:53,32.34,EUR,approved,False,False,0
3880,9,25,2024-01-17 04:43:42,25.52,USD,approved,True,True,0
4939,60,50,2024-01-17 04:45:24,75.16,USD,approved,False,False,0
4715,6,55,2024-01-17 05:00:07,55.91,USD,approved,False,False,0
1462,63,36,2024-01-17 05:31:27,33.81,GBP,approved,False,True,0
1050,24,26,2024-01-17 05:53:06,9.02,USD,approved,False,True,0
892,142,34,2024-01-17 06:02:28,44.2,JPY,approved,False,True,0
3539,106,3,2024-01-17 07:37:12,13.9,USD,reversed,False,False,0
1828,197,5,2024-01-17 07:39:16,18.31,USD,approved,False,True,0
680,188,4,2024-01-17 07:42:59,14.38,USD,approved,False,False,0
677,117,42,2024-01-17 08:02:44,31.79,EUR,approved,False,False,0
3504,41,12,2024-01-17 08:06:14,17.38,USD,approved,True,True,0
3781,12,44,2024-01-17 08:15:39,52.11,USD,declined,True,False,0
4905,38,50,2024-01-17 08:30:06,31.64,EUR,approved,True,True,0
3062,62,41,2024-01-17 08:34:23,17.99,USD,approved,False,False,0
665,120,44,2024-01-17 08:41:08,46.06,EUR,approved,False,False,0
2207,27,79,2024-01-17 08:53:12,85.84,GBP,approved,True,True,0
3196,36,50,2024-01-17 09:28:15,33.85,USD,approved,False,True,0
3669,86,3,2024-01-17 09:28:50,56.32,USD,approved,False,False,0
4624,16,55,2024-01-17 09:29:16,30.27,USD,reversed,False,True,0
3100,55,58,2024-01-17 09:39:02,27.84,USD,approved,False,False,0
4658,115,63,2024-01-17 10:13:26,21.91,JPY,approved,False,False,0
671,191,29,2024-01-17 10:39:38,22.02,EUR,approved,False,False,0
1760,117,77,2024-01-17 10:46:51,66.76,EUR,approved,False,True,1
2577,55,75,2024-01-17 10:54:14,21.39,USD,approved,False,True,0
1681,189,16,2024-01-17 11:15:51,111.72,EUR,declined,False,False,0
3206,136,45,2024-01-17 11:15:54,74.71,USD,approved,True,True,1
2269,24,38,2024-01-17 11:21:27,25.83,USD,pending,False,True,0
4065,152,49,2024-01-17 11:25:43,20.8,USD,approved,False,True,0
4176,70,74,2024-01-17 12:09:17,26.89,EUR,approved,False,False,0
4718,198,2,2024-01-17 12:55:14,34.81,GBP,approved,False,True,0
889,4,54,2024-01-17 12:56:16,36.19,EUR,approved,False,True,0
3838,120,1,2024-01-17 12:58:24,56.85,EUR,approved,False,False,0
2710,175,49,2024-01-17 13:27:11,77.86,USD,approved,False,True,0
2665,43,63,2024-01-17 13:38:59,21.52,USD,approved,False,False,0
3561,14,78,2024-01-17 13:45:57,32.41,JPY,declined,False,True,0
481,58,80,2024-01-17 13:59:48,13.69,EUR,approved,True,True,0
4846,154,23,2024-01-17 14:28:22,20.65,EUR,approved,False,True,0
4277,14,14,2024-01-17 15:00:08,24.87,USD,reversed,False,False,0
3867,105,9,2024-01-17 15:28:07,12.65,GBP,approved,False,False,0
4985,39,22,2024-01-17 15:37:30,54.8,USD,declined,True,True,0
2273,60,46,2024-01-17 15:41:02,54.93,EUR,approved,False,True,0
1127,171,14,2024-01-17 15:42:32,104.02,JPY,approved,False,False,0
1686,105,13,2024-01-17 16:14:03,44.55,EUR,approved,True,True,0
395,144,44,2024-01-17 16:25:20,22.87,GBP,approved,False,False,0
300,5,68,2024-01-17 16:40:25,19.43,JPY,approved,False,False,0
2431,27,72,2024-01-17 16:56:16,58.2,EUR,approved,False,True,0
3813,135,45,2024-01-17 18:13:47,62.56,EUR,approved,False,False,0
3611,112,17,2024-01-17 18:19:32,70.66,USD,approved,False,True,0
1870,155,7,2024-01-17 18:23:49,46.84,USD,approved,False,False,0
2647,114,45,2024-01-17 18:30:02,29.68,GBP,approved,False,False,0
1289,21,22,2024-01-17 18:33:50,40.48,USD,approved,False,False,0
3456,174,15,2024-01-17 18:41:19,51.03,GBP,approved,False,False,0
3240,8,39,2024-01-17 20:14:16,40.66,USD,declined,True,True,0
2329,6,32,2024-01-17 20:33:59,14.21,USD,approved,False,False,0
4956,39,17,2024-01-17 20:34:33,41.17,EUR,declined,False,False,0
2445,120,55,2024-01-17 20:50:11,35.96,EUR,approved,False,True,0
4438,190,41,2024-01-17 20:59:02,21.3,USD,approved,True,True,0
1299,107,24,2024-01-17 21:00:27,31.57,USD,approved,False,False,0
138,7,53,2024-01-17 21:13:59,38.35,USD,approved,True,True,0
3081,88,72,2024-01-17 21:54:06,89.04,USD,approved,False,False,0
2125,150,7,2024-01-17 22:07:16,51.54,GBP,approved,False,True,0
112,157,56,2024-01-17 22:10:24,104.6,GBP,approved,False,False,0
1243,193,74,2024-01-17 22:41:27,126.21,EUR,approved,True,False,0
2908,190,58,2024-01-17 23:05:50,62.21,EUR,approved,False,False,0
1811,49,66,2024-01-17 23:13:02,33.09,USD,approved,True,False,0
3244,104,64,2024-01-17 23:20:16,25.68,JPY,approved,True,False,0
3966,171,64,2024-01-17 23:27:51,80.65,EUR,approved,False,False,0
822,134,57,2024-01-17 23:30:30,22.78,EUR,approved,False,False,0
2067,146,1,2024-01-17 23:51:59,27.96,USD,approved,False,True,0
2750,195,80,2024-01-18 00:03:31,18.72,EUR,approved,False,True,0
3481,160,51,2024-01-18 00:04:20,45.34,JPY,approved,False,True,0
1111,127,70,2024-01-18 00:34:29,24.72,USD,approved,False,False,0
2416,98,54,2024-01-18 00:38:27,27.87,USD,approved,False,False,0
753,18,10,2024-01-18 00:44:50,61.03,USD,approved,False,True,0
3567,85,63,2024-01-18 01:00:12,23.21,JPY,approved,False,True,0
719,48,1,2024-01-18 01:53:11,23.77,GBP,approved,False,False,0
4742,93,35,2024-01-18 01:53:33,73.77,USD,approved,False,True,0
216,55,19,2024-01-18 01:56:54,32.92,EUR,approved,False,False,0
1840,111,69,2024-01-18 02:00:32,483.01,EUR,approved,False,True,0
690,157,17,2024-01-18 02:23:10,42.7,USD,approved,False,True,0
3605,185,15,2024-01-18 02:49:20,25.21,JPY,approved,False,True,1
4100,68,23,2024-01-18 03:42:01,54.56,EUR,declined,False,True,1
3515,53,45,2024-01-18 04:18:48,18.59,USD,approved,False,True,0
795,87,33,2024-01-18 04:25:06,40.25,USD,approved,False,True,0
1325,174,76,2024-01-18 04:33:23,35.14,EUR,approved,True,True,0
2758,127,2,2024-01-18 04:35:46,51.38,USD,declined,False,True,0
3914,111,12,2024-01-18 04:45:15,163.02,USD,approved,True,True,0
1176,68,37,2024-01-18 04:58:07,24.76,EUR,approved,True,False,0
1092,90,79,2024-01-18 05:50:46,46.22,USD,approved,False,False,0
4684,14,34,2024-01-18 05:56:24,75.74,USD,approved,False,True,0
3517,34,41,2024-01-18 06:16:41,23.09,USD,declined,True,False,0
2853,23,20,2024-01-18 06:17:57,17.76,EUR,reversed,True,True,0
3295,39,8,2024-01-18 06:23:16,17.22,EUR,approved,False,True,0
1941,33,66,2024-01-18 07:01:40,91.08,USD,approved,False,False,0
2509,82,51,2024-01-18 07:40:31,57.11,USD,approved,False,False,0
2902,161,35,2024-01-18 07:50:54,23.77,USD,approved,True,True,0
616,128,59,2024-01-18 08:07:55,33.86,EUR,declined,False,False,0
2409,93,44,2024-01-18 08:21:47,107.17,USD,approved,True,False,0
3061,50,32,2024-01-18 08:31:05,22.7,EUR,approved,True,True,0
1219,162,2,2024-01-18 08:58:39,30.74,GBP,approved,False,True,0
3921,188,59,2024-01-18 09:02:51,91.46,USD,pending,True,True,0
4484,13,19,2024-01-18 09:13:30,121.31,USD,approved,True,True,0
4245,71,61,2024-01-18 09:17:03,52.41,USD,approved,False,False,0
3887,17,55,2024-01-18 09:24:49,547.4,USD,declined,True,False,0
3733,81,31,2024-01-18 09:49:00,17.38,USD,approved,True,True,0
4505,4,3,2024-01-18 09:52:39,77.03,USD,approved,False,False,0
1102,94,71,2024-01-18 09:55:08,23.63,USD,approved,False,True,0
484,160,68,2024-01-18 10:00:10,48.88,GBP,approved,False,True,0
1205,131,5,2024-01-18 10:19:54,97.42,USD,approved,False,True,0
180,101,33,2024-01-18 10:29:46,65.58,USD,approved,False,False,0
1074,106,50,2024-01-18 10:41:55,99.29,USD,approved,False,False,0
3101,74,36,2024-01-18 11:23:47,82.87,USD,approved,False,False,0
335,93,49,2024-01-18 11:27:35,44.75,USD,approved,False,True,0
929,84,10,2024-01-18 11:44:52,17.44,USD,approved,False,True,0
1725,107,23,2024-01-18 11:50:03,23.42,EUR,approved,False,True,0
779,55,57,2024-01-18 11:56:34,17.41,EUR,approved,False,False,0
1392,106,32,2024-01-18 12:06:30,62.97,USD,approved,False,True,0
32,46,67,2024-01-18 12:06:44,19.28,USD,approved,False,True,0
2262,200,9,2024-01-18 12:14:09,65.33,USD,declined,False,False,1
262,35,7,2024-01-18 12:52:20,57.93,EUR,approved,False,True,0
1936,33,25,2024-01-18 12:56:44,57.97,USD,approved,True,True,1
2904,124,77,2024-01-18 12:57:47,44.26,EUR,approved,False,True,0
4823,182,18,2024-01-18 13:05:29,54.29,USD,declined,False,True,0
1119,145,41,2024-01-18 13:08:04,65.1,USD,approved,False,True,0
1744,5,3,2024-01-18 13:08:30,25.0,USD,approved,False,True,0
3624,89,64,2024-01-18 13:27:10,49.69,USD,approved,False,True,0
1043,84,29,2024-01-18 13:37:44,27.79,USD,approved,False,False,0
3403,32,6,2024-01-18 13:38:37,87.24,USD,approved,False,True,0
2303,114,76,2024-01-18 14:20:29,58.87,USD,approved,False,True,0
1310,171,15,2024-01-18 14:20:54,230.34,USD,approved,False,True,0
4159,40,48,2024-01-18 14:30:59,40.5,JPY,approved,False,True,0
627,68,34,2024-01-18 14:32:52,30.17,USD,approved,False,True,0
4970,164,25,2024-01-18 14:35:51,45.98,USD,approved,False,True,0
4911,190,76,2024-01-18 14:56:04,13.69,GBP,declined,True,True,0
1664,111,22,2024-01-18 15:02:27,41.86,EUR,approved,False,True,0
3141,99,62,2024-01-18 15:13:27,30.88,GBP,approved,False,True,0
1793,69,69,2024-01-18 15:21:01,122.01,USD,declined,False,True,1
142,43,2,2024-01-18 15:31:40,12.31,USD,approved,False,False,0
1460,104,39,2024-01-18 15:53:44,25.64,USD,approved,False,True,0
2138,5,67,2024-01-18 16:25:23,40.94,USD,approved,False,True,0
1357,69,56,2024-01-18 17:36:15,28.76,EUR,approved,False,False,0
855,58,33,2024-01-18 17:36:34,17.0,JPY,approved,False,True,0
4749,173,57,2024-01-18 17:38:12,91.24,USD,declined,False,True,0
3309,5,58,2024-01-18 17:46:56,19.85,USD,approved,False,False,0
438,186,1,2024-01-18 18:03:23,32.72,EUR,approved,False,False,0
831,50,27,2024-01-18 18:36:12,28.57,JPY,approved,False,True,0
2690,197,77,2024-01-18 18:41:44,16.19,USD,approved,False,True,0
4250,76,9,2024-01-18 18:59:59,44.54,EUR,approved,False,True,0
711,136,22,2024-01-18 19:32:15,157.5,USD,pending,False,False,0
4195,113,18,2024-01-18 19:39:52,37.07,EUR,pending,False,True,0
1505,120,34,2024-01-18 19:59:30,25.41,JPY,approved,False,True,0
3949,194,75,2024-01-18 21:04:08,18.02,USD,reversed,False,False,0
1818,51,41,2024-01-18 21:48:06,23.56,USD,approved,False,False,1
2754,131,1,2024-01-18 21:53:10,24.54,GBP,approved,True,True,0
4667,62,49,2024-01-18 22:09:05,21.94,USD,approved,False,True,0
2267,137,62,2024-01-18 22:14:51,11.79,USD,pending,False,False,0
2076,82,48,2024-01-18 22:27:54,86.91,GBP,declined,True,False,0
407,87,59,2024-01-18 22:30:26,63.86,GBP,declined,False,False,0
4239,152,52,2024-01-18 22:35:30,25.7,GBP,approved,False,True,0
1226,194,57,2024-01-18 22:52:03,39.19,USD,declined,True,True,1
131,114,26,2024-01-18 23:38:31,44.35,USD,pending,False,True,0
204,140,54,2024-01-18 23:46:54,12.66,USD,approved,True,True,1
2876,104,52,2024-01-19 00:14:19,40.9,USD,approved,False,True,0
2865,18,19,2024-01-19 00:29:03,44.81,GBP,approved,True,True,0
3731,145,48,2024-01-19 00:43:30,63.52,USD,approved,False,False,0
1643,90,78,2024-01-19 00:59:52,32.64,USD,declined,False,True,1
4299,8,68,2024-01-19 01:12:59,27.55,EUR,approved,False,False,0
126,114,60,2024-01-19 02:48:44,40.69,USD,approved,False,True,0
3300,161,34,2024-01-19 02:50:48,13.2,EUR,approved,False,True,0
3426,196,36,2024-01-19 03:05:05,42.11,EUR,approved,False,False,0
1849,105,28,2024-01-19 03:46:25,58.54,USD,approved,False,True,1
3233,136,70,2024-01-19 03:54:31,34.96,USD,approved,True,False,0
317,147,43,2024-01-19 04:25:29,30.19,GBP,approved,False,True,0
2507,92,13,2024-01-19 04:46:47,422.34,USD,approved,False,True,1
4857,170,26,2024-01-19 05:17:31,14.06,EUR,approved,False,True,0
4690,145,32,2024-01-19 05:48:02,60.99,USD,approved,True,False,0
1487,33,63,2024-01-19 06:30:04,56.17,EUR,approved,True,True,0
69,16,3,2024-01-19 06:39:40,37.53,EUR,declined,False,True,0
2745,40,14,2024-01-19 06:48:27,29.6,USD,approved,False,False,0
4462,68,26,2024-01-19 07:30:44,119.21,USD,approved,False,False,0
564,37,9,2024-01-19 07:50:44,12.37,EUR,approved,False,True,0
4391,37,31,2024-01-19 08:16:17,27.73,EUR,approved,False,False,0
1445,28,3,2024-01-19 08:42:23,21.94,EUR,approved,False,True,0
2456,96,20,2024-01-19 08:43:40,26.26,EUR,approved,False,False,0
379,76,39,2024-01-19 09:32:44,44.87,USD,approved,False,True,0
2265,22,42,2024-01-19 09:33:17,29.42,JPY,approved,False,True,0
1054,192,22,2024-01-19 09:57:22,22.07,GBP,approved,False,True,0
1459,53,28,2024-01-19 10:07:05,74.69,EUR,approved,False,True,0
4146,56,14,2024-01-19 10:21:14,14.85,USD,approved,False,False,0
1260,161,76,2024-01-19 10:36:07,33.24,GBP,pending,False,False,0
2803,198,59,2024-01-19 10:59:04,22.23,EUR,approved,False,False,0
1762,82,23,2024-01-19 11:06:15,53.64,USD,approved,False,False,0
4377,64,34,2024-01-19 11:08:06,13.22,USD,approved,True,True,0
793,145,32,2024-01-19 11:11:26,40.75,USD,approved,False,True,0
3065,142,62,2024-01-19 11:12:14,15.37,EUR,approved,False,True,0
995,106,11,2024-01-19 11:13:14,102.45,EUR,approved,False,False,0
4119,42,30,2024-01-19 11:29:39,67.36,EUR,approved,False,True,0
996,126,17,2024-01-19 11:41:21,26.58,USD,approved,False,False,0
2405,77,34,2024-01-19 11:51:34,18.92,EUR,pending,True,True,0
2593,107,44,2024-01-19 11:59:15,14.51,USD,approved,False,True,0
578,105,75,2024-01-19 12:29:46,28.67,USD,approved,False,True,0
982,141,64,2024-01-19 13:15:28,61.39,USD,declined,False,True,0
1114,59,50,2024-01-19 13:23:01,13.7,USD,pending,False,True,0
1244,98,27,2024-01-19 13:26:32,46.91,EUR,approved,False,False,0
320,154,19,2024-01-19 13:44:13,32.15,USD,approved,False,False,0
3485,82,11,2024-01-19 13:49:35,46.16,EUR,approved,False,False,0
1920,106,64,2024-01-19 13:59:28,18.65,JPY,approved,False,False,0
794,166,78,2024-01-19 14:03:16,86.01,EUR,approved,True,True,0
331,110,46,2024-01-19 14:47:42,25.96,GBP,approved,False,False,0
86,141,28,2024-01-19 15:37:04,28.43,EUR,approved,False,True,0
4270,101,52,2024-01-19 15:52:09,21.55,USD,approved,False,True,0
4260,6,22,2024-01-19 15:52:28,12.11,USD,approved,False,True,0
4113,31,69,2024-01-19 16:12:44,38.98,USD,approved,False,True,0
2133,104,63,2024-01-19 16:19:21,12.92,EUR,approved,False,True,1
1919,91,7,2024-01-19 16:21:02,54.79,USD,approved,False,False,0
3858,4,19,2024-01-19 16:42:23,22.82,USD,approved,False,True,0
740,180,3,2024-01-19 16:59:10,61.25,USD,approved,False,False,0
244,130,77,2024-01-19 17:13:46,54.16,USD,approved,False,True,0
3054,72,53,2024-01-19 18:04:31,22.61,USD,approved,False,False,0
1639,37,64,2024-01-19 18:42:36,26.48,USD,approved,False,True,0
486,47,14,2024-01-19 19:14:12,15.72,EUR,approved,False,False,0
3040,40,58,2024-01-19 19:34:49,35.19,USD,approved,True,True,0
2319,171,43,2024-01-19 20:18:23,154.64,USD,approved,True,True,0
1928,26,24,2024-01-19 20:41:15,34.98,USD,approved,True,True,0
3219,198,40,2024-01-19 21:22:09,11.14,EUR,approved,False,False,0
1866,81,79,2024-01-19 21:43:20,84.62,USD,approved,False,False,0
1634,177,59,2024-01-19 22:44:19,16.82,USD,approved,False,True,0
3187,154,35,2024-01-19 22:46:59,82.27,USD,reversed,True,True,0
1848,109,33,2024-01-19 23:22:31,30.9,USD,approved,False,True,0
4630,71,35,2024-01-19 23:40:05,117.26,USD,reversed,False,False,0
4513,25,38,2024-01-19 23:45:03,35.98,USD,approved,False,False,0
4904,145,60,2024-01-19 23:50:42,51.28,USD,pending,False,True,0
3325,87,43,2024-01-20 00:03:38,25.04,USD,approved,False,True,0
2747,45,66,2024-01-20 00:16:39,20.01,EUR,approved,False,True,0
2989,181,1,2024-01-20 00:24:59,10.51,USD,approved,False,False,0
4699,61,60,2024-01-20 00:59:25,645.91,USD,approved,True,False,0
597,116,43,2024-01-20 01:16:28,39.94,USD,approved,False,False,0
1666,80,3,2024-01-20 01:18:27,10.35,GBP,approved,False,True,0
2252,111,45,2024-01-20 01:18:36,191.31,USD,approved,False,True,1
796,60,17,2024-01-20 01:23:35,27.7,USD,approved,False,True,0
1166,21,53,2024-01-20 01:30:16,17.86,USD,approved,False,True,0
51,152,35,2024-01-20 02:00:00,77.38,EUR,approved,False,True,0
291,162,67,2024-01-20 02:12:42,24.62,USD,approved,False,False,0
3745,49,33,2024-01-20 02:32:50,47.48,JPY,declined,False,True,0
2270,196,48,2024-01-20 02:46:45,28.81,GBP,approved,True,False,0
3371,198,78,2024-01-20 03:20:32,42.02,GBP,approved,False,True,0
931,108,75,2024-01-20 03:30:39,16.91,USD,approved,True,True,0
4180,94,71,2024-01-20 03:36:27,22.08,EUR,approved,True,True,0
1456,14,16,2024-01-20 03:36:32,33.04,USD,approved,False,True,0
3530,25,55,2024-01-20 03:56:41,15.38,USD,approved,False,False,0
3756,65,16,2024-01-20 04:02:36,80.8,GBP,approved,False,True,0
563,99,63,2024-01-20 04:13:23,75.36,USD,approved,False,True,0
4719,81,45,2024-01-20 04:18:39,22.82,EUR,declined,True,False,1
2296,161,32,2024-01-20 05:02:45,40.85,EUR,declined,False,False,0
429,6,3,2024-01-20 05:10:39,28.15,EUR,approved,False,True,0
3709,99,40,2024-01-20 05:11:04,36.49,USD,approved,False,False,1
4254,68,68,2024-01-20 05:17:45,38.05,USD,approved,False,True,0
3004,193,29,2024-01-20 05:31:42,37.91,EUR,approved,False,False,0
4103,39,39,2024-01-20 05:35:44,22.95,GBP,approved,False,True,0
4534,151,53,2024-01-20 06:30:04,18.01,USD,approved,False,True,0
4456,14,21,2024-01-20 06:30:06,23.95,USD,pending,False,True,0
673,128,77,2024-01-20 06:31:26,41.47,GBP,approved,False,True,0
2925,85,11,2024-01-20 06:52:36,82.21,EUR,approved,True,True,0
1116,99,13,2024-01-20 07:04:33,15.65,USD,approved,False,True,0
2263,7,61,2024-01-20 07:17:15,31.79,USD,approved,False,True,0
715,185,77,2024-01-20 07:18:13,79.16,USD,approved,False,False,0
286,188,46,2024-01-20 07:19:19,107.05,GBP,approved,True,True,0
4994,111,14,2024-01-20 07:27:34,55.33,EUR,approved,False,False,0
49,136,24,2024-01-20 07:35:16,29.27,EUR,approved,False,True,0
3322,33,42,2024-01-20 07:46:29,33.12,USD,approved,False,True,0
1028,57,56,2024-01-20 08:24:15,46.67,USD,approved,True,False,0
4629,153,53,2024-01-20 08:33:11,23.55,USD,reversed,False,False,0
1785,146,20,2024-01-20 08:44:31,39.28,USD,approved,False,True,0
2623,21,68,2024-01-20 09:02:42,41.41,JPY,approved,False,True,0
4577,17,29,2024-01-20 09:06:03,72.81,JPY,approved,False,True,0
826,19,43,2024-01-20 09:07:17,10.41,USD,approved,True,True,0
2130,65,78,2024-01-20 09:13:40,40.95,EUR,approved,False,True,0
4360,194,70,2024-01-20 09:22:38,9.23,USD,approved,False,True,0
3449,122,66,2024-01-20 09:25:02,100.51,USD,approved,False,True,0
3645,192,4,2024-01-20 10:14:45,34.69,USD,approved,False,True,0
640,190,74,2024-01-20 10:25:31,47.56,USD,pending,False,True,0
3808,32,22,2024-01-20 11:16:44,15.88,GBP,approved,False,True,0
340,191,38,2024-01-20 12:08:53,40.65,GBP,pending,False,False,0
3728,106,79,2024-01-20 12:48:34,44.25,USD,reversed,False,True,0
1684,160,66,2024-01-20 13:38:05,35.37,USD,approved,False,True,0
1507,183,76,2024-01-20 14:33:00,8.18,USD,approved,False,True,0
467,34,3,2024-01-20 14:42:38,12.67,USD,approved,False,True,0
3716,58,26,2024-01-20 15:32:57,30.7,USD,approved,False,True,0
267,90,44,2024-01-20 15:38:51,25.01,JPY,approved,False,True,0
4096,110,21,2024-01-20 16:22:02,11.65,USD,approved,False,True,0
290,95,24,2024-01-20 16:31:24,44.72,USD,reversed,False,False,0
3344,124,57,2024-01-20 16:38:15,24.0,EUR,approved,False,False,0
523,39,61,2024-01-20 17:06:33,17.68,EUR,approved,False,False,0
3970,124,70,2024-01-20 17:10:30,20.64,USD,pending,False,False,0
582,167,67,2024-01-20 17:18:39,12.39,JPY,approved,False,False,0
3721,128,57,2024-01-20 17:27:37,8.95,EUR,pending,False,True,0
534,57,36,2024-01-20 17:28:06,51.98,EUR,approved,False,True,0
4806,151,15,2024-01-20 17:39:05,13.15,EUR,approved,True,False,0
373,83,29,2024-01-20 17:41:38,64.35,USD,pending,False,True,0
3179,44,54,2024-01-20 17:48:17,55.0,USD,reversed,False,False,0
56,9,73,2024-01-20 18:09:00,96.46,GBP,approved,False,True,0
3277,15,61,2024-01-20 18:12:02,88.79,USD,approved,False,False,0
1425,52,78,2024-01-20 18:27:44,36.02,USD,approved,True,True,0
1511,67,23,2024-01-20 18:30:04,13.98,USD,approved,False,False,0
2786,24,42,2024-01-20 18:42:53,98.38,EUR,approved,False,True,0
867,164,58,2024-01-20 19:11:40,164.99,EUR,approved,False,True,0
4796,38,41,2024-01-20 19:22:06,26.81,EUR,approved,False,True,0
314,57,32,2024-01-20 19:29:11,26.72,GBP,approved,False,True,0
2985,144,58,2024-01-20 19:46:01,64.48,USD,approved,False,False,0
3784,152,61,2024-01-20 20:09:25,118.26,GBP,approved,True,False,0
4376,117,37,2024-01-20 20:10:35,18.21,EUR,approved,False,True,0
988,64,44,2024-01-20 20:26:11,37.98,USD,approved,True,True,1
3584,62,6,2024-01-20 20:37:24,25.15,USD,approved,False,False,0
3603,32,21,2024-01-20 20:53:45,36.24,USD,approved,False,True,0
2714,105,65,2024-01-20 21:31:54,70.3,USD,approved,False,True,0
3453,91,58,2024-01-20 21:40:45,33.24,EUR,approved,False,False,0
1549,99,46,2024-01-20 21:43:13,26.81,USD,approved,False,False,0
4095,192,17,2024-01-20 21:44:31,81.21,EUR,approved,False,False,0
4640,184,45,2024-01-20 21:51:21,117.0,EUR,pending,False,True,0
2097,188,13,2024-01-20 22:07:06,48.11,EUR,approved,False,False,0
1105,62,66,2024-01-20 22:12:11,42.28,GBP,approved,False,True,0
1443,187,44,2024-01-20 22:25:52,77.27,USD,approved,False,False,0
2835,78,74,2024-01-20 22:37:17,84.96,EUR,approved,False,False,1
1732,181,27,2024-01-20 23:16:14,23.24,EUR,approved,False,False,0
3480,156,53,2024-01-20 23:42:00,55.27,USD,approved,False,False,0
4535,6,7,2024-01-20 23:42:57,3.6,GBP,declined,False,True,0
1150,171,70,2024-01-20 23:49:00,79.75,USD,approved,False,False,0
3409,132,3,2024-01-21 00:02:11,10.6,EUR,approved,False,True,0
3677,74,64,2024-01-21 00:05:59,72.46,USD,approved,False,False,0
4046,3,62,2024-01-21 00:19:11,204.83,USD,approved,False,False,1
158,112,10,2024-01-21 00:43:16,8.04,USD,declined,False,True,0
4295,186,16,2024-01-21 00:43:20,66.87,EUR,approved,False,False,0
1,18,16,2024-01-21 01:02:54,78.03,GBP,approved,False,True,0
4652,198,33,2024-01-21 01:10:45,43.31,USD,approved,False,True,0
3542,117,80,2024-01-21 01:22:54,24.07,EUR,approved,False,True,0
3701,31,45,2024-01-21 01:51:16,43.21,EUR,approved,False,False,0
4545,90,52,2024-01-21 01:55:27,19.63,EUR,approved,False,True,0
3353,22,28,2024-01-21 02:22:50,17.64,JPY,pending,False,True,0
1619,25,26,2024-01-21 02:37:33,28.7,USD,pending,False,False,0
4404,188,36,2024-01-21 02:45:39,39.22,JPY,approved,False,False,0
1585,128,59,2024-01-21 02:57:20,15.19,USD,approved,False,True,0
3688,189,19,2024-01-21 04:32:23,46.14,USD,approved,False,False,0
4283,34,10,2024-01-21 04:34:06,29.05,USD,approved,False,True,0
4899,152,53,2024-01-21 04:52:05,30.84,USD,approved,False,True,0
660,58,59,2024-01-21 04:53:08,8.77,EUR,declined,True,True,0
3243,180,44,2024-01-21 05:30:08,16.96,EUR,approved,True,False,0
2722,134,38,2024-01-21 05:49:27,14.99,GBP,approved,False,True,0
4333,173,52,2024-01-21 06:06:15,83.17,USD,approved,True,False,0
4609,175,38,2024-01-21 06:42:40,24.75,EUR,approved,True,False,0
3626,149,21,2024-01-21 06:55:48,46.06,EUR,approved,False,False,0
1401,171,43,2024-01-21 07:00:58,231.57,GBP,approved,False,False,1
3712,200,56,2024-01-21 07:19:46,35.98,USD,approved,False,True,0
2578,91,28,2024-01-21 07:26:08,20.78,USD,approved,False,False,0
1068,129,19,2024-01-21 07:43:07,33.75,GBP,approved,False,True,0
2713,189,31,2024-01-21 07:50:08,22.13,USD,declined,False,True,0
4196,99,15,2024-01-21 08:06:16,32.65,JPY,approved,True,True,0
3923,97,53,2024-01-21 08:23:46,14.72,EUR,approved,False,True,0
1147,107,44,2024-01-21 08:23:56,43.1,EUR,declined,False,False,0
2141,141,15,2024-01-21 08:45:06,35.99,USD,approved,False,True,0
2609,106,22,2024-01-21 09:10:41,36.2,USD,approved,False,True,0
227,162,25,2024-01-21 09:26:45,52.4,EUR,approved,False,False,0
1253,15,23,2024-01-21 09:41:51,26.51,GBP,approved,False,False,0
2425,70,77,2024-01-21 09:43:21,8.05,USD,approved,False,True,0
2842,141,18,2024-01-21 09:43:45,12.66,USD,declined,True,True,1
3834,132,43,2024-01-21 09:47:51,65.25,JPY,approved,False,False,1
1956,81,73,2024-01-21 10:13:38,54.39,USD,approved,False,False,0
4573,99,14,2024-01-21 10:17:28,19.23,USD,approved,False,True,0
221,26,25,2024-01-21 10:20:32,30.12,USD,approved,False,False,0
4294,19,74,2024-01-21 10:24:17,48.85,EUR,approved,False,False,0
1527,64,2,2024-01-21 10:54:31,29.62,GBP,approved,False,True,0
608,103,48,2024-01-21 11:32:08,46.44,USD,approved,False,True,0
2178,97,63,2024-01-21 11:52:39,28.17,GBP,approved,False,True,0
279,13,31,2024-01-21 11:57:00,39.28,USD,approved,False,True,0
4202,150,50,2024-01-21 12:08:43,73.8,USD,reversed,False,True,0
1968,94,46,2024-01-21 13:08:08,56.82,USD,approved,False,True,0
443,27,74,2024-01-21 13:15:13,8.87,USD,approved,False,False,0
649,193,78,2024-01-21 13:20:31,35.18,USD,pending,True,True,1
630,74,3,2024-01-21 13:42:12,77.22,EUR,approved,False,False,0
3394,38,10,2024-01-21 13:43:11,17.28,USD,approved,False,True,0
3853,21,44,2024-01-21 13:47:42,36.05,EUR,approved,True,False,0
3850,45,48,2024-01-21 14:11:12,57.35,USD,approved,False,False,0
4403,80,79,2024-01-21 14:15:06,69.67,GBP,declined,False,False,0
3192,137,26,2024-01-21 14:16:22,36.12,EUR,approved,False,False,0
1062,138,64,2024-01-21 14:41:00,33.09,USD,approved,False,False,0
2338,164,31,2024-01-21 14:43:37,38.22,USD,approved,False,True,0
2435,91,33,2024-01-21 14:57:55,26.55,USD,approved,False,False,0
415,4,25,2024-01-21 15:25:25,37.23,USD,approved,False,True,0
2960,96,53,2024-01-21 15:50:54,36.97,USD,pending,False,False,0
1657,170,71,2024-01-21 15:55:59,22.09,USD,approved,False,False,0
2248,36,67,2024-01-21 16:04:59,64.51,USD,declined,True,True,0
1667,151,7,2024-01-21 16:11:17,25.64,USD,approved,False,False,0
626,47,56,2024-01-21 16:34:02,44.15,JPY,approved,False,True,0
3288,41,31,2024-01-21 16:36:47,20.4,USD,declined,True,True,0
1937,75,39,2024-01-21 16:49:31,51.42,JPY,approved,False,True,0
1637,34,8,2024-01-21 17:07:25,7.19,GBP,approved,False,True,0
2676,119,4,2024-01-21 17:28:22,12.7,USD,declined,True,False,0
3050,142,64,2024-01-21 17:53:33,40.5,EUR,approved,False,True,0
833,91,66,2024-01-21 17:59:00,42.12,JPY,approved,False,False,0
437,114,33,2024-01-21 18:15:18,38.31,USD,approved,True,False,0
1525,121,24,2024-01-21 18:23:51,16.9,USD,declined,False,False,1
186,90,53,2024-01-21 19:08:46,21.39,EUR,approved,True,False,0
369,5,54,2024-01-21 19:22:06,44.05,EUR,approved,False,True,0
1611,156,27,2024-01-21 19:31:39,59.41,USD,approved,False,True,0
396,175,3,2024-01-21 19:40:45,67.92,USD,approved,False,True,0
1009,147,6,2024-01-21 19:50:57,54.49,USD,approved,False,False,0
4941,146,46,2024-01-21 20:09:12,27.91,GBP,approved,False,True,0
4694,173,12,2024-01-21 20:09:12,28.88,USD,approved,False,True,0
3039,57,26,2024-01-21 20:33:15,32.25,USD,approved,False,False,0
2618,11,75,2024-01-21 21:00:36,31.76,USD,approved,False,False,0
2687,49,6,2024-01-21 21:15:00,46.23,JPY,approved,False,True,0
682,28,63,2024-01-21 21:46:33,26.47,JPY,approved,False,True,0
1117,200,68,2024-01-21 21:55:50,43.09,USD,approved,False,True,0
3169,165,38,2024-01-21 21:56:51,9.67,USD,approved,False,True,0
1902,107,56,2024-01-21 22:23:24,18.47,USD,reversed,False,True,0
3581,177,16,2024-01-21 22:27:25,79.41,USD,approved,False,True,0
144,82,45,2024-01-21 22:54:54,22.14,GBP,reversed,False,True,1
2326,165,72,2024-01-21 23:15:55,21.17,USD,declined,True,False,0
4218,69,9,2024-01-21 23:18:44,14.94,EUR,approved,True,False,0
2497,161,62,2024-01-22 00:31:46,33.45,USD,approved,False,True,0
4474,28,55,2024-01-22 00:40:44,25.63,GBP,declined,False,False,0
1489,23,11,2024-01-22 00:50:43,69.9,USD,approved,False,False,0
4381,189,1,2024-01-22 01:29:27,44.36,EUR,approved,False,False,0
4957,33,62,2024-01-22 01:45:13,10.44,USD,approved,False,True,0
4540,174,57,2024-01-22 02:08:19,33.95,USD,approved,False,True,1
3944,194,23,2024-01-22 02:13:01,25.68,USD,approved,True,True,0
4919,169,54,2024-01-22 02:36:40,8.27,USD,approved,False,True,0
991,69,4,2024-01-22 02:46:25,55.93,USD,approved,False,True,0
4353,111,4,2024-01-22 03:24:52,70.55,USD,approved,True,False,0
2981,144,71,2024-01-22 03:53:06,49.27,USD,approved,False,False,0
311,134,73,2024-01-22 04:05:00,23.14,USD,approved,False,True,0
3491,22,34,2024-01-22 04:11:18,35.94,JPY,approved,False,False,0
3149,198,8,2024-01-22 04:31:46,39.31,USD,approved,False,True,0
1029,114,43,2024-01-22 05:29:50,103.43,EUR,approved,False,False,0
1124,49,36,2024-01-22 05:31:56,126.53,USD,approved,False,False,0
4555,142,38,2024-01-22 05:41:21,51.51,USD,approved,True,False,0
4762,170,12,2024-01-22 05:46:00,26.82,JPY,approved,False,True,0
4297,90,61,2024-01-22 05:53:21,40.16,JPY,approved,False,False,0
4876,133,58,2024-01-22 06:01:03,187.51,USD,approved,False,False,0
2156,98,21,2024-01-22 06:31:59,14.7,GBP,approved,False,True,0
3732,172,10,2024-01-22 06:34:46,26.7,USD,pending,False,True,0
4368,29,59,2024-01-22 06:37:43,216.27,EUR,declined,False,False,0
862,186,48,2024-01-22 07:00:33,62.42,EUR,approved,False,True,0
4137,195,51,2024-01-22 07:02:04,123.8,USD,approved,False,False,0
1638,125,7,2024-01-22 07:15:45,36.81,USD,declined,False,True,0
3558,70,24,2024-01-22 07:21:38,51.01,USD,approved,False,True,0
4323,93,66,2024-01-22 08:01:21,31.45,USD,approved,True,True,0
4803,45,51,2024-01-22 08:03:58,23.74,EUR,approved,False,False,1
1999,57,34,2024-01-22 08:09:52,21.68,GBP,approved,False,True,0
4760,139,30,2024-01-22 08:15:45,14.35,USD,approved,False,False,0
269,123,56,2024-01-22 08:19:13,14.4,USD,approved,False,True,0
3513,26,68,2024-01-22 08:22:48,37.94,JPY,approved,False,True,0
3103,3,15,2024-01-22 09:02:22,95.08,USD,approved,True,True,0
896,123,64,2024-01-22 09:05:30,28.77,USD,approved,True,True,0
3377,102,14,2024-01-22 09:18:48,15.41,USD,approved,True,True,0
4537,17,60,2024-01-22 09:19:43,99.15,GBP,approved,False,False,0
4350,71,53,2024-01-22 09:57:57,31.17,EUR,approved,False,True,0
4419,143,6,2024-01-22 10:23:38,67.3,USD,approved,False,True,0
2899,160,69,2024-01-22 10:27:50,27.83,EUR,approved,False,True,0
840,183,57,2024-01-22 10:43:38,41.69,GBP,approved,False,False,0
4727,20,75,2024-01-22 10:47:59,20.72,EUR,approved,False,False,0
647,93,71,2024-01-22 10:48:38,26.93,GBP,approved,False,True,0
1955,195,35,2024-01-22 10:56:20,48.72,EUR,declined,False,False,0
3484,47,67,2024-01-22 11:25:04,94.78,USD,approved,False,True,0
2732,105,26,2024-01-22 11:55:07,41.42,USD,declined,False,True,0
515,192,41,2024-01-22 12:14:53,47.62,USD,approved,False,False,0
4689,2,22,2024-01-22 12:34:38,9.44,USD,approved,False,False,0
2635,17,7,2024-01-22 13:00:29,36.25,USD,approved,False,True,0
4931,3,28,2024-01-22 13:37:04,30.73,USD,approved,True,True,0
4211,31,60,2024-01-22 13:58:44,46.72,USD,approved,False,True,0
670,27,55,2024-01-22 14:11:16,31.17,USD,approved,False,True,0
1346,200,57,2024-01-22 14:17:50,43.88,USD,declined,False,True,0
1769,14,42,2024-01-22 14:22:19,19.7,USD,approved,False,False,0
2244,23,23,2024-01-22 14:33:33,24.95,EUR,declined,False,True,1
3918,170,4,2024-01-22 14:45:34,123.47,GBP,approved,False,False,0
814,57,78,2024-01-22 14:46:45,30.89,JPY,approved,False,True,0
3045,38,34,2024-01-22 14:58:13,19.94,USD,approved,False,False,0
1551,57,45,2024-01-22 15:04:51,146.25,USD,approved,False,False,0
3802,117,64,2024-01-22 15:06:07,21.62,GBP,approved,False,True,0
136,61,8,2024-01-22 15:57:21,53.11,USD,approved,False,True,0
2356,74,46,2024-01-22 16:42:19,61.03,USD,approved,False,True,0
1012,160,62,2024-01-22 16:45:34,19.61,USD,reversed,True,False,0
3535,18,40,2024-01-22 17:00:14,22.02,EUR,approved,False,False,0
611,167,23,2024-01-22 17:26:04,21.36,EUR,approved,False,True,0
3439,187,21,2024-01-22 17:31:58,69.41,USD,declined,False,True,1
4519,143,74,2024-01-22 17:41:03,14.14,GBP,approved,False,True,0
4666,166,55,2024-01-22 17:41:52,21.49,EUR,approved,False,True,0
1538,23,77,2024-01-22 17:48:25,45.01,USD,pending,False,False,0
4959,184,25,2024-01-22 18:21:26,28.15,GBP,approved,True,True,0
1557,180,12,2024-01-22 18:23:01,42.22,GBP,approved,True,True,0
2470,43,14,2024-01-22 18:44:50,83.47,USD,approved,True,True,0
334,166,72,2024-01-22 18:54:04,22.75,USD,approved,False,False,0
2508,124,61,2024-01-22 19:11:05,29.58,USD,approved,False,False,0
3161,24,14,2024-01-22 19:15:34,46.56,EUR,approved,True,False,0
2765,41,38,2024-01-22 19:27:24,27.84,USD,approved,False,False,0
188,77,10,2024-01-22 19:38:21,22.87,USD,approved,False,True,0
2111,57,4,2024-01-22 19:55:51,59.05,EUR,approved,True,False,0
4507,58,16,2024-01-22 19:56:39,78.71,EUR,approved,False,True,0
1972,185,60,2024-01-22 20:13:52,86.84,JPY,approved,False,False,1
1650,168,49,2024-01-22 20:16:39,31.77,EUR,declined,False,False,0
718,99,60,2024-01-22 20:40:47,90.65,USD,approved,True,True,0
167,65,58,2024-01-22 21:03:17,31.88,GBP,approved,True,True,0
1337,128,44,2024-01-22 21:06:04,40.43,EUR,approved,False,True,0
1308,48,10,2024-01-22 21:08:39,7.48,GBP,approved,False,True,0
3922,123,34,2024-01-22 21:29:39,74.72,USD,approved,False,True,0
4945,8,14,2024-01-22 21:42:35,55.9,EUR,approved,False,False,0
1106,37,52,2024-01-22 21:55:08,83.77,USD,approved,False,True,0
1534,38,16,2024-01-22 22:14:37,37.79,GBP,approved,True,True,0
457,30,13,2024-01-22 22:26:22,23.75,USD,approved,False,True,0
3124,123,57,2024-01-22 22:32:12,38.29,EUR,approved,False,True,0
966,118,8,2024-01-22 22:47:44,19.99,USD,approved,False,True,0
2933,33,34,2024-01-22 22:52:45,20.58,EUR,approved,False,False,0
3748,198,14,2024-01-22 23:00:07,15.14,USD,approved,False,True,0
2753,117,17,2024-01-22 23:07:35,15.17,GBP,approved,False,False,0
4946,145,26,2024-01-22 23:12:25,54.65,USD,approved,False,True,0
2306,20,25,2024-01-22 23:13:10,21.7,GBP,approved,True,True,0
968,64,49,2024-01-22 23:38:36,23.87,USD,approved,False,True,0
3372,48,65,2024-01-22 23:50:09,21.21,USD,approved,True,False,0
3725,2,75,2024-01-23 00:00:12,38.3,USD,approved,False,False,0
4234,53,11,2024-01-23 00:22:21,26.99,EUR,declined,False,True,0
4112,96,60,2024-01-23 00:33:40,23.67,USD,approved,False,False,0
409,187,45,2024-01-23 00:38:25,37.19,USD,approved,False,False,0
691,200,30,2024-01-23 00:58:28,33.46,EUR,approved,False,True,0
2672,172,36,2024-01-23 01:02:47,51.2,GBP,approved,True,True,0
4313,70,33,2024-01-23 01:17:52,10.94,USD,declined,False,True,1
4402,24,79,2024-01-23 01:51:58,166.3,USD,approved,False,True,0
2199,115,20,2024-01-23 01:55:33,34.81,USD,approved,False,True,0
1976,11,60,2024-01-23 01:59:08,10.44,EUR,declined,False,True,0
4764,48,48,2024-01-23 02:25:45,31.32,GBP,approved,False,False,0
2437,128,65,2024-01-23 02:27:13,25.63,EUR,approved,False,True,0
1898,175,27,2024-01-23 02:27:53,14.57,USD,approved,False,False,0
1078,34,15,2024-01-23 02:31:05,54.08,GBP,approved,False,False,0
141,197,31,2024-01-23 02:38:02,22.93,EUR,approved,False,True,0
3641,145,48,2024-01-23 03:03:11,76.42,EUR,approved,True,False,0
1504,65,45,2024-01-23 03:15:00,30.29,JPY,approved,False,False,0
1682,3,28,2024-01-23 03:46:06,191.99,EUR,approved,False,True,0
4468,190,19,2024-01-23 04:04:44,7.03,USD,approved,False,False,0
3342,62,77,2024-01-23 04:26:50,14.71,JPY,approved,False,False,0
2789,1,68,2024-01-23 04:49:12,57.53,USD,approved,False,True,0
3259,113,42,2024-01-23 05:22:24,42.88,USD,approved,False,True,0
1309,84,32,2024-01-23 05:36:17,29.44,JPY,approved,False,False,0
4896,81,63,2024-01-23 05:36:29,72.68,EUR,approved,False,False,0
4582,195,40,2024-01-23 05:41:45,76.97,USD,approved,False,True,0
2017,83,49,2024-01-23 05:46:25,16.03,JPY,approved,False,False,0
568,50,29,2024-01-23 05:57:30,59.33,USD,approved,False,False,0
4479,174,24,2024-01-23 06:06:33,34.98,USD,approved,True,True,1
2218,200,16,2024-01-23 06:25:23,29.33,USD,approved,False,True,0
869,90,74,2024-01-23 06:45:09,31.4,USD,approved,False,True,0
3207,200,38,2024-01-23 06:58:35,102.79,JPY,pending,False,True,0
3444,45,2,2024-01-23 07:32:19,43.87,USD,approved,False,True,0
1480,84,26,2024-01-23 08:22:06,29.45,GBP,approved,False,False,0
1771,68,45,2024-01-23 08:53:15,21.92,USD,approved,False,False,0
1288,47,6,2024-01-23 08:58:45,19.26,JPY,approved,True,True,0
3257,35,45,2024-01-23 09:09:20,24.64,GBP,approved,False,False,0
2644,94,51,2024-01-23 09:20:54,14.22,USD,approved,True,False,1
1360,74,41,2024-01-23 09:25:57,27.05,USD,declined,False,True,1
3582,154,7,2024-01-23 09:42:53,35.51,USD,approved,False,False,0
941,139,21,2024-01-23 09:47:42,52.43,JPY,approved,False,True,0
1887,131,71,2024-01-23 11:31:01,42.24,EUR,approved,False,False,0
4831,70,6,2024-01-23 11:56:56,50.6,USD,approved,False,False,0
3493,75,37,2024-01-23 11:59:40,20.96,GBP,approved,False,False,0
3704,182,6,2024-01-23 12:15:45,11.74,USD,reversed,False,True,0
434,27,41,2024-01-23 12:41:31,60.61,EUR,approved,False,True,0
1992,88,66,2024-01-23 12:49:25,38.72,EUR,approved,False,True,0
1561,59,51,2024-01-23 12:50:17,61.1,USD,reversed,False,False,0
43,141,32,2024-01-23 12:56:52,63.56,USD,declined,True,False,0
2500,186,17,2024-01-23 13:31:34,121.09,EUR,approved,False,True,0
3608,139,29,2024-01-23 13:44:16,38.41,USD,approved,False,True,0
2651,177,30,2024-01-23 14:11:47,15.21,USD,approved,False,False,0
73,93,14,2024-01-23 14:20:14,23.68,EUR,approved,False,True,0
3905,175,49,2024-01-23 14:20:26,29.17,USD,approved,True,False,0
4106,91,1,2024-01-23 15:05:25,42.6,EUR,reversed,False,False,0
2071,38,24,2024-01-23 15:15:00,51.08,EUR,approved,False,False,0
530,185,6,2024-01-23 15:18:27,99.99,USD,approved,False,False,1
4130,85,13,2024-01-23 15:19:43,36.19,USD,approved,False,False,0
2062,113,4,2024-01-23 15:22:47,25.66,EUR,approved,False,True,0
4895,97,38,2024-01-23 15:28:27,12.96,USD,approved,False,False,0
1617,159,38,2024-01-23 15:33:36,125.36,USD,approved,False,True,1
4949,53,74,2024-01-23 15:35:49,75.92,JPY,approved,False,True,1
3820,179,14,2024-01-23 15:36:41,60.92,USD,approved,False,False,0
550,137,61,2024-01-23 16:11:28,75.01,USD,approved,False,True,1
3389,58,73,2024-01-23 16:11:30,20.13,USD,pending,False,True,0
4094,89,79,2024-01-23 16:36:30,34.4,USD,approved,False,False,0
1071,135,11,2024-01-23 16:57:49,11.67,GBP,approved,False,True,0
3890,165,9,2024-01-23 17:11:36,31.3,GBP,approved,False,True,0
2531,184,35,2024-01-23 17:21:22,28.12,GBP,approved,False,True,0
2224,85,27,2024-01-23 17:31:29,9.84,GBP,declined,False,True,1
883,90,67,2024-01-23 17:32:03,33.32,EUR,approved,False,True,0
3651,25,72,2024-01-23 17:42:44,26.87,USD,approved,False,True,0
621,87,2,2024-01-23 18:03:33,29.86,USD,approved,False,True,0
2426,113,80,2024-01-23 18:18:58,17.03,EUR,pending,False,False,0
797,194,70,2024-01-23 18:36:08,50.95,GBP,approved,False,True,0
2192,82,80,2024-01-23 18:48:28,38.43,JPY,approved,False,False,0
1364,41,21,2024-01-23 18:49:55,26.87,USD,approved,False,True,0
2358,44,23,2024-01-23 18:55:32,139.46,USD,approved,False,False,0
3431,50,7,2024-01-23 19:51:17,49.65,USD,approved,False,True,0
2579,194,50,2024-01-23 20:07:17,39.79,USD,declined,False,False,0
1733,140,47,2024-01-23 20:12:53,52.99,USD,approved,False,False,0
4367,34,28,2024-01-23 21:00:28,21.51,GBP,approved,False,True,0
3312,81,1,2024-01-23 21:35:46,101.85,USD,approved,False,False,0
4034,56,35,2024-01-23 21:59:36,90.5,GBP,approved,False,False,0
3562,34,1,2024-01-23 22:02:27,13.12,USD,approved,True,False,0
3112,153,68,2024-01-23 22:25:03,20.84,EUR,pending,False,False,0
3743,188,71,2024-01-23 23:13:53,18.27,GBP,approved,True,False,1
2998,70,28,2024-01-23 23:32:14,22.49,USD,approved,False,False,0
4969,8,20,2024-01-23 23:42:48,38.81,USD,approved,False,True,0
475,127,5,2024-01-24 00:04:08,13.11,USD,approved,False,True,0
2343,110,68,2024-01-24 00:20:19,71.16,USD,approved,False,True,0
4027,42,78,2024-01-24 00:33:40,38.01,USD,approved,False,True,0
3552,105,4,2024-01-24 01:01:43,38.57,USD,approved,False,False,0
3445,184,60,2024-01-24 01:33:15,47.85,GBP,approved,False,True,0
4515,183,51,2024-01-24 01:50:55,53.85,USD,approved,False,True,1
2551,131,29,2024-01-24 01:53:45,40.31,USD,approved,False,True,0
3967,158,57,2024-01-24 02:02:42,36.21,USD,approved,False,False,0
3996,68,40,2024-01-24 02:24:14,80.24,EUR,declined,False,False,0
4712,160,76,2024-01-24 02:25:36,26.12,USD,reversed,False,True,1
4554,112,35,2024-01-24 02:56:45,21.78,JPY,approved,False,True,0
4151,66,68,2024-01-24 02:58:08,58.47,JPY,declined,False,False,0
1773,73,78,2024-01-24 03:04:36,52.15,USD,approved,False,True,0
137,121,37,2024-01-24 03:09:23,64.07,EUR,approved,False,False,0
3928,31,78,2024-01-24 03:14:15,50.76,USD,approved,False,True,0
2414,121,27,2024-01-24 03:30:03,32.66,USD,approved,False,True,1
3280,146,64,2024-01-24 03:58:47,72.1,USD,approved,True,True,0
4242,55,18,2024-01-24 04:23:36,27.28,GBP,approved,False,True,0
4599,192,45,2024-01-24 04:27:59,30.4,USD,approved,False,True,0
505,55,43,2024-01-24 04:44:34,72.53,USD,approved,False,True,0
1943,175,41,2024-01-24 05:15:49,48.64,USD,approved,False,False,0
3631,93,36,2024-01-24 05:56:26,98.12,JPY,approved,False,True,0
2823,26,3,2024-01-24 06:11:23,39.1,USD,approved,False,True,0
1359,21,3,2024-01-24 06:29:58,50.8,JPY,approved,False,True,0
1282,148,25,2024-01-24 06:41:42,105.74,EUR,declined,True,False,1
4147,83,57,2024-01-24 06:50:10,23.55,USD,approved,False,True,0
1661,124,6,2024-01-24 07:02:41,54.05,USD,approved,False,True,0
2021,61,42,2024-01-24 07:36:25,225.33,USD,approved,False,True,0
2561,116,53,2024-01-24 07:45:13,18.63,EUR,approved,False,True,0
632,66,45,2024-01-24 07:50:22,16.4,JPY,approved,False,True,0
4622,200,42,2024-01-24 07:54:55,34.62,USD,approved,False,True,0
811,9,54,2024-01-24 08:07:06,15.3,EUR,approved,False,False,0
1600,142,3,2024-01-24 08:52:39,63.2,USD,approved,False,True,0
4157,142,67,2024-01-24 10:10:37,30.3,JPY,approved,False,True,0
965,190,60,2024-01-24 10:23:15,69.52,EUR,reversed,False,False,0
1942,51,36,2024-01-24 10:33:39,20.95,USD,approved,True,False,0
4655,25,78,2024-01-24 10:48:05,59.56,GBP,approved,False,False,0
4001,64,36,2024-01-24 10:55:14,19.01,USD,approved,False,True,0
2737,115,14,2024-01-24 11:27:41,10.91,USD,approved,False,False,0
3766,82,19,2024-01-24 11:35:42,28.37,USD,approved,False,False,0
4646,81,54,2024-01-24 12:06:22,63.8,USD,approved,False,True,0
153,184,21,2024-01-24 12:14:42,44.0,USD,approved,False,True,0
2779,78,34,2024-01-24 12:27:54,19.06,USD,approved,False,True,0
2092,66,38,2024-01-24 12:48:48,60.08,GBP,approved,False,False,0
2413,187,53,2024-01-24 13:00:22,20.68,EUR,approved,False,True,0
2234,28,30,2024-01-24 13:09:04,10.08,GBP,approved,False,False,0
1164,107,10,2024-01-24 14:24:25,39.43,USD,approved,False,True,0
2365,152,80,2024-01-24 14:29:07,60.46,EUR,approved,False,True,0
4881,77,32,2024-01-24 14:47:00,25.57,JPY,approved,True,True,0
4973,168,49,2024-01-24 14:50:42,75.22,USD,approved,False,False,0
842,132,80,2024-01-24 15:10:33,36.19,USD,approved,False,True,0
3479,82,51,2024-01-24 15:11:57,24.53,GBP,approved,False,True,0
4794,52,18,2024-01-24 15:13:03,99.1,EUR,approved,False,False,0
2293,48,23,2024-01-24 15:30:55,36.14,GBP,reversed,False,False,0
4950,74,47,2024-01-24 15:35:05,48.98,USD,approved,False,True,0
364,179,69,2024-01-24 16:36:18,51.93,USD,approved,False,False,0
3699,58,36,2024-01-24 17:22:03,35.49,USD,approved,False,False,0
2707,142,68,2024-01-24 17:25:43,30.51,EUR,approved,False,True,0
2094,40,39,2024-01-24 17:53:59,5.05,EUR,approved,True,True,0
4181,131,69,2024-01-24 18:07:40,13.54,EUR,approved,True,False,0
4620,180,47,2024-01-24 18:21:00,40.83,USD,approved,False,False,0
3452,12,70,2024-01-24 19:03:58,28.65,GBP,approved,False,False,0
4129,110,8,2024-01-24 19:06:25,18.1,EUR,approved,False,False,0
1876,25,26,2024-01-24 19:37:18,33.51,USD,declined,False,True,0
587,138,18,2024-01-24 19:51:58,40.05,EUR,approved,False,False,0
3554,143,33,2024-01-24 20:00:41,26.98,JPY,declined,False,False,0
4670,86,27,2024-01-24 20:05:53,56.26,EUR,approved,False,True,0
3540,166,61,2024-01-24 20:13:32,39.94,EUR,approved,False,False,0
735,42,53,2024-01-24 21:21:43,24.95,EUR,approved,True,True,0
4389,68,35,2024-01-24 21:24:51,19.9,GBP,approved,True,False,0
784,25,79,2024-01-24 21:56:49,21.26,EUR,approved,False,False,0
2566,87,75,2024-01-24 22:30:43,42.14,GBP,approved,False,True,0
806,157,12,2024-01-24 22:30:47,34.89,GBP,approved,False,True,0
4365,116,28,2024-01-24 22:39:34,29.76,USD,declined,False,True,0
3442,5,15,2024-01-24 23:05:25,25.11,GBP,approved,True,False,0
3200,53,73,2024-01-24 23:05:31,16.5,USD,approved,False,False,0
2856,16,67,2024-01-24 23:09:19,40.62,EUR,approved,False,False,0
4165,143,76,2024-01-24 23:12:19,25.93,USD,approved,False,True,0
3564,160,29,2024-01-24 23:31:10,74.35,USD,approved,False,True,0
2872,196,22,2024-01-24 23:32:24,59.8,USD,approved,False,True,0
88,63,20,2024-01-24 23:39:32,42.63,EUR,approved,False,True,0
2346,52,24,2024-01-24 23:48:12,20.7,EUR,approved,False,True,1
3223,156,50,2024-01-25 00:16:14,38.06,EUR,approved,True,True,0
1457,197,24,2024-01-25 00:19:02,9.75,USD,approved,False,True,0
4372,34,28,2024-01-25 00:23:55,32.93,USD,approved,False,False,0
895,150,44,2024-01-25 00:55:46,10.66,GBP,approved,False,True,0
2081,166,28,2024-01-25 01:28:05,51.19,GBP,approved,False,True,0
1431,95,69,2024-01-25 01:41:12,20.54,USD,approved,False,True,0
2847,173,22,2024-01-25 01:55:40,32.85,USD,approved,False,False,0
2230,197,49,2024-01-25 02:39:52,23.87,EUR,reversed,False,True,0
2931,35,27,2024-01-25 03:02:33,23.77,USD,approved,False,True,0
3234,1,48,2024-01-25 03:20:51,23.67,USD,approved,False,False,0
143,56,53,2024-01-25 03:33:42,18.99,USD,approved,False,True,0
1181,122,32,2024-01-25 03:36:33,11.15,USD,approved,True,True,0
4412,118,24,2024-01-25 03:38:01,41.6,USD,approved,False,True,0
3801,185,55,2024-01-25 04:30:15,164.13,USD,approved,True,True,0
3197,46,27,2024-01-25 04:44:46,24.41,USD,approved,False,True,0
2658,55,75,2024-01-25 04:49:24,39.13,EUR,approved,False,True,0
2128,126,15,2024-01-25 05:16:22,18.94,USD,approved,True,True,1
468,120,27,2024-01-25 05:16:51,32.83,EUR,declined,False,False,0
2124,123,41,2024-01-25 05:34:04,99.24,USD,approved,True,True,0
4395,102,14,2024-01-25 05:40:39,42.31,GBP,approved,False,True,0
4759,91,72,2024-01-25 06:32:40,16.14,GBP,approved,False,False,0
4085,101,34,2024-01-25 06:33:55,25.26,USD,approved,False,True,0
430,144,69,2024-01-25 06:42:09,25.65,JPY,approved,False,True,0
777,85,32,2024-01-25 06:42:59,45.77,USD,approved,False,True,0
2689,128,4,2024-01-25 07:16:30,30.47,USD,approved,False,False,0
549,104,18,2024-01-25 07:26:16,87.69,USD,approved,True,True,0
466,194,45,2024-01-25 08:20:14,20.26,USD,declined,False,False,1
669,184,61,2024-01-25 08:28:52,16.4,JPY,approved,False,True,0
1412,113,34,2024-01-25 08:33:25,28.21,USD,approved,True,False,0
182,31,62,2024-01-25 08:40:38,13.55,EUR,approved,False,False,0
3518,181,77,2024-01-25 09:17:24,52.23,EUR,approved,False,False,0
3185,126,46,2024-01-25 09:19:22,40.16,USD,approved,False,False,0
172,19,36,2024-01-25 09:48:19,44.75,EUR,reversed,False,False,0
1069,67,12,2024-01-25 10:14:39,29.06,USD,approved,False,False,0
1640,55,25,2024-01-25 10:21:02,12.36,GBP,approved,False,True,0
4097,108,11,2024-01-25 10:36:17,111.42,USD,declined,False,False,0
2441,73,14,2024-01-25 11:31:38,20.66,EUR,approved,False,True,0
2392,39,34,2024-01-25 11:36:19,49.66,JPY,approved,False,True,0
1497,111,49,2024-01-25 11:46:30,72.17,USD,approved,True,False,1
1196,127,32,2024-01-25 12:28:10,50.63,EUR,approved,False,False,0
2862,187,43,2024-01-25 14:07:50,24.16,EUR,approved,False,True,0
20,91,52,2024-01-25 14:19:40,9.25,USD,approved,False,False,0
4626,77,41,2024-01-25 15:11:52,53.81,EUR,approved,False,True,0
3670,44,68,2024-01-25 15:16:03,54.15,USD,approved,False,True,1
792,91,8,2024-01-25 15:26:35,23.46,EUR,approved,False,False,0
978,115,13,2024-01-25 15:59:37,19.18,USD,approved,False,True,0
1602,148,76,2024-01-25 16:06:39,129.78,USD,approved,False,False,0
703,34,23,2024-01-25 16:22:10,26.36,EUR,approved,False,False,0
4120,11,57,2024-01-25 16:30:18,15.91,USD,approved,True,False,0
163,82,23,2024-01-25 16:58:14,13.86,EUR,approved,False,False,0
3157,155,5,2024-01-25 17:02:42,22.21,GBP,approved,False,True,0
525,64,50,2024-01-25 17:06:48,33.58,EUR,approved,True,False,0
3863,50,65,2024-01-25 17:17:43,47.24,USD,approved,False,True,0
1203,197,18,2024-01-25 17:25:45,78.51,EUR,approved,False,True,0
3708,152,5,2024-01-25 17:53:05,46.87,USD,declined,False,True,1
721,28,79,2024-01-25 18:26:12,16.45,USD,approved,False,True,0
1975,112,25,2024-01-25 18:26:56,8.44,EUR,approved,False,True,0
3602,123,38,2024-01-25 18:45:57,44.15,JPY,approved,False,True,0
1016,168,9,2024-01-25 19:05:25,58.64,USD,approved,False,True,0
2942,188,77,2024-01-25 20:23:49,39.74,EUR,approved,False,False,0
239,62,74,2024-01-25 22:26:30,24.76,USD,approved,False,True,0
328,8,20,2024-01-25 22:32:42,13.8,USD,approved,False,False,0
4287,143,35,2024-01-25 23:03:25,40.58,USD,approved,False,True,0
1532,2,19,2024-01-25 23:17:30,30.72,USD,approved,False,False,0
3435,48,28,2024-01-25 23:27:06,32.23,EUR,approved,False,False,0
176,93,14,2024-01-25 23:49:28,50.06,USD,approved,False,True,0
638,60,35,2024-01-25 23:58:17,8.01,EUR,reversed,False,True,0
516,22,56,2024-01-26 00:24:17,20.02,EUR,declined,False,False,1
2715,102,12,2024-01-26 00:28:57,56.19,JPY,approved,False,True,0
734,155,33,2024-01-26 00:47:15,29.99,EUR,approved,False,False,0
2559,7,9,2024-01-26 00:51:18,39.64,EUR,approved,True,True,0
3450,100,18,2024-01-26 01:02:25,46.56,USD,approved,False,True,0
4138,52,45,2024-01-26 01:05:16,17.74,GBP,approved,True,False,0
1271,74,41,2024-01-26 01:26:35,69.14,USD,declined,False,True,0
223,141,74,2024-01-26 01:26:55,31.01,GBP,approved,False,False,0
3321,18,54,2024-01-26 01:53:08,39.52,USD,approved,False,True,0
1635,84,70,2024-01-26 02:00:57,35.53,EUR,approved,False,True,0
4871,39,52,2024-01-26 02:04:31,46.35,JPY,approved,False,False,0
246,17,19,2024-01-26 02:05:46,35.97,GBP,approved,False,True,1
2734,43,46,2024-01-26 02:10:36,33.44,USD,approved,True,False,0
3909,40,27,2024-01-26 02:15:24,16.21,USD,approved,False,False,0
2767,74,71,2024-01-26 02:21:41,47.43,USD,approved,False,True,0
4108,169,55,2024-01-26 02:26:48,35.17,USD,approved,True,True,0
4958,75,65,2024-01-26 02:57:53,11.48,USD,declined,False,True,0
622,96,4,2024-01-26 03:01:43,25.7,JPY,approved,True,True,0
166,163,7,2024-01-26 03:07:36,26.05,USD,approved,False,True,0
2350,101,64,2024-01-26 03:34:33,12.32,USD,approved,False,True,0
313,24,17,2024-01-26 04:17:10,18.29,EUR,approved,False,True,0
868,168,71,2024-01-26 04:29:44,68.77,USD,declined,False,True,0
4758,27,32,2024-01-26 04:46:05,28.59,USD,approved,False,True,0
1910,189,80,2024-01-26 04:55:12,93.21,USD,approved,False,False,0
2348,151,28,2024-01-26 04:57:11,15.4,USD,approved,True,True,0
2695,187,52,2024-01-26 05:09:57,42.2,JPY,approved,False,False,0
2403,150,8,2024-01-26 05:13:15,33.07,EUR,approved,False,True,0
4773,36,67,2024-01-26 05:21:01,44.05,EUR,approved,False,True,0
716,160,35,2024-01-26 05:39:04,20.98,EUR,approved,False,True,0
3419,20,60,2024-01-26 05:46:57,65.84,GBP,approved,False,False,0
2080,26,25,2024-01-26 06:50:54,79.58,GBP,approved,False,False,0
2781,63,41,2024-01-26 07:45:34,35.12,USD,approved,False,True,0
2959,103,78,2024-01-26 07:46:18,57.55,USD,approved,False,False,0
4268,186,22,2024-01-26 07:48:48,20.83,EUR,approved,False,False,0
1182,186,70,2024-01-26 08:03:21,33.48,USD,approved,False,False,0
3618,82,76,2024-01-26 08:11:25,46.84,USD,approved,False,False,0
2310,107,26,2024-01-26 08:12:20,28.76,GBP,approved,False,True,0
518,14,54,2024-01-26 08:22:22,38.6,USD,approved,True,True,0
3446,143,27,2024-01-26 08:35:51,81.21,USD,approved,False,False,0
3248,18,31,2024-01-26 08:40:32,69.22,USD,declined,False,False,0
2344,148,49,2024-01-26 08:42:55,104.28,GBP,approved,False,False,0
1322,55,79,2024-01-26 09:07:01,31.98,EUR,approved,False,True,0
2727,28,1,2024-01-26 09:07:50,46.02,EUR,approved,False,False,0
1370,127,5,2024-01-26 09:41:35,39.5,JPY,approved,False,False,0
4327,171,14,2024-01-26 09:47:11,144.66,GBP,approved,False,True,1
4879,135,43,2024-01-26 09:53:03,57.36,USD,pending,False,True,0
3320,8,17,2024-01-26 09:59:56,37.98,EUR,approved,False,True,0
917,109,27,2024-01-26 10:54:49,39.14,EUR,approved,True,True,0
89,154,12,2024-01-26 11:06:19,76.57,USD,declined,False,False,0
4656,40,34,2024-01-26 11:08:05,45.11,USD,approved,False,True,0
1211,125,5,2024-01-26 11:40:30,49.1,EUR,pending,False,False,0
4757,115,26,2024-01-26 12:18:11,13.73,USD,approved,False,True,0
2474,42,21,2024-01-26 12:26:30,24.39,EUR,pending,False,False,0
1709,49,17,2024-01-26 12:31:08,46.95,EUR,approved,False,False,0
4660,100,73,2024-01-26 12:33:53,28.38,USD,approved,True,False,0
3063,77,15,2024-01-26 12:46:20,113.67,USD,approved,True,True,0
1917,57,3,2024-01-26 13:10:58,45.82,EUR,approved,False,True,0
3846,96,50,2024-01-26 13:43:24,22.79,EUR,declined,False,False,0
2102,134,70,2024-01-26 14:08:09,94.61,EUR,approved,False,True,0
2708,61,32,2024-01-26 14:08:21,42.2,USD,approved,False,True,0
3827,68,19,2024-01-26 14:11:56,65.64,USD,approved,False,True,0
2061,179,39,2024-01-26 14:13:06,32.31,JPY,approved,False,True,0
1218,147,15,2024-01-26 14:56:48,49.32,USD,approved,True,False,0
1262,185,35,2024-01-26 15:09:39,86.54,EUR,approved,False,True,0
2674,38,55,2024-01-26 15:14:48,39.43,USD,approved,False,True,0
1517,97,22,2024-01-26 15:40:10,12.76,USD,approved,False,False,0
2210,28,75,2024-01-26 15:52:11,12.24,USD,approved,False,True,0
104,2,40,2024-01-26 16:01:22,42.31,GBP,approved,False,True,0
55,100,4,2024-01-26 16:10:26,102.44,USD,approved,False,False,0
4665,63,4,2024-01-26 16:21:39,46.41,EUR,approved,False,False,0
2485,69,3,2024-01-26 16:34:30,30.16,USD,approved,False,False,0
2360,42,5,2024-01-26 16:35:03,28.56,USD,approved,False,False,0
4729,23,69,2024-01-26 16:36:34,24.44,JPY,approved,False,True,0
4332,55,33,2024-01-26 17:04:28,3.85,GBP,approved,False,True,0
4263,59,13,2024-01-26 17:04:48,60.69,EUR,approved,True,True,0
3225,122,72,2024-01-26 17:12:30,101.08,USD,approved,False,False,0
4282,180,17,2024-01-26 17:23:38,29.87,USD,approved,False,False,0
731,146,67,2024-01-26 17:45:39,28.65,USD,approved,False,False,0
3150,22,3,2024-01-26 17:48:27,29.47,JPY,declined,False,True,1
2506,24,37,2024-01-26 18:14:53,25.64,USD,approved,False,True,0
4906,129,20,2024-01-26 19:41:27,105.16,EUR,pending,False,True,0
449,105,35,2024-01-26 19:44:06,25.2,EUR,approved,False,False,0
1266,8,8,2024-01-26 19:59:20,30.97,USD,declined,False,False,0
2821,109,13,2024-01-26 20:02:22,69.88,USD,approved,False,True,0
3751,117,17,2024-01-26 20:30:31,56.46,USD,approved,True,False,0
3696,129,71,2024-01-26 20:30:53,19.46,USD,approved,False,False,0
495,58,62,2024-01-26 20:50:58,16.93,USD,reversed,False,False,1
3774,26,25,2024-01-26 21:58:32,43.69,USD,approved,False,False,0
1046,31,38,2024-01-26 22:01:36,20.6,USD,reversed,False,True,1
2145,73,19,2024-01-26 22:07:22,24.49,EUR,approved,False,True,0
2956,199,12,2024-01-26 22:51:56,85.08,JPY,approved,False,True,0
2193,58,46,2024-01-26 23:17:59,66.69,EUR,approved,True,False,0
3503,63,23,2024-01-27 00:01:03,40.8,USD,approved,False,True,0
2280,135,43,2024-01-27 00:10:08,29.7,USD,pending,False,True,0
2523,42,39,2024-01-27 00:42:12,68.04,USD,approved,False,False,0
40,127,18,2024-01-27 00:43:12,25.3,GBP,approved,False,False,0
2440,14,39,2024-01-27 00:46:05,61.08,JPY,approved,False,True,0
4364,194,4,2024-01-27 00:48:47,85.44,USD,approved,False,False,0
2615,21,64,2024-01-27 00:59:27,48.39,JPY,declined,False,True,0
127,16,20,2024-01-27 01:27:10,19.75,USD,approved,False,True,0
432,148,19,2024-01-27 01:33:15,78.22,USD,approved,False,False,0
2662,155,39,2024-01-27 01:36:13,220.23,USD,approved,True,True,1
478,4,57,2024-01-27 02:21:20,41.63,USD,declined,False,False,0
3348,26,24,2024-01-27 03:46:33,13.85,GBP,approved,False,False,0
3186,190,67,2024-01-27 03:54:56,37.47,EUR,approved,False,True,0
3440,166,55,2024-01-27 03:59:00,133.9,USD,approved,False,True,0
4219,106,9,2024-01-27 04:00:44,18.8,GBP,approved,False,True,0
3130,159,10,2024-01-27 04:09:26,45.31,GBP,approved,False,True,0
2907,125,61,2024-01-27 04:19:31,33.54,USD,approved,False,False,0
3927,101,17,2024-01-27 04:46:24,31.25,JPY,approved,True,False,0
1755,126,53,2024-01-27 04:46:59,27.21,USD,approved,True,True,0
1042,172,32,2024-01-27 04:54:53,41.56,USD,approved,False,False,0
2035,198,68,2024-01-27 05:58:35,4.69,USD,approved,False,False,0
2864,123,47,2024-01-27 06:02:33,78.89,EUR,declined,False,True,0
4872,192,13,2024-01-27 06:30:01,40.07,EUR,pending,False,True,0
394,120,66,2024-01-27 07:05:41,9.99,USD,approved,False,False,0
4737,13,17,2024-01-27 07:12:30,109.93,EUR,declined,True,False,1
1037,181,47,2024-01-27 07:15:38,51.81,USD,approved,False,True,0
2599,194,2,2024-01-27 07:17:18,23.7,USD,approved,False,False,0
4955,76,42,2024-01-27 08:13:44,19.04,USD,approved,False,True,0
2460,12,61,2024-01-27 08:44:54,56.34,GBP,approved,False,True,0
1242,156,13,2024-01-27 09:29:11,177.76,GBP,approved,False,False,0
4833,78,30,2024-01-27 09:32:40,41.35,USD,approved,False,False,0
361,170,53,2024-01-27 09:35:40,22.39,USD,approved,False,False,0
667,101,17,2024-01-27 09:36:17,41.8,USD,declined,False,False,0
790,3,79,2024-01-27 09:38:37,20.66,EUR,reversed,False,False,0
452,185,60,2024-01-27 09:43:07,241.27,USD,approved,False,False,0
1717,130,46,2024-01-27 09:49:26,16.21,EUR,approved,False,True,0
4259,121,15,2024-01-27 10:38:40,87.49,USD,declined,True,False,1
3070,14,10,2024-01-27 11:06:34,20.77,JPY,approved,False,False,0
3354,146,49,2024-01-27 11:17:32,52.03,JPY,approved,False,True,0
783,25,71,2024-01-27 11:51:28,18.25,USD,approved,False,True,0
4983,38,28,2024-01-27 11:58:00,57.19,USD,approved,False,True,0
1171,126,44,2024-01-27 12:15:11,18.66,GBP,approved,False,True,0
1304,180,48,2024-01-27 12:26:46,67.84,EUR,approved,False,False,0
3113,12,15,2024-01-27 12:42:59,67.56,JPY,approved,False,False,0
584,11,7,2024-01-27 12:45:08,28.69,EUR,approved,False,True,0
2834,110,42,2024-01-27 12:46:03,41.9,GBP,approved,False,True,0
4361,2,58,2024-01-27 13:13:35,54.02,JPY,approved,False,False,0
1234,150,13,2024-01-27 13:18:32,24.58,EUR,declined,False,False,0
864,155,17,2024-01-27 13:37:34,42.8,USD,approved,True,True,0
165,84,29,2024-01-27 13:39:05,44.26,EUR,approved,True,True,0
447,63,54,2024-01-27 13:49:48,41.82,EUR,approved,False,False,0
4121,146,52,2024-01-27 14:03:30,60.18,GBP,approved,False,False,0
2826,169,70,2024-01-27 14:49:52,38.34,USD,declined,True,True,0
3821,26,40,2024-01-27 15:19:03,36.53,EUR,approved,False,False,0
4235,52,39,2024-01-27 16:19:36,13.84,JPY,approved,False,False,0
3746,198,41,2024-01-27 16:41:55,46.74,EUR,approved,True,True,0
1415,118,19,2024-01-27 16:45:33,32.93,USD,approved,True,False,0
12,196,5,2024-01-27 17:09:02,45.06,EUR,reversed,False,False,0
2099,151,20,2024-01-27 17:42:15,64.6,USD,approved,False,True,0
4514,182,34,2024-01-27 17:42:16,10.87,GBP,approved,False,True,0
4324,54,74,2024-01-27 18:37:28,72.53,USD,approved,False,False,1
54,94,74,2024-01-27 18:55:42,54.79,USD,pending,False,False,0
1298,136,69,2024-01-27 19:15:30,72.33,EUR,approved,False,False,0
3154,159,52,2024-01-27 19:20:16,22.17,EUR,approved,True,False,0
2442,1,52,2024-01-27 19:22:31,13.98,USD,approved,True,False,0
658,127,66,2024-01-27 19:22:44,18.59,EUR,approved,False,False,0
3510,70,68,2024-01-27 19:40:54,31.35,USD,approved,True,True,0
2994,172,8,2024-01-27 20:00:16,46.32,USD,approved,False,False,0
4443,137,15,2024-01-27 20:20:52,15.51,EUR,reversed,False,True,1
1797,196,7,2024-01-27 20:26:06,65.71,USD,approved,False,True,0
900,124,71,2024-01-27 21:16:50,15.19,USD,approved,False,True,0
1087,161,36,2024-01-27 21:55:52,16.23,USD,approved,True,False,0
254,66,45,2024-01-27 22:00:31,25.13,USD,approved,False,True,0
4951,67,33,2024-01-27 22:22:25,20.13,USD,approved,False,False,0
509,54,46,2024-01-27 22:24:29,22.62,EUR,approved,False,False,0
1229,31,1,2024-01-27 22:30:30,69.74,USD,approved,False,False,0
3415,120,55,2024-01-27 22:35:08,29.81,GBP,declined,False,False,0
3044,106,16,2024-01-27 23:03:14,41.9,EUR,reversed,False,False,0
3413,45,19,2024-01-27 23:06:49,32.46,USD,approved,True,False,0
3779,198,12,2024-01-27 23:07:51,15.32,USD,approved,True,True,0
2469,6,73,2024-01-27 23:32:23,18.99,USD,approved,True,False,0
3410,95,60,2024-01-28 00:07:52,10.32,USD,approved,False,True,0
2064,144,2,2024-01-28 00:15:04,25.66,USD,declined,False,True,0
3360,106,72,2024-01-28 00:21:04,11.87,GBP,approved,False,False,0
1207,104,57,2024-01-28 00:22:00,15.3,EUR,approved,False,True,0
1987,166,43,2024-01-28 00:31:58,23.8,USD,approved,False,True,0
187,34,70,2024-01-28 00:32:48,23.15,USD,approved,False,True,0
3729,69,80,2024-01-28 00:44:26,104.12,USD,declined,True,False,0
2002,13,34,2024-01-28 00:48:49,29.14,GBP,approved,False,False,0
2661,87,50,2024-01-28 00:55:58,7.27,USD,approved,False,True,0
4602,190,35,2024-01-28 01:09:03,84.17,USD,reversed,False,False,0
146,171,61,2024-01-28 01:18:37,184.05,JPY,approved,True,False,0
2977,99,6,2024-01-28 01:28:48,14.17,GBP,approved,False,True,0
2461,69,44,2024-01-28 02:14:46,63.62,USD,pending,False,True,0
2542,195,76,2024-01-28 02:19:57,18.76,USD,approved,False,False,0
4838,14,74,2024-01-28 02:38:49,25.95,USD,approved,False,False,0
1047,48,10,2024-01-28 02:43:35,18.24,USD,reversed,False,False,0
1904,50,45,2024-01-28 02:56:37,27.46,JPY,approved,False,True,0
2527,94,26,2024-01-28 03:03:24,26.94,EUR,approved,True,False,0
4485,94,37,2024-01-28 03:05:51,27.55,USD,approved,True,True,0
2398,58,2,2024-01-28 03:09:14,94.97,USD,approved,False,True,0
4155,46,74,2024-01-28 03:16:51,50.27,USD,approved,False,True,0
318,146,9,2024-01-28 03:19:56,62.2,EUR,approved,False,True,0
1906,49,1,2024-01-28 03:21:22,18.67,USD,declined,True,False,1
788,138,49,2024-01-28 03:34:07,38.35,GBP,approved,False,False,1
2458,188,57,2024-01-28 03:40:01,26.26,GBP,approved,True,False,0
2567,161,34,2024-01-28 03:40:31,91.65,USD,approved,True,True,1
2287,182,53,2024-01-28 04:05:26,107.96,EUR,approved,False,True,0
2314,11,13,2024-01-28 04:54:57,43.83,EUR,declined,False,True,0
2082,19,72,2024-01-28 04:57:06,35.17,JPY,approved,False,True,0
1580,121,35,2024-01-28 05:10:59,31.69,USD,approved,False,False,0
1842,20,69,2024-01-28 06:31:23,27.84,JPY,approved,False,True,0
1021,12,21,2024-01-28 07:02:49,29.04,USD,approved,True,True,0
4067,171,69,2024-01-28 07:08:12,155.63,JPY,approved,False,True,1
4271,160,77,2024-01-28 07:10:32,23.31,USD,approved,False,True,0
3647,129,55,2024-01-28 07:23:23,61.15,USD,approved,False,True,0
4948,104,70,2024-01-28 08:01:50,25.52,USD,approved,False,True,0
4256,66,27,2024-01-28 08:39:33,47.63,USD,approved,False,True,1
2530,116,5,2024-01-28 09:03:39,47.55,USD,approved,False,True,0
1566,91,23,2024-01-28 09:15:59,32.24,JPY,approved,False,False,0
4638,100,44,2024-01-28 09:28:31,44.71,USD,approved,False,True,0
3271,33,28,2024-01-28 09:44:38,94.39,USD,declined,False,False,0
1007,171,23,2024-01-28 09:47:18,235.49,EUR,approved,False,True,0
3847,155,20,2024-01-28 09:57:14,36.48,USD,approved,True,True,0
422,139,78,2024-01-28 10:00:39,19.17,USD,approved,False,True,0
3382,158,7,2024-01-28 11:12:03,73.48,EUR,approved,False,False,0
2760,86,34,2024-01-28 11:17:19,74.85,USD,approved,False,True,0
3390,136,23,2024-01-28 11:18:54,80.22,GBP,approved,False,False,0
4087,54,55,2024-01-28 11:19:42,48.02,USD,reversed,False,True,0
3379,172,76,2024-01-28 11:24:55,62.11,USD,approved,False,True,0
2041,58,43,2024-01-28 11:34:34,39.76,USD,approved,False,True,0
1649,196,45,2024-01-28 11:44:13,38.09,JPY,approved,False,True,0
4793,195,5,2024-01-28 12:00:12,62.14,USD,approved,False,True,0
2091,178,53,2024-01-28 12:33:38,66.39,USD,approved,False,False,0
989,50,70,2024-01-28 12:48:10,34.19,USD,approved,False,True,0
2795,14,4,2024-01-28 13:16:28,93.23,EUR,approved,False,True,0
3073,49,53,2024-01-28 13:31:40,58.18,USD,approved,False,True,0
2964,14,36,2024-01-28 13:37:16,42.62,USD,approved,False,False,0
2793,145,60,2024-01-28 13:54:28,49.83,USD,approved,False,True,0
935,89,68,2024-01-28 13:56:17,25.38,USD,approved,False,False,0
2667,49,46,2024-01-28 13:57:48,44.58,USD,approved,False,False,0
4152,107,16,2024-01-28 13:59:13,33.65,USD,reversed,False,True,0
2688,113,49,2024-01-28 14:11:36,44.02,GBP,approved,False,True,0
3498,96,16,2024-01-28 14:18:00,19.56,GBP,approved,False,True,0
4012,178,32,2024-01-28 15:15:40,30.43,USD,approved,False,True,0
377,148,14,2024-01-28 15:20:07,71.28,GBP,approved,False,True,0
408,29,65,2024-01-28 15:29:40,56.72,USD,approved,False,True,0
1223,193,55,2024-01-28 15:48:20,211.33,GBP,approved,False,False,0
778,24,9,2024-01-28 16:08:53,79.65,EUR,declined,False,False,0
1100,87,20,2024-01-28 16:31:04,21.34,USD,reversed,False,False,0
4317,196,80,2024-01-28 16:31:15,42.1,USD,approved,True,True,0
3707,32,47,2024-01-28 16:43:52,40.45,EUR,approved,False,True,0
2336,108,11,2024-01-28 16:53:55,27.58,GBP,declined,False,True,0
1073,152,58,2024-01-28 18:10:50,69.37,USD,approved,False,True,0
2741,38,12,2024-01-28 18:13:12,44.04,JPY,approved,False,False,0
3469,105,57,2024-01-28 18:13:17,88.61,USD,approved,False,True,0
490,122,29,2024-01-28 18:18:50,42.41,JPY,approved,True,False,0
4262,41,22,2024-01-28 18:30:12,191.85,USD,declined,False,True,0
1690,19,41,2024-01-28 19:12:09,33.56,USD,approved,False,False,0
4339,149,56,2024-01-28 19:19:00,32.25,GBP,approved,False,True,0
2505,11,61,2024-01-28 19:19:33,57.8,USD,approved,False,True,0
2073,81,49,2024-01-28 19:23:09,49.24,USD,approved,False,True,0
4490,78,6,2024-01-28 19:51:56,176.88,USD,approved,True,True,0
837,162,71,2024-01-28 19:56:53,15.85,USD,approved,False,False,0
2817,135,43,2024-01-28 20:19:59,56.96,USD,approved,False,False,0
4612,65,59,2024-01-28 20:22:43,10.42,GBP,approved,False,True,0
3574,67,73,2024-01-28 20:37:33,19.46,USD,approved,False,True,0
3122,200,78,2024-01-28 20:50:09,49.07,USD,approved,False,True,0
2239,96,23,2024-01-28 20:57:58,31.57,EUR,approved,False,True,0
1810,192,71,2024-01-28 22:14:04,53.42,EUR,pending,False,False,0
3546,127,65,2024-01-28 22:20:52,21.78,USD,approved,False,True,0
2677,193,61,2024-01-28 22:30:06,38.26,JPY,approved,False,False,0
212,144,12,2024-01-28 23:17:45,32.83,USD,approved,True,False,0
956,123,57,2024-01-28 23:26:29,31.01,USD,approved,False,False,0
4875,39,71,2024-01-29 00:47:51,41.8,USD,reversed,False,True,0
3170,122,44,2024-01-29 00:51:42,23.87,USD,pending,False,False,0
4383,71,59,2024-01-29 01:17:28,30.52,GBP,approved,True,False,0
2537,66,18,2024-01-29 02:13:52,13.98,USD,approved,False,True,0
729,98,34,2024-01-29 02:31:07,46.78,USD,pending,False,True,0
3336,46,33,2024-01-29 02:53:45,31.4,USD,approved,False,True,1
4722,167,41,2024-01-29 03:03:14,52.62,USD,approved,False,True,0
3912,195,27,2024-01-29 03:39:13,49.53,USD,approved,True,True,1
891,20,60,2024-01-29 03:41:34,29.67,EUR,approved,False,False,1
2720,33,7,2024-01-29 04:06:51,27.77,USD,approved,False,True,0
1035,14,20,2024-01-29 04:20:31,70.82,USD,approved,False,True,0
4194,8,35,2024-01-29 04:23:11,28.23,USD,approved,False,True,0
2393,124,23,2024-01-29 05:03:19,30.19,USD,declined,False,False,1
1015,104,43,2024-01-29 05:54:13,26.29,EUR,approved,False,True,0
3347,121,21,2024-01-29 06:24:32,20.8,USD,approved,False,True,0
701,105,50,2024-01-29 06:26:41,17.27,USD,approved,False,True,0
3395,68,8,2024-01-29 06:53:14,52.32,USD,approved,False,True,0
1735,173,27,2024-01-29 07:05:18,59.72,USD,approved,True,True,0
3509,12,2,2024-01-29 07:25:02,27.25,USD,approved,False,True,0
1851,17,29,2024-01-29 07:37:07,64.0,USD,approved,False,True,0
1775,154,76,2024-01-29 07:45:57,28.69,JPY,declined,False,False,0
4559,151,62,2024-01-29 07:53:51,45.68,USD,approved,True,True,1
4999,136,46,2024-01-29 08:34:44,19.07,USD,approved,False,True,0
2858,156,12,2024-01-29 09:04:42,44.69,USD,approved,True,True,0
3783,21,10,2024-01-29 09:07:40,23.0,USD,approved,False,True,0
1678,84,24,2024-01-29 09:07:42,26.45,EUR,approved,False,False,0
4696,168,53,2024-01-29 09:09:26,141.79,USD,approved,True,True,1
2518,106,75,2024-01-29 09:29:11,7.02,USD,approved,False,True,0
541,142,23,2024-01-29 10:43:33,16.67,USD,approved,False,True,0
4922,175,13,2024-01-29 11:48:14,19.97,USD,approved,False,True,0
2996,127,37,2024-01-29 11:59:27,123.35,JPY,approved,False,True,0
4048,50,69,2024-01-29 12:01:48,60.32,EUR,declined,False,False,0
306,29,66,2024-01-29 12:02:06,35.61,EUR,approved,False,False,0
1983,11,80,2024-01-29 12:46:10,76.08,JPY,approved,False,False,0
2668,194,38,2024-01-29 13:24:50,35.0,USD,approved,False,False,0
1752,178,34,2024-01-29 13:33:54,50.24,JPY,approved,False,True,0
3123,95,60,2024-01-29 13:49:55,47.57,EUR,approved,False,False,0
268,70,51,2024-01-29 13:50:26,94.55,USD,approved,False,True,0
1161,117,20,2024-01-29 14:13:55,20.51,EUR,declined,False,True,0
4478,74,11,2024-01-29 14:58:20,13.31,EUR,reversed,True,False,0
155,87,65,2024-01-29 15:33:09,31.97,EUR,approved,False,True,0
1530,184,28,2024-01-29 15:38:11,25.65,GBP,approved,False,True,0
3380,80,40,2024-01-29 15:39:50,36.66,EUR,approved,False,False,0
4898,117,53,2024-01-29 15:48:48,31.82,USD,approved,False,True,0
4977,115,17,2024-01-29 15:52:53,53.28,EUR,approved,False,False,0
1026,12,61,2024-01-29 16:09:59,39.0,USD,approved,False,True,0
2914,46,80,2024-01-29 16:13:13,84.01,USD,declined,False,True,1
2225,81,42,2024-01-29 16:40:14,43.22,USD,pending,True,True,0
1063,29,31,2024-01-29 16:56:18,39.89,EUR,approved,False,True,0
2896,108,8,2024-01-29 17:15:01,77.27,USD,declined,False,False,0
3810,122,38,2024-01-29 17:16:55,59.09,USD,approved,True,False,0
4608,98,38,2024-01-29 17:26:04,67.42,GBP,approved,False,True,0
4182,73,19,2024-01-29 17:30:55,101.43,USD,approved,False,False,0
4954,29,38,2024-01-29 17:39:21,24.8,USD,approved,False,True,0
3405,79,68,2024-01-29 17:47:58,26.15,JPY,approved,True,False,0
1980,159,40,2024-01-29 17:53:59,83.21,USD,approved,False,True,0
875,140,57,2024-01-29 18:14:21,67.71,USD,approved,False,True,0
1891,38,12,2024-01-29 18:17:12,27.73,USD,approved,False,True,0
2233,188,36,2024-01-29 18:25:48,55.79,USD,approved,False,True,0
4777,68,68,2024-01-29 18:44:29,34.06,USD,approved,False,False,0
1721,18,69,2024-01-29 19:32:36,37.74,EUR,approved,False,True,0
1947,32,38,2024-01-29 19:59:56,18.58,GBP,approved,False,False,0
3032,55,44,2024-01-29 20:21:24,34.64,JPY,approved,False,True,0
1653,11,75,2024-01-29 20:37:06,51.54,USD,approved,False,False,0
450,58,14,2024-01-29 20:44:05,20.94,JPY,approved,False,False,0
3536,15,66,2024-01-29 20:45:50,12.6,USD,approved,False,True,0
502,131,19,2024-01-29 20:47:54,17.1,EUR,approved,False,False,0
1747,198,1,2024-01-29 21:30:45,12.72,GBP,approved,False,True,0
47,90,62,2024-01-29 22:03:41,40.31,USD,approved,True,False,0
1077,143,25,2024-01-29 22:04:50,43.59,USD,pending,False,False,0
1645,27,64,2024-01-29 22:10:04,17.94,EUR,approved,False,True,0
2459,95,9,2024-01-29 22:27:05,65.09,USD,approved,True,False,0
3737,76,36,2024-01-29 22:50:57,18.16,USD,approved,False,False,0
1200,125,14,2024-01-29 22:53:22,44.92,JPY,approved,True,True,0
1215,15,57,2024-01-29 22:57:28,37.0,GBP,approved,False,False,0
3765,83,24,2024-01-29 23:26:45,114.58,GBP,approved,False,False,0
832,49,13,2024-01-29 23:57:56,95.62,GBP,declined,False,False,0
4848,20,71,2024-01-30 00:00:14,113.63,GBP,approved,False,True,0
1471,180,2,2024-01-30 00:28:54,66.39,USD,approved,False,False,1
4779,22,52,2024-01-30 00:30:33,19.73,EUR,approved,False,True,0
2388,196,44,2024-01-30 00:35:13,7.91,GBP,approved,False,True,0
4388,12,69,2024-01-30 01:22:12,39.65,USD,approved,False,True,0
3273,131,10,2024-01-30 02:09:27,51.39,EUR,approved,False,True,0
4710,86,7,2024-01-30 02:12:51,47.71,JPY,approved,True,False,0
2882,48,6,2024-01-30 03:19:46,49.15,USD,declined,False,False,1
2174,153,32,2024-01-30 03:43:28,31.21,USD,approved,False,False,0
4851,186,16,2024-01-30 03:46:00,39.98,USD,approved,False,False,0
3646,106,50,2024-01-30 03:47:51,36.26,GBP,approved,False,True,0
323,123,56,2024-01-30 04:00:35,31.8,USD,approved,True,False,1
2712,5,18,2024-01-30 04:09:34,25.59,EUR,approved,False,False,0
1770,40,17,2024-01-30 04:53:39,19.1,GBP,approved,False,False,0
1516,187,25,2024-01-30 05:29:41,88.57,USD,approved,False,True,0
3606,28,80,2024-01-30 05:42:37,25.16,USD,approved,False,False,0
2012,79,46,2024-01-30 06:07:39,39.12,USD,approved,False,True,0
3397,91,54,2024-01-30 06:24:09,39.82,USD,pending,False,True,0
1765,116,39,2024-01-30 06:52:37,35.72,USD,approved,False,False,0
2604,113,17,2024-01-30 06:59:46,163.12,USD,approved,False,True,0
4187,54,3,2024-01-30 07:15:14,36.67,USD,approved,True,True,0
2906,173,76,2024-01-30 07:22:54,135.1,USD,approved,False,True,0
3601,90,66,2024-01-30 07:29:29,52.18,USD,approved,False,False,0
296,105,64,2024-01-30 09:03:19,21.12,EUR,approved,False,True,0
844,8,1,2024-01-30 09:11:55,107.19,USD,approved,False,False,0
4337,152,32,2024-01-30 09:37:56,20.69,GBP,approved,False,True,0
441,195,42,2024-01-30 10:25:49,23.31,JPY,approved,False,True,0
1277,132,6,2024-01-30 10:50:07,9.02,USD,approved,False,True,0
1178,39,44,2024-01-30 11:08:51,15.47,USD,approved,False,True,0
4676,74,1,2024-01-30 11:30:19,60.6,EUR,pending,False,False,0
4523,108,70,2024-01-30 11:36:53,52.43,USD,approved,True,True,0
3537,7,45,2024-01-30 11:40:20,15.22,EUR,declined,False,False,0
2423,21,15,2024-01-30 11:49:50,88.64,EUR,approved,False,True,1
4099,159,37,2024-01-30 12:34:25,43.55,USD,approved,False,True,0
2464,118,73,2024-01-30 12:59:25,32.94,GBP,approved,False,True,0
2404,111,20,2024-01-30 13:07:18,79.61,USD,approved,False,False,0
4900,118,56,2024-01-30 13:26:25,5.15,EUR,approved,False,True,0
3365,33,71,2024-01-30 14:00:24,23.87,USD,approved,False,True,0
3662,94,9,2024-01-30 14:07:13,38.54,USD,approved,False,False,0
1926,27,1,2024-01-30 15:57:33,28.88,USD,approved,False,True,0
4645,6,38,2024-01-30 16:00:34,32.47,USD,approved,False,True,0
540,5,80,2024-01-30 16:13:08,7.93,EUR,approved,True,True,0
105,160,9,2024-01-30 16:19:58,16.5,GBP,declined,False,True,0
4275,7,6,2024-01-30 16:25:35,38.3,USD,declined,False,True,0
3221,140,26,2024-01-30 16:39:50,28.01,EUR,approved,False,True,0
36,13,19,2024-01-30 16:47:19,31.72,GBP,approved,False,False,0
2407,75,79,2024-01-30 16:53:36,23.89,EUR,approved,True,False,1
641,135,61,2024-01-30 16:54:20,28.21,USD,approved,False,True,0
2827,73,23,2024-01-30 17:10:22,34.27,USD,approved,False,True,0
2957,20,55,2024-01-30 17:41:47,60.32,GBP,approved,False,True,0
1651,38,17,2024-01-30 18:11:08,17.75,JPY,approved,True,True,0
2479,16,64,2024-01-30 18:38:01,20.96,EUR,approved,False,True,0
2638,149,55,2024-01-30 18:41:15,23.68,GBP,reversed,False,True,0
4741,53,28,2024-01-30 19:15:42,72.5,EUR,approved,True,True,1
2698,84,19,2024-01-30 19:25:52,81.86,USD,approved,True,True,0
4683,140,36,2024-01-30 19:51:25,37.67,EUR,approved,False,True,0
3412,198,61,2024-01-30 20:25:06,38.02,GBP,approved,False,True,0
37,172,74,2024-01-30 21:29:29,12.09,USD,approved,True,True,1
154,59,56,2024-01-30 21:33:25,69.72,USD,approved,False,True,1
2134,80,69,2024-01-30 21:53:25,74.62,GBP,pending,False,False,0
3884,91,26,2024-01-30 22:27:38,23.27,USD,approved,False,True,0
2454,94,77,2024-01-30 23:17:27,96.3,USD,approved,False,False,1
1629,78,35,2024-01-30 23:39:29,194.36,EUR,approved,False,False,0
743,127,72,2024-01-30 23:48:11,35.48,USD,approved,False,True,0
272,5,35,2024-01-31 00:12:39,37.71,GBP,approved,False,True,0
1962,198,36,2024-01-31 00:20:20,46.88,USD,approved,False,False,0
3346,152,80,2024-01-31 00:28:36,37.81,GBP,approved,False,True,1
3058,30,39,2024-01-31 00:46:43,62.14,USD,approved,False,True,0
2918,190,9,2024-01-31 00:53:45,17.98,EUR,approved,False,True,0
1350,120,55,2024-01-31 01:56:07,12.15,USD,approved,False,False,0
3572,169,13,2024-01-31 02:00:09,33.3,EUR,approved,False,True,0
3071,85,5,2024-01-31 02:15:37,23.4,USD,approved,False,True,0
2666,108,34,2024-01-31 02:24:25,59.88,EUR,approved,False,False,0
1716,176,39,2024-01-31 02:41:05,22.25,USD,approved,False,False,0
1676,197,71,2024-01-31 02:42:52,98.11,USD,reversed,False,False,0
873,23,60,2024-01-31 03:13:20,45.01,USD,approved,False,True,0
2761,27,29,2024-01-31 03:19:11,18.29,USD,declined,False,True,0
4996,43,38,2024-01-31 03:23:06,57.02,USD,approved,False,False,0
819,134,32,2024-01-31 03:28:33,23.35,EUR,approved,False,True,0
1627,116,63,2024-01-31 04:02:35,29.24,USD,approved,False,True,0
2243,91,20,2024-01-31 04:05:36,39.45,USD,reversed,False,False,0
4913,6,35,2024-01-31 04:09:52,21.01,EUR,approved,False,False,0
3307,56,38,2024-01-31 04:12:55,17.3,USD,approved,False,False,0
3630,166,1,2024-01-31 04:29:57,21.35,EUR,approved,False,False,0
2223,6,32,2024-01-31 04:44:13,72.5,USD,approved,False,False,1
3848,72,19,2024-01-31 04:45:56,48.96,EUR,approved,False,False,0
981,118,49,2024-01-31 04:58:44,44.02,USD,approved,False,False,0
1199,161,13,2024-01-31 05:15:12,80.43,EUR,approved,False,True,0
2874,44,28,2024-01-31 05:20:51,67.3,USD,reversed,False,False,0
3752,160,14,2024-01-31 05:22:26,40.92,EUR,approved,False,True,0
1146,97,66,2024-01-31 05:25:33,17.97,USD,pending,False,True,0
3855,97,46,2024-01-31 05:27:28,52.88,GBP,approved,False,False,0
2718,139,57,2024-01-31 06:12:30,30.35,USD,approved,False,True,0
905,92,16,2024-01-31 06:19:32,67.65,USD,approved,False,True,1
119,50,70,2024-01-31 06:28:28,35.5,GBP,approved,False,False,0
4342,84,13,2024-01-31 06:31:27,32.47,USD,pending,False,True,0
2402,114,71,2024-01-31 06:44:52,39.56,JPY,approved,False,False,0
4962,102,73,2024-01-31 06:51:01,85.58,USD,approved,False,True,0
3069,30,65,2024-01-31 07:03:44,110.03,EUR,approved,False,True,0
2632,137,32,2024-01-31 07:13:58,21.96,EUR,approved,False,False,0
4449,111,62,2024-01-31 07:36:03,200.1,USD,declined,False,False,0
1273,187,46,2024-01-31 07:40:02,50.13,USD,reversed,False,False,0
218,20,54,2024-01-31 07:51:18,28.65,USD,declined,False,True,1
3078,164,31,2024-01-31 08:47:50,37.1,USD,pending,False,True,0
148,47,67,2024-01-31 08:48:14,124.85,EUR,approved,False,True,0
1491,55,71,2024-01-31 08:59:38,14.67,USD,approved,False,True,0
813,137,24,2024-01-31 09:05:16,91.11,GBP,approved,False,False,0
259,36,54,2024-01-31 09:17:08,17.65,EUR,approved,True,True,0
2009,158,78,2024-01-31 09:47:01,71.02,EUR,declined,False,False,0
3180,34,15,2024-01-31 10:12:11,22.14,JPY,approved,False,True,0
3226,155,62,2024-01-31 11:13:29,14.89,GBP,approved,False,False,0
494,121,17,2024-01-31 12:02:51,64.14,USD,approved,False,False,0
2450,35,66,2024-01-31 12:05:50,22.03,USD,approved,False,True,0
1853,91,55,2024-01-31 12:22:01,36.2,USD,pending,False,True,0
3885,33,13,2024-01-31 12:22:07,33.11,USD,declined,False,False,0
4808,179,71,2024-01-31 12:23:22,80.8,EUR,approved,False,False,0
4098,30,59,2024-01-31 12:32:05,120.43,EUR,approved,False,False,0
4005,161,62,2024-01-31 13:53:00,64.52,GBP,approved,False,False,0
3550,128,17,2024-01-31 14:13:24,45.91,USD,approved,False,False,0
3136,4,56,2024-01-31 14:43:45,38.33,EUR,declined,False,True,0
2574,79,77,2024-01-31 14:57:33,29.37,USD,pending,False,False,0
2315,46,72,2024-01-31 15:12:18,15.28,USD,approved,False,True,0
2100,50,69,2024-01-31 15:15:16,94.33,USD,approved,False,True,0
1433,35,21,2024-01-31 17:07:53,65.73,JPY,reversed,False,True,0
2491,69,9,2024-01-31 17:09:46,31.89,EUR,approved,False,True,0
3593,197,17,2024-01-31 18:20:28,19.01,EUR,approved,False,True,0
1610,26,58,2024-01-31 18:33:37,16.29,USD,approved,False,False,0
2697,26,42,2024-01-31 18:34:21,26.3,USD,approved,False,True,0
2581,77,2,2024-01-31 19:17:55,27.44,USD,declined,False,False,0
4033,54,52,2024-01-31 19:19:17,29.24,JPY,approved,False,True,0
4422,200,64,2024-01-31 19:47:10,12.02,USD,approved,False,True,0
333,62,32,2024-01-31 19:50:13,12.32,USD,approved,False,True,0
2253,49,63,2024-01-31 20:09:52,23.37,USD,approved,False,True,0
3683,44,2,2024-01-31 20:16:43,121.7,EUR,approved,False,False,0
240,126,73,2024-01-31 20:18:59,51.3,GBP,approved,False,True,0
4043,152,44,2024-01-31 20:20:17,23.26,USD,approved,False,False,0
34,111,12,2024-01-31 20:38:30,45.61,GBP,approved,False,True,1
4071,20,10,2024-01-31 20:48:07,23.03,EUR,approved,False,False,0
4041,66,59,2024-01-31 20:59:52,45.6,USD,approved,False,False,0
1004,178,48,2024-01-31 21:03:42,14.97,USD,approved,False,True,0
4504,155,43,2024-01-31 21:07:16,25.12,EUR,approved,False,False,0
59,149,21,2024-01-31 21:12:43,34.3,USD,approved,True,True,0
358,179,60,2024-01-31 21:16:13,32.99,EUR,approved,True,True,0
325,196,73,2024-01-31 21:21:39,19.85,USD,approved,False,True,0
1622,1,75,2024-01-31 21:23:34,32.72,EUR,approved,False,True,0
2895,53,60,2024-01-31 21:51:42,67.53,USD,declined,True,False,0
4503,200,20,2024-01-31 21:52:08,44.88,USD,approved,False,True,0
132,111,32,2024-01-31 21:55:11,107.82,JPY,approved,False,True,1
2001,176,73,2024-01-31 22:10:55,24.03,EUR,approved,False,False,0
3559,34,48,2024-01-31 23:01:40,20.82,USD,approved,False,True,0
140,88,80,2024-01-31 23:06:27,45.13,JPY,approved,False,True,0
2037,117,6,2024-01-31 23:13:02,19.31,USD,approved,True,True,1
579,179,37,2024-01-31 23:31:01,26.46,JPY,approved,False,False,0
1905,67,52,2024-01-31 23:41:09,33.74,EUR,declined,False,True,0
1641,145,27,2024-01-31 23:58:04,34.78,USD,approved,False,True,0
3437,59,16,2024-02-01 00:10:51,58.96,EUR,approved,False,False,0
2681,24,29,2024-02-01 00:28:52,71.71,USD,approved,False,False,0
1011,54,32,2024-02-01 00:30:50,17.21,GBP,approved,True,True,0
173,155,70,2024-02-01 00:32:24,22.52,USD,approved,False,False,0
3551,88,71,2024-02-01 00:34:54,6.87,USD,approved,False,True,0
2353,143,30,2024-02-01 00:47:40,73.21,USD,approved,False,False,1
68,75,2,2024-02-01 01:06:28,49.91,USD,approved,False,True,0
4069,148,41,2024-02-01 01:20:55,181.88,JPY,approved,False,True,0
4020,138,26,2024-02-01 01:27:55,16.52,GBP,approved,True,False,0
938,30,46,2024-02-01 02:28:03,12.51,USD,approved,False,True,0
4952,11,33,2024-02-01 02:41:44,43.48,USD,approved,False,True,0
4105,16,19,2024-02-01 03:12:01,46.23,EUR,approved,False,True,0
2606,152,25,2024-02-01 03:57:06,46.0,USD,approved,False,False,0
1630,26,24,2024-02-01 04:06:10,11.91,USD,approved,False,True,0
705,26,25,2024-02-01 04:15:59,33.62,USD,approved,True,True,0
3127,167,36,2024-02-01 04:25:34,27.24,EUR,approved,False,True,0
1202,96,77,2024-02-01 04:43:02,15.93,USD,approved,False,False,0
3741,45,3,2024-02-01 04:56:51,16.89,USD,approved,True,False,0
4008,131,37,2024-02-01 04:59:53,15.25,USD,declined,False,True,0
4228,123,38,2024-02-01 05:10:17,40.96,GBP,approved,False,True,0
1841,86,23,2024-02-01 05:14:36,35.09,USD,approved,False,True,0
2043,150,49,2024-02-01 05:24:51,44.58,USD,approved,False,False,1
4610,88,66,2024-02-01 05:40:36,19.63,USD,approved,False,False,0
1209,57,24,2024-02-01 05:49:08,5.94,USD,approved,False,False,0
1326,38,12,2024-02-01 05:59:49,17.11,GBP,approved,False,True,0
2825,124,66,2024-02-01 06:03:10,34.49,EUR,approved,False,False,0
1897,115,22,2024-02-01 07:29:11,15.24,USD,declined,False,True,0
4037,138,50,2024-02-01 07:31:38,67.03,EUR,approved,False,False,0
3144,114,52,2024-02-01 07:59:41,14.84,USD,approved,True,True,0
3496,107,2,2024-02-01 08:09:24,34.41,EUR,declined,False,False,0
2808,63,43,2024-02-01 08:10:30,47.74,EUR,approved,False,True,0
4769,23,57,2024-02-01 08:18:45,77.57,USD,approved,False,False,0
801,3,10,2024-02-01 08:34:01,93.96,EUR,approved,False,False,0
2090,4,27,2024-02-01 08:36:05,38.97,EUR,approved,False,True,0
3255,48,65,2024-02-01 08:56:02,16.71,USD,approved,False,True,0
4035,86,70,2024-02-01 09:02:22,42.62,USD,approved,False,True,0
3416,83,5,2024-02-01 09:04:57,76.59,EUR,approved,False,True,0
3999,147,8,2024-02-01 09:22:03,40.11,USD,declined,True,False,1
957,81,18,2024-02-01 09:44:09,62.44,USD,approved,False,False,0
1789,95,20,2024-02-01 10:12:05,24.46,EUR,declined,False,True,0
4961,77,9,2024-02-01 10:28:17,45.73,USD,approved,False,True,0
4382,24,38,2024-02-01 10:39:54,22.92,USD,approved,False,True,0
4475,171,15,2024-02-01 10:42:48,92.47,EUR,approved,False,True,0
519,96,46,2024-02-01 10:46:36,25.51,USD,approved,False,True,0
1786,49,78,2024-02-01 10:52:46,29.74,USD,approved,False,True,0
2173,200,80,2024-02-01 11:10:25,8.07,USD,approved,False,True,0
3310,189,47,2024-02-01 11:12:24,11.97,USD,approved,True,True,0
4446,84,22,2024-02-01 11:42:43,25.88,USD,reversed,False,True,0
3007,120,34,2024-02-01 11:47:58,17.91,USD,approved,False,False,0
1909,8,13,2024-02-01 12:00:19,19.44,EUR,approved,False,False,0
2152,65,31,2024-02-01 12:18:49,13.5,USD,approved,False,True,0
3,131,51,2024-02-01 13:12:24,40.38,JPY,declined,False,False,0
1066,78,21,2024-02-01 13:20:07,40.3,USD,approved,False,False,0
1323,110,10,2024-02-01 13:20:41,8.96,USD,approved,True,False,0
24,186,34,2024-02-01 13:30:12,25.47,GBP,approved,False,True,0
4052,79,45,2024-02-01 13:36:37,31.47,USD,approved,False,False,0
1569,182,13,2024-02-01 13:55:15,9.69,JPY,approved,False,False,0
2364,24,14,2024-02-01 14:01:08,35.38,GBP,approved,False,True,0
2421,52,58,2024-02-01 14:15:44,138.16,USD,approved,False,True,0
3988,15,9,2024-02-01 14:21:53,46.21,USD,approved,True,True,0
651,98,75,2024-02-01 14:31:59,68.31,USD,approved,False,False,0
3088,36,74,2024-02-01 14:50:51,43.68,GBP,pending,True,True,0
3995,103,2,2024-02-01 14:55:11,20.58,USD,declined,False,False,0
2869,173,49,2024-02-01 15:15:33,33.52,USD,approved,False,False,0
3804,5,60,2024-02-01 15:25:16,32.61,USD,approved,False,True,0
4843,20,53,2024-02-01 15:25:53,15.7,EUR,approved,False,True,0
1826,181,41,2024-02-01 15:39:44,21.09,GBP,approved,False,True,0
1594,4,61,2024-02-01 16:10:26,29.54,USD,approved,False,False,0
273,31,20,2024-02-01 16:18:41,20.6,USD,approved,True,False,0
2773,41,47,2024-02-01 16:19:34,79.23,USD,approved,True,True,1
376,19,54,2024-02-01 16:20:17,84.68,GBP,approved,False,True,0
3734,187,39,2024-02-01 16:21:52,25.3,USD,declined,False,True,0
4135,198,17,2024-02-01 16:40:12,41.48,USD,approved,True,True,0
912,37,27,2024-02-01 16:46:18,22.72,GBP,approved,False,True,0
607,65,37,2024-02-01 16:55:36,9.65,USD,approved,False,False,0
4148,172,30,2024-02-01 17:02:13,34.3,EUR,pending,False,False,0
2844,97,70,2024-02-01 17:06:30,49.76,USD,approved,False,True,0
1548,170,57,2024-02-01 17:35:13,11.51,EUR,approved,False,True,0
2829,126,45,2024-02-01 18:05:56,32.54,EUR,approved,False,True,0
3730,128,60,2024-02-01 18:21:15,50.86,USD,approved,False,False,0
1659,168,47,2024-02-01 18:55:47,19.22,EUR,approved,False,False,0
1658,175,41,2024-02-01 19:36:03,24.79,USD,approved,False,False,0
2237,50,68,2024-02-01 20:02:26,23.96,EUR,approved,False,True,0
2634,113,35,2024-02-01 20:20:30,52.25,USD,approved,False,False,0
3614,15,45,2024-02-01 20:36:16,61.73,USD,approved,False,False,0
4819,107,37,2024-02-01 20:36:53,31.88,EUR,declined,False,True,0
2726,124,55,2024-02-01 20:52:26,39.34,EUR,reversed,False,True,0
1597,132,69,2024-02-01 22:16:49,34.7,USD,approved,False,True,0
3799,3,68,2024-02-01 22:48:24,322.26,USD,approved,False,True,0
3937,105,80,2024-02-01 22:52:37,38.31,USD,declined,False,True,0
751,193,71,2024-02-01 22:53:23,132.52,USD,reversed,False,False,0
1798,38,56,2024-02-01 23:01:36,30.71,USD,approved,False,True,0
315,49,33,2024-02-01 23:04:06,23.88,USD,approved,False,True,0
1363,71,61,2024-02-01 23:27:09,76.21,USD,declined,False,True,0
3308,28,38,2024-02-01 23:33:03,30.15,USD,declined,False,False,0
360,150,28,2024-02-01 23:39:34,18.29,EUR,approved,False,True,0
633,87,42,2024-02-02 00:21:53,31.37,USD,approved,False,False,0
4407,52,71,2024-02-02 00:29:05,51.82,USD,approved,False,True,0
497,24,62,2024-02-02 00:48:46,79.81,USD,approved,False,False,1
45,14,65,2024-02-02 00:49:30,44.13,USD,declined,True,False,0
1787,40,52,2024-02-02 01:04:49,20.16,USD,approved,True,False,0
3556,90,69,2024-02-02 01:20:10,26.81,EUR,declined,False,True,0
2783,153,68,2024-02-02 01:24:33,35.95,USD,approved,False,True,0
1386,48,45,2024-02-02 02:04:10,21.19,USD,declined,False,False,1
4185,12,78,2024-02-02 02:36:36,42.07,USD,approved,False,True,0
4021,27,61,2024-02-02 03:40:20,54.22,EUR,pending,False,False,0
2313,103,41,2024-02-02 03:50:35,83.51,GBP,approved,False,True,1
4997,150,80,2024-02-02 03:58:55,33.3,USD,approved,True,True,0
4750,74,42,2024-02-02 04:10:25,47.27,USD,pending,False,True,0
1964,164,57,2024-02-02 04:16:09,29.19,USD,approved,False,False,0
3934,146,14,2024-02-02 04:43:07,22.18,USD,pending,False,False,0
2434,63,59,2024-02-02 04:53:38,37.23,EUR,approved,False,False,0
2205,91,1,2024-02-02 04:53:58,112.84,EUR,pending,False,False,0
1753,126,49,2024-02-02 05:03:49,46.92,USD,approved,False,False,0
4921,196,18,2024-02-02 05:05:00,26.28,USD,approved,False,True,0
3369,85,40,2024-02-02 05:07:09,47.59,EUR,approved,False,False,0
1670,146,30,2024-02-02 05:19:29,42.34,JPY,approved,True,False,0
4802,120,40,2024-02-02 05:40:49,29.2,USD,approved,False,False,0
898,11,77,2024-02-02 06:02:15,32.6,GBP,approved,False,True,0
3317,127,55,2024-02-02 06:39:25,103.89,USD,pending,False,True,0
114,92,3,2024-02-02 07:00:04,43.01,EUR,approved,False,True,0
1410,57,75,2024-02-02 07:10:24,54.74,EUR,approved,False,True,0
1977,187,64,2024-02-02 07:18:06,30.05,USD,approved,False,True,0
116,114,21,2024-02-02 07:23:18,19.13,EUR,approved,True,True,1
3217,2,48,2024-02-02 07:47:10,75.83,GBP,approved,False,False,0
2258,131,52,2024-02-02 09:05:53,43.5,GBP,approved,False,True,0
1084,112,74,2024-02-02 09:28:28,19.09,USD,approved,False,True,0
1946,24,45,2024-02-02 09:54:03,21.94,USD,approved,True,False,0
2830,26,32,2024-02-02 10:56:59,94.31,GBP,approved,False,False,0
4912,108,19,2024-02-02 11:52:22,25.72,USD,approved,False,True,0
4651,80,24,2024-02-02 11:59:21,77.88,JPY,approved,False,True,0
1348,141,79,2024-02-02 12:45:28,17.44,GBP,approved,False,False,0
4589,122,41,2024-02-02 13:09:27,80.13,USD,approved,False,True,0
4692,14,25,2024-02-02 13:25:10,96.39,USD,approved,False,False,0
2029,106,36,2024-02-02 13:42:39,38.89,USD,pending,False,False,0
400,63,70,2024-02-02 13:48:32,79.21,EUR,approved,False,True,0
4510,194,74,2024-02-02 14:03:55,47.33,USD,approved,False,False,1
4682,35,71,2024-02-02 14:26:03,12.81,USD,approved,True,False,0
1803,91,43,2024-02-02 14:32:11,36.73,GBP,approved,False,True,0
1895,27,56,2024-02-02 14:36:56,47.28,USD,approved,False,True,0
4810,162,57,2024-02-02 14:56:20,28.34,USD,approved,False,False,0
4746,62,56,2024-02-02 15:09:52,18.32,EUR,approved,True,False,1
2104,26,45,2024-02-02 15:21:47,79.82,USD,approved,False,True,0
2196,164,71,2024-02-02 15:40:49,27.31,USD,approved,False,True,0
1387,113,39,2024-02-02 15:42:01,34.58,USD,approved,False,True,0
109,95,27,2024-02-02 15:48:28,17.92,USD,declined,False,False,0
3463,174,56,2024-02-02 15:49:36,32.59,USD,approved,False,True,0
4855,12,53,2024-02-02 16:13:45,15.57,USD,approved,False,False,0
3886,83,71,2024-02-02 16:14:07,51.61,USD,declined,False,True,0
2387,191,64,2024-02-02 16:18:33,21.03,USD,approved,False,True,0
4429,155,36,2024-02-02 16:24:10,56.01,EUR,approved,False,True,0
1210,193,52,2024-02-02 16:25:21,202.34,USD,approved,False,True,0
1382,57,16,2024-02-02 16:52:16,39.45,USD,approved,False,True,0
1163,170,18,2024-02-02 16:52:24,10.87,JPY,approved,False,True,0
1421,190,51,2024-02-02 17:11:03,21.59,EUR,approved,False,True,0
4774,198,9,2024-02-02 17:11:33,22.76,GBP,approved,False,False,0
4526,92,74,2024-02-02 17:27:33,47.8,JPY,pending,False,False,0
1556,33,43,2024-02-02 17:28:58,24.15,GBP,approved,False,False,0
1024,169,72,2024-02-02 17:46:36,47.93,USD,approved,True,False,0
4414,144,7,2024-02-02 18:24:19,57.52,JPY,approved,False,False,0
3464,11,3,2024-02-02 19:22:13,81.43,USD,approved,True,False,0
4557,32,61,2024-02-02 19:26:16,26.1,USD,approved,False,True,0
2799,142,44,2024-02-02 20:22:28,25.27,USD,approved,False,False,0
585,81,37,2024-02-02 20:32:11,14.1,EUR,approved,True,False,0
2201,74,55,2024-02-02 20:43:58,13.47,GBP,approved,False,False,0
111,56,44,2024-02-02 21:26:55,11.23,USD,declined,False,True,0
4761,194,48,2024-02-02 22:03:15,109.87,USD,approved,False,True,0
4502,107,16,2024-02-02 22:05:11,38.83,USD,approved,False,False,0
4338,66,70,2024-02-02 22:16:06,38.25,EUR,reversed,True,True,0
1245,176,65,2024-02-02 22:35:10,25.49,EUR,approved,False,False,0
1914,156,76,2024-02-02 22:56:08,41.86,USD,pending,False,True,0
4901,70,47,2024-02-02 23:25:10,15.7,JPY,approved,False,True,0
2439,169,48,2024-02-02 23:49:08,64.55,USD,approved,False,True,0
4344,52,25,2024-02-02 23:50:11,14.82,USD,approved,False,False,0
4669,148,15,2024-02-03 00:06:25,59.33,USD,approved,False,True,0
1212,157,55,2024-02-03 00:07:44,119.71,USD,declined,False,False,0
4379,34,62,2024-02-03 00:16:09,18.91,USD,approved,True,True,0
285,89,80,2024-02-03 01:41:33,67.46,USD,approved,False,False,0
77,67,27,2024-02-03 02:42:12,33.43,USD,approved,False,True,1
248,84,75,2024-02-03 03:07:35,22.96,USD,approved,False,False,0
4040,75,20,2024-02-03 03:13:37,21.74,EUR,declined,False,False,0
3916,16,47,2024-02-03 04:07:16,20.45,USD,approved,False,True,0
602,156,80,2024-02-03 04:14:55,70.66,USD,approved,True,True,0
1217,102,36,2024-02-03 04:47:20,39.01,USD,approved,False,True,0
3932,16,13,2024-02-03 05:06:39,42.1,JPY,approved,False,True,0
4223,166,35,2024-02-03 05:11:20,44.6,GBP,approved,False,False,0
2572,187,75,2024-02-03 05:17:42,32.32,EUR,declined,False,False,0
2406,166,46,2024-02-03 05:40:05,33.16,EUR,approved,False,True,0
87,20,67,2024-02-03 06:21:30,25.78,JPY,approved,False,True,0
2675,187,79,2024-02-03 06:31:43,76.38,USD,approved,False,True,0
2324,131,73,2024-02-03 06:43:33,70.51,GBP,pending,False,True,1
3849,149,29,2024-02-03 06:53:59,16.36,EUR,declined,False,True,1
1831,71,50,2024-02-03 07:07:55,54.87,USD,reversed,False,True,0
2798,114,11,2024-02-03 07:08:23,28.86,USD,approved,False,True,0
1280,174,31,2024-02-03 07:18:49,54.34,USD,approved,False,True,0
243,19,73,2024-02-03 07:31:46,26.39,GBP,approved,False,True,0
106,158,52,2024-02-03 07:41:37,97.38,GBP,pending,False,False,1
1813,135,33,2024-02-03 07:44:35,29.93,EUR,approved,True,False,0
3950,35,40,2024-02-03 08:06:24,56.7,EUR,approved,False,True,0
1850,34,13,2024-02-03 08:17:27,64.5,USD,approved,True,True,1
1825,155,44,2024-02-03 08:19:08,16.45,USD,approved,False,True,0
2930,131,28,2024-02-03 08:52:50,26.82,USD,reversed,False,True,0
3201,185,36,2024-02-03 09:09:58,116.89,USD,approved,False,False,1
3096,151,22,2024-02-03 09:20:56,40.62,GBP,approved,False,True,0
1115,39,16,2024-02-03 09:33:12,82.75,USD,approved,False,True,0
2738,38,50,2024-02-03 09:37:08,55.09,GBP,approved,False,True,0
4697,16,35,2024-02-03 09:39:56,60.34,USD,approved,False,True,0
3592,60,33,2024-02-03 09:44:53,11.89,USD,approved,False,False,0
1743,92,43,2024-02-03 09:53:52,60.19,USD,approved,False,True,0
250,9,46,2024-02-03 10:09:56,18.85,USD,pending,False,False,0
480,22,47,2024-02-03 10:24:42,42.87,USD,approved,False,False,0
4530,113,36,2024-02-03 10:43:12,68.61,JPY,approved,False,False,1
4623,166,17,2024-02-03 10:51:28,20.68,GBP,approved,False,True,0
1608,119,80,2024-02-03 11:03:53,26.83,JPY,approved,False,False,0
3400,145,9,2024-02-03 11:48:35,27.59,EUR,approved,False,False,0
3652,15,45,2024-02-03 12:17:38,73.97,USD,declined,False,False,0
782,128,12,2024-02-03 12:40:42,108.19,USD,approved,False,False,0
2202,2,23,2024-02-03 12:51:37,12.63,USD,approved,True,True,0
3173,87,24,2024-02-03 13:36:44,45.38,EUR,approved,False,True,0
2721,126,2,2024-02-03 13:52:06,20.7,USD,approved,False,False,0
2229,58,74,2024-02-03 14:17:58,32.6,GBP,declined,False,False,1
2345,118,60,2024-02-03 14:55:34,97.39,USD,pending,False,True,1
2480,27,36,2024-02-03 15:08:38,23.51,EUR,reversed,False,True,0
3598,111,43,2024-02-03 15:09:05,38.86,GBP,approved,False,True,0
363,45,47,2024-02-03 15:18:53,58.96,USD,approved,False,True,0
999,193,61,2024-02-03 15:35:40,53.47,USD,approved,False,True,1
1827,22,44,2024-02-03 15:57:55,29.41,JPY,approved,False,True,0
2449,156,58,2024-02-03 16:08:05,67.47,JPY,approved,False,True,0
2446,179,69,2024-02-03 17:04:40,26.51,USD,approved,True,False,0
4386,145,59,2024-02-03 17:05:43,19.55,GBP,approved,False,True,0
1872,42,45,2024-02-03 18:07:29,32.03,USD,approved,False,False,0
3740,167,35,2024-02-03 18:13:54,13.2,JPY,approved,False,True,0
4291,14,46,2024-02-03 18:34:13,44.39,EUR,approved,False,True,0
3378,117,6,2024-02-03 18:35:44,36.3,USD,approved,False,False,0
3876,121,19,2024-02-03 18:59:41,10.4,USD,approved,False,False,0
4302,132,68,2024-02-03 20:02:35,64.47,JPY,approved,True,True,0
444,98,65,2024-02-03 20:43:05,55.92,JPY,approved,False,True,0
576,75,44,2024-02-03 20:53:46,23.36,USD,approved,False,False,0
2007,87,49,2024-02-03 21:13:55,22.64,USD,approved,False,True,0
192,127,74,2024-02-03 21:39:44,63.47,USD,approved,False,True,0
1718,76,55,2024-02-03 21:40:25,26.56,GBP,declined,False,True,0
121,88,66,2024-02-03 21:47:30,39.54,GBP,declined,True,False,0
284,99,61,2024-02-03 21:49:30,41.0,USD,approved,False,True,0
810,200,31,2024-02-03 22:12:08,18.28,USD,approved,False,False,0
1090,29,60,2024-02-03 22:14:57,68.88,USD,approved,True,False,0
4966,22,25,2024-02-03 23:05:55,26.29,EUR,approved,False,True,0
1424,135,57,2024-02-03 23:26:21,38.7,USD,approved,False,True,0
4273,187,69,2024-02-03 23:43:56,28.47,USD,pending,False,True,0
202,182,33,2024-02-03 23:58:44,33.1,GBP,declined,False,False,1
3020,150,49,2024-02-04 00:18:38,39.14,USD,approved,False,True,0
2948,100,16,2024-02-04 01:04:25,63.81,USD,declined,True,False,0
3588,138,48,2024-02-04 01:10:52,21.96,USD,approved,False,True,0
3825,119,58,2024-02-04 01:20:00,39.71,EUR,approved,False,True,1
1190,2,38,2024-02-04 01:48:23,46.43,USD,approved,False,True,0
4019,38,10,2024-02-04 02:04:51,20.29,USD,approved,False,False,0
4721,115,65,2024-02-04 02:12:37,31.04,USD,approved,True,True,0
4184,171,40,2024-02-04 02:14:58,434.04,USD,approved,False,True,0
1599,170,11,2024-02-04 02:23:26,42.2,USD,declined,False,True,0
3744,88,10,2024-02-04 02:36:20,28.88,EUR,declined,False,True,0
2949,107,47,2024-02-04 03:15:53,147.17,USD,approved,False,True,1
1994,128,58,2024-02-04 03:20:15,15.51,USD,approved,False,True,0
1823,61,80,2024-02-04 03:24:18,26.29,USD,approved,True,True,0
4708,110,11,2024-02-04 03:37:16,49.23,USD,declined,False,True,0
2006,26,1,2024-02-04 03:52:33,49.85,USD,approved,False,False,0
3569,152,4,2024-02-04 04:25:59,23.98,JPY,approved,False,True,0
554,64,52,2024-02-04 04:44:19,33.41,USD,pending,True,True,0
3940,102,19,2024-02-04 05:19:56,23.34,GBP,approved,True,True,0
4578,40,11,2024-02-04 05:56:29,34.19,JPY,approved,False,False,0
4326,79,37,2024-02-04 06:10:47,25.56,USD,approved,False,True,0
1139,149,6,2024-02-04 06:15:10,29.84,USD,pending,False,True,0
1294,1,59,2024-02-04 06:29:57,17.29,USD,reversed,True,True,0
1745,43,70,2024-02-04 06:37:41,41.2,EUR,approved,True,False,0
3926,115,27,2024-02-04 06:45:39,17.43,USD,reversed,False,True,0
380,53,41,2024-02-04 08:13:38,78.59,USD,approved,False,True,0
251,36,12,2024-02-04 08:13:43,41.38,EUR,approved,False,True,1
3134,17,23,2024-02-04 08:27:57,78.16,EUR,approved,False,True,0
1688,82,9,2024-02-04 08:48:03,19.96,USD,approved,False,True,0
3460,80,21,2024-02-04 09:10:21,17.91,USD,approved,True,False,0
217,16,63,2024-02-04 09:29:09,38.04,USD,approved,False,False,0
1875,82,36,2024-02-04 09:37:52,37.28,JPY,approved,False,True,0
3303,121,40,2024-02-04 09:44:26,59.84,EUR,approved,False,False,0
1198,197,21,2024-02-04 10:04:46,35.03,USD,approved,False,True,0
4924,136,13,2024-02-04 10:21:08,76.9,USD,approved,True,True,0
3663,194,52,2024-02-04 10:56:03,31.04,USD,approved,True,False,0
3565,157,11,2024-02-04 10:57:41,39.91,EUR,approved,True,False,0
3006,75,69,2024-02-04 11:28:40,32.02,USD,approved,False,False,0
3650,148,17,2024-02-04 11:41:27,99.07,JPY,approved,True,True,1
4216,199,18,2024-02-04 12:06:31,49.51,EUR,approved,False,True,0
2166,185,33,2024-02-04 12:11:39,56.44,USD,approved,True,False,0
1973,137,18,2024-02-04 12:19:07,8.05,GBP,pending,False,True,1
4482,60,17,2024-02-04 12:40:37,21.32,USD,approved,False,True,0
559,159,43,2024-02-04 12:49:37,42.09,EUR,approved,False,False,0
1177,64,60,2024-02-04 13:38:45,19.34,USD,declined,True,True,0
4421,145,38,2024-02-04 13:42:59,22.27,USD,approved,True,False,0
1356,100,30,2024-02-04 13:45:21,8.83,USD,approved,False,True,0
3268,139,41,2024-02-04 14:08:34,11.38,USD,approved,False,True,0
3866,156,67,2024-02-04 14:08:48,20.87,USD,approved,False,True,0
4705,147,6,2024-02-04 14:10:53,33.89,JPY,approved,False,False,0
4929,37,17,2024-02-04 14:38:20,83.05,GBP,approved,False,True,0
1990,185,11,2024-02-04 14:50:37,38.71,EUR,approved,False,True,0
904,177,63,2024-02-04 14:53:07,55.36,EUR,approved,False,True,0
3241,42,57,2024-02-04 14:53:53,40.47,USD,approved,False,False,0
688,119,20,2024-02-04 14:57:13,66.1,JPY,approved,False,True,0
3256,38,39,2024-02-04 14:58:35,41.79,USD,approved,False,False,0
1040,166,19,2024-02-04 15:57:12,24.32,USD,approved,False,True,0
1353,100,11,2024-02-04 16:07:03,67.78,GBP,approved,True,True,1
3705,189,56,2024-02-04 16:12:35,67.64,GBP,declined,False,True,0
4206,162,79,2024-02-04 16:25:33,65.68,EUR,approved,False,True,0
1723,131,15,2024-02-04 16:27:51,55.58,EUR,approved,False,True,0
4308,160,10,2024-02-04 16:31:36,34.95,USD,declined,False,True,0
1714,147,45,2024-02-04 16:37:12,64.71,USD,approved,False,True,0
1343,24,53,2024-02-04 16:40:03,37.95,USD,approved,False,True,0
2116,41,75,2024-02-04 17:15:59,63.01,USD,approved,False,True,0
3399,2,72,2024-02-04 17:18:12,30.4,USD,reversed,False,False,0
4816,60,10,2024-02-04 18:12:06,7.91,USD,approved,False,True,0
431,17,77,2024-02-04 18:16:48,393.82,USD,approved,False,True,0
3544,155,39,2024-02-04 18:30:48,18.87,USD,approved,False,True,1
1091,101,17,2024-02-04 18:49:11,35.27,EUR,approved,False,True,0
3979,109,62,2024-02-04 18:54:47,77.56,EUR,pending,True,False,0
2987,150,68,2024-02-04 18:58:50,12.79,USD,approved,True,True,0
4863,179,70,2024-02-04 19:03:11,21.89,EUR,approved,False,True,0
164,82,67,2024-02-04 20:13:10,53.71,USD,approved,True,False,0
1817,47,71,2024-02-04 20:47:28,17.75,USD,approved,False,True,0
1187,29,32,2024-02-04 20:59:20,85.39,GBP,approved,False,False,0
958,127,58,2024-02-04 21:11:08,43.13,USD,approved,False,False,0
2095,33,78,2024-02-04 21:39:59,41.98,USD,declined,False,True,0
4247,55,74,2024-02-04 21:42:19,97.73,USD,approved,False,True,0
1731,156,56,2024-02-04 21:42:50,82.7,GBP,approved,True,False,0
2511,40,30,2024-02-04 21:47:09,123.72,USD,approved,False,False,0
2656,114,27,2024-02-04 22:02:39,28.3,USD,declined,False,True,0
2057,147,31,2024-02-04 22:21:07,125.94,GBP,approved,False,True,0
3965,40,70,2024-02-04 22:35:12,51.25,USD,approved,True,True,0
1174,36,17,2024-02-04 22:36:21,100.42,USD,approved,False,True,0
2880,196,8,2024-02-04 22:50:53,28.76,EUR,approved,False,False,0
2328,34,55,2024-02-04 22:55:24,40.24,GBP,approved,True,True,0
3697,62,59,2024-02-04 23:12:53,33.9,EUR,approved,False,False,0
4897,171,65,2024-02-05 00:31:20,210.18,EUR,approved,False,True,1
149,165,30,2024-02-05 00:31:43,20.94,USD,approved,False,False,0
1368,91,14,2024-02-05 00:50:11,42.28,EUR,approved,False,False,0
511,199,33,2024-02-05 01:10:05,129.37,USD,approved,False,False,0
748,63,20,2024-02-05 02:14:46,45.56,USD,declined,False,False,0
3524,34,72,2024-02-05 02:28:36,13.35,USD,pending,True,False,0
4359,134,64,2024-02-05 02:32:51,84.93,GBP,approved,False,True,0
4927,80,46,2024-02-05 02:52:32,20.58,USD,approved,False,False,0
4233,122,47,2024-02-05 03:06:19,39.88,EUR,approved,False,True,0
4025,91,69,2024-02-05 03:45:08,16.85,USD,approved,False,True,0
661,36,11,2024-02-05 03:45:28,66.91,EUR,approved,False,False,0
4231,15,45,2024-02-05 03:58:22,21.86,EUR,approved,False,True,0
3117,126,10,2024-02-05 04:16:14,26.35,GBP,approved,True,False,0
714,153,53,2024-02-05 04:29:02,27.78,USD,approved,False,False,0
2139,108,18,2024-02-05 04:36:59,73.33,USD,approved,False,False,0
2355,62,75,2024-02-05 05:49:36,35.63,EUR,approved,False,True,0
3417,124,44,2024-02-05 06:21:06,52.63,USD,approved,False,True,0
1186,62,69,2024-02-05 06:36:29,43.72,USD,approved,False,True,0
4661,167,15,2024-02-05 06:39:53,32.44,EUR,approved,False,False,0
4828,108,76,2024-02-05 06:56:24,53.1,USD,approved,False,False,0
3888,36,73,2024-02-05 07:14:10,50.49,GBP,pending,False,True,0
3129,101,17,2024-02-05 07:24:33,34.36,USD,declined,True,True,0
1165,104,20,2024-02-05 07:24:57,83.49,EUR,approved,False,True,0
3482,50,63,2024-02-05 07:34:03,30.02,EUR,approved,False,True,0
4818,66,55,2024-02-05 07:38:25,51.53,EUR,approved,False,False,0
1884,170,16,2024-02-05 07:55:06,48.91,USD,approved,False,True,0
4322,90,55,2024-02-05 08:01:38,34.45,USD,approved,False,False,0
4631,30,3,2024-02-05 08:48:24,15.16,USD,reversed,False,False,0
3845,185,42,2024-02-05 08:57:41,149.14,EUR,approved,False,True,1
3366,150,56,2024-02-05 09:52:34,29.21,USD,approved,False,True,0
58,31,67,2024-02-05 09:52:39,71.17,GBP,approved,False,False,0
1867,23,36,2024-02-05 10:06:30,15.56,USD,approved,True,True,0
1784,191,56,2024-02-05 10:14:52,39.31,GBP,approved,False,True,0
827,137,13,2024-02-05 10:40:54,16.04,USD,approved,False,True,0
1088,199,36,2024-02-05 10:46:43,26.89,EUR,approved,True,True,0
3361,197,15,2024-02-05 10:56:04,35.83,USD,approved,False,False,0
3314,45,73,2024-02-05 11:20:44,108.87,USD,pending,False,True,0
93,169,4,2024-02-05 11:42:26,41.61,USD,approved,False,True,0
2867,64,57,2024-02-05 12:09:53,33.74,USD,approved,False,False,0
4940,68,50,2024-02-05 12:12:57,56.23,USD,approved,True,True,0
4118,27,2,2024-02-05 12:23:08,48.09,JPY,approved,False,True,0
759,26,43,2024-02-05 12:33:43,29.12,EUR,approved,False,False,0
1463,10,20,2024-02-05 12:34:43,62.65,JPY,approved,True,True,0
471,148,48,2024-02-05 12:40:54,174.51,USD,declined,False,False,1
4054,163,58,2024-02-05 12:54:56,96.53,USD,approved,True,True,0
3076,150,68,2024-02-05 13:09:18,65.07,USD,approved,False,False,1
3717,70,56,2024-02-05 13:22:07,42.85,USD,approved,True,True,0
4543,186,21,2024-02-05 13:29:55,75.42,USD,approved,False,True,0
3938,95,80,2024-02-05 13:31:18,33.63,USD,approved,False,True,0
1306,135,29,2024-02-05 13:48:23,28.13,EUR,approved,False,True,0
365,24,22,2024-02-05 13:51:58,43.12,GBP,approved,False,False,0
1335,107,6,2024-02-05 13:52:31,29.17,JPY,approved,False,True,0
2679,116,35,2024-02-05 13:59:07,21.37,USD,approved,False,False,0
3381,167,19,2024-02-05 14:40:18,30.88,USD,approved,False,True,0
1020,24,61,2024-02-05 14:46:23,39.69,JPY,approved,False,True,0
4006,191,50,2024-02-05 15:04:29,20.7,USD,approved,False,False,0
3974,52,63,2024-02-05 15:06:10,36.08,USD,approved,False,False,0
3000,133,15,2024-02-05 15:23:27,84.99,USD,approved,False,False,0
4471,81,31,2024-02-05 15:48:16,42.9,USD,approved,False,False,0
3285,83,64,2024-02-05 16:05:56,30.17,USD,approved,True,False,0
615,138,46,2024-02-05 16:25:13,35.48,USD,approved,True,False,0
4224,107,25,2024-02-05 16:25:19,32.91,JPY,approved,False,True,0
3476,44,70,2024-02-05 16:48:35,69.13,USD,approved,False,True,0
3018,44,13,2024-02-05 16:51:57,68.59,USD,approved,False,False,0
2546,80,55,2024-02-05 16:57:36,13.29,GBP,pending,False,True,0
2428,78,61,2024-02-05 17:04:23,70.94,USD,approved,False,False,1
3525,59,35,2024-02-05 17:28:29,40.14,USD,approved,False,True,0
592,181,47,2024-02-05 17:39:37,13.84,USD,approved,False,True,0
1395,44,47,2024-02-05 18:00:28,256.86,EUR,declined,False,True,0
316,132,46,2024-02-05 18:47:43,53.8,USD,reversed,False,False,0
545,167,18,2024-02-05 18:50:14,43.14,JPY,pending,False,True,0
3635,193,66,2024-02-05 19:12:20,106.8,EUR,approved,False,False,0
1155,61,1,2024-02-05 19:23:43,101.58,USD,approved,False,True,1
2870,42,40,2024-02-05 19:30:45,17.5,USD,approved,False,False,0
2005,160,31,2024-02-05 19:43:39,42.58,USD,approved,False,False,0
1832,191,19,2024-02-05 19:57:17,61.24,USD,approved,False,False,0
4858,127,58,2024-02-05 19:59:27,38.13,USD,approved,True,True,0
747,107,35,2024-02-05 20:03:59,70.5,USD,approved,False,True,0
1086,168,62,2024-02-05 20:09:06,24.2,USD,approved,True,True,0
2863,168,64,2024-02-05 20:10:56,88.59,EUR,approved,False,False,0
741,164,61,2024-02-05 20:38:32,35.49,USD,approved,True,True,0
3795,179,36,2024-02-05 20:42:41,36.97,USD,approved,False,False,1
1216,23,52,2024-02-05 20:56:20,52.97,GBP,approved,False,True,0
2650,67,58,2024-02-05 21:08:05,35.95,EUR,approved,False,False,0
41,34,29,2024-02-05 21:40:58,17.95,USD,declined,False,True,0
3507,168,37,2024-02-05 21:58:33,51.07,USD,approved,False,True,0
1399,6,46,2024-02-05 22:06:18,56.43,USD,pending,False,True,0
3902,191,68,2024-02-05 22:51:47,36.68,USD,approved,False,True,0
524,165,74,2024-02-05 22:57:33,73.33,USD,approved,False,True,0
297,170,1,2024-02-05 23:24:02,29.46,GBP,approved,False,True,0
3840,191,41,2024-02-05 23:26:12,8.8,USD,approved,False,True,0
4049,68,33,2024-02-05 23:39:04,44.73,USD,approved,True,True,0
4508,118,39,2024-02-06 00:01:52,36.84,USD,approved,False,True,0
4063,127,52,2024-02-06 00:24:16,65.86,USD,approved,False,False,1
3693,40,80,2024-02-06 00:49:37,18.09,USD,approved,False,True,0
1133,159,74,2024-02-06 00:50:00,7.28,GBP,approved,False,True,0
382,188,76,2024-02-06 00:56:18,14.61,USD,approved,False,False,0
3263,149,63,2024-02-06 01:01:06,49.69,USD,approved,False,False,0
1595,141,77,2024-02-06 01:11:20,26.72,EUR,approved,False,False,0
3841,175,24,2024-02-06 01:39:11,33.88,USD,approved,True,True,1
4470,150,73,2024-02-06 01:55:40,33.74,USD,approved,True,False,0
1180,5,74,2024-02-06 02:34:49,33.14,USD,approved,False,False,1
514,164,70,2024-02-06 02:53:14,47.91,GBP,approved,False,False,0
2769,96,23,2024-02-06 03:19:31,14.82,GBP,approved,True,False,0
2220,39,19,2024-02-06 03:21:17,76.31,USD,approved,True,True,0
4500,70,9,2024-02-06 03:25:53,28.29,USD,approved,True,True,0
1722,149,26,2024-02-06 04:23:10,32.07,JPY,approved,True,False,0
1536,7,62,2024-02-06 04:25:26,40.17,USD,approved,True,True,0
1512,46,65,2024-02-06 04:27:00,17.59,USD,approved,True,True,0
1248,93,37,2024-02-06 04:34:55,17.65,USD,approved,True,False,0
52,39,13,2024-02-06 05:07:09,15.91,JPY,approved,False,True,0
580,21,31,2024-02-06 05:07:16,23.93,EUR,approved,False,True,0
3418,176,36,2024-02-06 05:27:02,34.69,USD,pending,False,False,0
4501,139,74,2024-02-06 05:31:36,97.83,USD,approved,False,False,0
435,87,43,2024-02-06 05:31:52,36.1,USD,approved,False,False,0
3778,171,58,2024-02-06 05:47:20,248.02,GBP,approved,False,False,1
3471,45,45,2024-02-06 05:53:28,66.86,EUR,approved,True,False,0
2221,190,29,2024-02-06 06:05:53,36.36,USD,approved,False,True,0
2290,84,5,2024-02-06 07:08:13,30.35,USD,declined,False,False,0
4410,65,11,2024-02-06 07:31:11,33.29,GBP,approved,False,True,0
1741,87,1,2024-02-06 07:32:39,74.24,EUR,declined,True,True,0
234,152,16,2024-02-06 07:56:33,13.82,USD,approved,False,False,0
1685,72,30,2024-02-06 08:07:08,39.63,USD,approved,False,False,0
38,166,44,2024-02-06 08:15:06,41.7,EUR,approved,True,True,0
3213,69,77,2024-02-06 08:20:16,70.36,EUR,reversed,False,False,0
1252,83,16,2024-02-06 08:40:11,43.15,USD,approved,False,False,0
3164,63,22,2024-02-06 08:45:06,54.05,EUR,approved,False,True,0
3824,36,5,2024-02-06 08:51:00,15.19,USD,approved,False,False,0
70,94,77,2024-02-06 08:59:18,19.04,USD,approved,False,True,0
1604,64,26,2024-02-06 09:14:53,64.41,JPY,approved,False,False,1
2944,38,12,2024-02-06 09:20:17,48.35,EUR,approved,False,True,1
4145,26,67,2024-02-06 09:30:56,10.44,JPY,approved,False,True,0
2790,167,74,2024-02-06 09:52:10,30.26,USD,approved,False,True,0
4797,101,50,2024-02-06 09:53:52,19.66,EUR,approved,True,False,0
1238,25,22,2024-02-06 09:57:32,22.72,EUR,approved,False,True,0
2334,165,17,2024-02-06 10:00:34,104.36,USD,approved,False,True,0
4413,67,66,2024-02-06 10:02:48,25.44,USD,approved,True,False,0
2188,52,7,2024-02-06 10:22:07,31.43,JPY,approved,False,False,0
4300,19,38,2024-02-06 10:32:39,42.4,GBP,approved,False,False,0
945,26,21,2024-02-06 11:00:05,21.68,USD,approved,False,True,0
329,29,15,2024-02-06 11:00:07,50.62,GBP,approved,False,True,0
2395,95,48,2024-02-06 11:15:39,20.18,USD,approved,False,False,0
3494,149,69,2024-02-06 11:17:35,41.81,GBP,approved,False,True,0
4908,159,79,2024-02-06 11:42:19,26.15,EUR,approved,False,True,0
1076,33,1,2024-02-06 11:46:37,34.13,USD,approved,False,True,0
1631,115,39,2024-02-06 12:37:00,25.34,JPY,approved,False,True,0
197,69,75,2024-02-06 12:57:33,76.31,GBP,approved,False,False,0
2545,162,33,2024-02-06 13:09:19,31.89,USD,approved,False,True,0
355,194,63,2024-02-06 13:31:02,52.89,GBP,reversed,False,True,0
1221,130,23,2024-02-06 13:35:45,48.38,GBP,approved,False,True,0
208,194,61,2024-02-06 13:48:09,22.74,EUR,approved,False,True,0
4511,60,17,2024-02-06 15:25:30,78.69,EUR,approved,False,True,0
3690,34,59,2024-02-06 15:27:20,46.33,JPY,approved,True,False,0
4763,20,75,2024-02-06 16:01:19,36.74,EUR,approved,False,False,0
23,37,55,2024-02-06 16:04:55,30.61,EUR,approved,False,False,0
3138,96,73,2024-02-06 16:26:38,47.54,GBP,approved,True,False,0
4558,173,23,2024-02-06 16:31:55,16.47,EUR,approved,False,False,0
860,161,56,2024-02-06 16:36:35,27.27,EUR,declined,False,False,0
3148,168,14,2024-02-06 16:54:34,9.06,USD,approved,False,True,0
1183,139,14,2024-02-06 17:11:27,16.07,USD,approved,False,False,0
1754,79,1,2024-02-06 17:13:12,53.6,EUR,approved,True,True,0
224,41,66,2024-02-06 17:17:11,33.73,USD,approved,False,False,0
685,34,44,2024-02-06 17:46:30,69.54,USD,approved,False,True,0
654,161,38,2024-02-06 18:14:52,30.98,GBP,approved,False,False,0
2498,178,25,2024-02-06 18:15:10,10.14,USD,approved,False,False,0
3798,13,13,2024-02-06 18:22:11,27.83,USD,approved,False,True,0
1609,48,7,2024-02-06 18:24:11,16.0,EUR,pending,True,True,0
1939,192,64,2024-02-06 18:24:51,17.88,EUR,approved,False,True,0
1967,75,73,2024-02-06 18:43:55,28.5,USD,declined,True,False,0
4058,107,19,2024-02-06 19:20:13,10.84,EUR,approved,False,False,0
2380,131,31,2024-02-06 19:21:18,43.09,USD,approved,False,False,0
4281,96,44,2024-02-06 19:25:51,31.05,JPY,approved,True,False,0
911,155,16,2024-02-06 19:33:48,12.96,JPY,approved,False,True,0
604,27,40,2024-02-06 19:34:39,28.56,USD,approved,False,False,0
4428,97,73,2024-02-06 19:51:11,82.61,USD,approved,False,True,0
4393,3,34,2024-02-06 20:33:14,96.68,GBP,approved,False,False,1
2186,58,65,2024-02-06 20:40:38,30.8,USD,approved,False,True,0
118,28,38,2024-02-06 20:44:36,25.39,JPY,approved,False,False,0
3165,26,24,2024-02-06 20:59:41,22.34,USD,approved,False,False,0
2640,171,68,2024-02-06 21:14:48,105.77,USD,approved,False,False,0
2839,44,62,2024-02-06 21:22:00,175.72,USD,approved,False,True,0
575,2,58,2024-02-06 22:11:51,32.43,EUR,approved,False,True,0
1474,42,77,2024-02-06 22:21:06,51.32,USD,approved,False,True,0
151,172,13,2024-02-06 22:41:26,86.04,EUR,pending,True,True,0
1005,26,38,2024-02-06 22:54:55,55.97,JPY,approved,False,False,0
1342,28,79,2024-02-06 23:11:59,41.13,GBP,approved,True,True,0
2649,188,44,2024-02-06 23:39:07,42.26,USD,approved,False,True,0
1420,96,8,2024-02-06 23:40:54,26.44,USD,approved,True,True,0
2607,107,41,2024-02-06 23:48:01,17.65,USD,reversed,False,True,0
3780,90,47,2024-02-07 00:00:03,48.02,USD,approved,False,True,0
282,98,58,2024-02-07 00:00:34,91.85,EUR,declined,False,True,0
2154,109,66,2024-02-07 00:04:24,38.85,USD,approved,False,False,0
3265,106,5,2024-02-07 00:12:14,57.28,JPY,approved,False,True,0
2378,28,50,2024-02-07 00:13:23,7.42,EUR,approved,True,True,0
134,112,4,2024-02-07 00:23:25,23.71,USD,approved,False,True,0
1008,101,60,2024-02-07 00:36:28,48.28,USD,approved,False,False,0
3430,61,46,2024-02-07 00:50:19,80.53,USD,pending,False,True,0
3664,193,76,2024-02-07 01:12:37,46.95,JPY,approved,False,True,0
3658,185,68,2024-02-07 01:14:57,76.51,EUR,approved,False,False,0
4628,37,76,2024-02-07 01:28:00,32.69,EUR,approved,False,False,0
3290,38,38,2024-02-07 01:35:34,41.27,GBP,approved,False,False,0
3428,177,10,2024-02-07 02:21:16,67.47,EUR,approved,False,False,0
2427,32,47,2024-02-07 02:21:30,42.02,USD,approved,False,False,0
3249,29,34,2024-02-07 03:01:19,104.62,GBP,approved,False,True,0
3152,46,33,2024-02-07 03:04:23,40.94,GBP,approved,False,False,0
1230,58,37,2024-02-07 03:35:06,24.89,USD,approved,True,False,0
3590,182,65,2024-02-07 03:40:25,36.98,EUR,approved,False,True,0
1347,172,45,2024-02-07 04:04:08,27.24,EUR,approved,False,True,0
1125,169,12,2024-02-07 04:13:15,51.82,USD,approved,False,True,1
4476,65,4,2024-02-07 04:14:30,26.77,EUR,approved,False,True,0
344,104,36,2024-02-07 04:19:55,34.24,USD,reversed,False,False,0
2703,45,41,2024-02-07 04:35:34,9.34,USD,declined,False,True,0
1669,107,37,2024-02-07 04:36:08,71.43,GBP,approved,False,False,0
48,179,51,2024-02-07 04:59:14,25.0,USD,approved,True,False,0
4591,139,19,2024-02-07 05:24:39,13.31,GBP,approved,False,True,0
4193,149,70,2024-02-07 05:37:37,36.22,USD,approved,False,False,0
4915,156,42,2024-02-07 05:57:45,53.46,USD,approved,False,False,0
3972,186,23,2024-02-07 06:18:40,21.74,GBP,approved,False,False,0
2013,31,60,2024-02-07 06:25:08,62.85,USD,approved,True,True,0
1419,173,79,2024-02-07 06:27:42,16.13,USD,approved,False,True,0
923,90,53,2024-02-07 06:42:54,14.72,GBP,approved,True,False,0
242,117,71,2024-02-07 07:04:43,32.06,USD,approved,True,True,0
2367,68,59,2024-02-07 07:13:20,35.75,USD,approved,False,False,0
2885,72,66,2024-02-07 07:35:33,44.9,USD,pending,False,True,0
713,146,38,2024-02-07 07:45:14,30.35,USD,approved,False,False,0
1829,123,38,2024-02-07 07:55:38,46.73,USD,approved,False,True,0
4072,157,8,2024-02-07 08:52:36,81.11,USD,approved,False,False,0
1285,77,38,2024-02-07 08:52:51,7.5,USD,declined,False,True,0
1241,102,53,2024-02-07 08:54:44,9.17,USD,approved,True,False,0
472,161,37,2024-02-07 09:14:59,7.23,USD,approved,False,True,0
1969,168,44,2024-02-07 09:22:51,64.29,USD,approved,False,True,0
2733,187,23,2024-02-07 09:29:21,14.38,USD,approved,False,True,0
1592,70,78,2024-02-07 09:33:15,172.06,GBP,approved,False,True,0
4703,109,30,2024-02-07 09:50:04,12.12,EUR,approved,False,True,0
979,71,17,2024-02-07 11:14:44,21.92,GBP,approved,False,True,0
3566,53,50,2024-02-07 11:34:44,27.0,USD,approved,False,True,0
1938,111,25,2024-02-07 12:36:08,57.51,GBP,approved,False,False,0
1033,147,62,2024-02-07 12:41:52,20.81,GBP,approved,True,True,0
1039,88,35,2024-02-07 13:27:23,57.44,JPY,approved,False,True,0
4420,21,28,2024-02-07 14:08:41,25.2,EUR,approved,True,False,0
1290,125,67,2024-02-07 14:38:24,25.65,USD,approved,False,False,0
4536,102,46,2024-02-07 15:10:29,21.43,EUR,approved,True,True,0
1711,69,24,2024-02-07 15:13:10,21.86,USD,approved,False,False,0
942,81,38,2024-02-07 15:14:03,27.16,USD,approved,False,False,0
3782,46,17,2024-02-07 15:29:40,16.71,USD,approved,True,True,0
2843,153,70,2024-02-07 15:55:26,17.67,USD,approved,False,True,0
1883,36,61,2024-02-07 16:15:12,106.23,USD,approved,False,False,0
2784,168,54,2024-02-07 16:27:53,37.25,GBP,declined,False,False,0
612,93,20,2024-02-07 16:36:12,37.93,USD,approved,False,False,0
3623,67,71,2024-02-07 16:51:41,33.61,USD,approved,False,False,0
3305,24,27,2024-02-07 16:56:17,47.95,JPY,approved,False,True,0
3908,195,53,2024-02-07 16:59:34,26.33,EUR,approved,False,True,0
1816,23,21,2024-02-07 17:01:36,26.44,GBP,approved,False,True,0
3137,117,66,2024-02-07 17:09:14,10.58,USD,approved,False,True,0
2937,154,16,2024-02-07 17:11:04,29.49,USD,approved,False,True,0
1107,49,3,2024-02-07 18:05:01,68.51,USD,pending,False,True,0
3438,132,79,2024-02-07 18:34:44,50.77,USD,approved,False,False,0
791,20,59,2024-02-07 18:35:51,81.37,USD,approved,False,True,0
1255,130,21,2024-02-07 18:43:51,108.11,USD,approved,False,True,0
2495,84,69,2024-02-07 18:51:41,23.29,EUR,approved,False,True,0
3423,121,20,2024-02-07 18:54:36,47.52,EUR,reversed,True,False,0
2473,83,18,2024-02-07 18:54:40,83.91,USD,approved,False,True,0
805,148,25,2024-02-07 19:38:29,111.36,EUR,approved,False,True,0
4170,135,54,2024-02-07 19:53:47,22.93,USD,approved,False,False,0
977,20,75,2024-02-07 20:16:11,30.37,JPY,approved,False,True,0
4685,104,52,2024-02-07 21:32:52,46.99,USD,approved,False,True,0
3433,42,7,2024-02-07 21:48:33,36.16,USD,approved,False,True,0
707,2,33,2024-02-07 21:51:13,55.63,EUR,approved,False,False,0
4765,88,61,2024-02-07 22:02:34,28.48,GBP,approved,False,True,0
4597,180,55,2024-02-07 22:24:10,23.5,GBP,approved,False,True,0
3961,190,36,2024-02-07 22:40:46,52.27,EUR,approved,True,True,0
4829,184,70,2024-02-07 23:02:35,24.45,JPY,approved,True,True,1
1351,13,28,2024-02-07 23:11:02,95.36,USD,approved,True,True,1
2028,191,78,2024-02-07 23:17:30,26.94,USD,approved,False,True,0
1096,17,52,2024-02-07 23:23:36,93.29,EUR,approved,False,True,0
3404,197,65,2024-02-07 23:46:54,29.33,USD,approved,False,True,0
583,22,57,2024-02-08 00:03:45,41.09,USD,approved,True,True,0
1003,112,52,2024-02-08 00:42:01,21.95,USD,reversed,True,False,0
479,133,8,2024-02-08 00:42:44,74.62,EUR,approved,False,False,0
2482,173,17,2024-02-08 00:47:32,23.28,EUR,approved,False,True,0
4867,94,22,2024-02-08 01:07:25,38.06,EUR,approved,False,True,0
3575,191,80,2024-02-08 01:38:21,59.93,EUR,pending,False,False,0
1912,178,63,2024-02-08 01:58:34,33.45,USD,approved,False,False,0
3267,148,12,2024-02-08 02:46:32,122.84,EUR,approved,False,True,1
330,111,40,2024-02-08 03:06:11,58.42,USD,approved,False,False,0
4674,174,6,2024-02-08 04:05:35,39.89,GBP,approved,False,True,0
50,156,73,2024-02-08 04:12:39,66.62,USD,approved,False,True,0
253,38,58,2024-02-08 04:17:27,35.74,USD,approved,False,False,0
852,161,48,2024-02-08 04:29:05,24.02,USD,approved,False,False,0
4590,60,26,2024-02-08 04:39:24,16.63,USD,declined,False,False,0
1814,100,42,2024-02-08 04:40:10,11.64,USD,approved,False,False,0
1429,54,54,2024-02-08 05:20:10,28.25,USD,approved,True,False,0
943,183,16,2024-02-08 05:22:19,77.96,USD,approved,False,False,0
857,49,38,2024-02-08 05:25:58,45.38,USD,reversed,False,False,0
3033,113,52,2024-02-08 05:29:54,100.31,USD,pending,False,False,1
1863,170,15,2024-02-08 05:39:49,77.09,JPY,approved,False,True,0
916,92,1,2024-02-08 06:10:24,177.56,USD,approved,False,False,0
3254,75,42,2024-02-08 06:12:19,16.12,USD,approved,False,True,0
3877,139,25,2024-02-08 06:29:54,25.25,USD,approved,False,False,0
628,74,4,2024-02-08 06:59:15,32.94,USD,declined,False,False,0
2288,165,15,2024-02-08 07:01:08,38.99,EUR,approved,False,False,0
2122,191,57,2024-02-08 07:24:01,25.14,EUR,approved,False,True,0
3811,46,73,2024-02-08 07:27:14,29.95,GBP,approved,False,True,0
1625,111,43,2024-02-08 07:43:28,260.86,USD,approved,False,True,1
7,18,40,2024-02-08 08:28:24,40.56,USD,approved,False,True,0
1981,132,24,2024-02-08 08:32:54,43.7,GBP,approved,False,False,0
3345,108,25,2024-02-08 09:07:51,76.0,USD,approved,True,True,1
4600,146,61,2024-02-08 09:08:36,9.04,USD,approved,True,True,0
2724,76,3,2024-02-08 09:27:49,29.01,EUR,pending,False,True,0
3349,25,58,2024-02-08 09:28:58,21.97,EUR,approved,False,False,0
4467,160,52,2024-02-08 09:40:46,22.48,USD,approved,False,False,0
1877,47,36,2024-02-08 09:56:18,16.51,USD,approved,False,False,0
2198,173,77,2024-02-08 10:09:20,78.22,EUR,declined,True,True,1
1742,149,72,2024-02-08 10:27:01,51.39,GBP,declined,False,True,1
2818,174,44,2024-02-08 10:30:27,25.67,USD,approved,False,True,0
2333,54,28,2024-02-08 10:49:45,45.07,USD,approved,True,True,0
1726,157,47,2024-02-08 11:18:18,306.34,EUR,approved,False,True,0
2871,57,6,2024-02-08 11:40:26,52.13,USD,approved,True,False,0
2047,91,48,2024-02-08 11:48:32,50.74,EUR,approved,False,True,0
2264,104,78,2024-02-08 12:16:51,114.84,EUR,declined,True,False,0
341,127,25,2024-02-08 12:24:47,13.29,EUR,approved,False,False,0
4348,31,23,2024-02-08 12:33:27,19.26,GBP,approved,False,True,0
4214,143,69,2024-02-08 12:41:13,23.57,USD,approved,False,False,0
3357,12,75,2024-02-08 13:15:53,31.49,USD,reversed,False,True,0
1857,75,56,2024-02-08 13:17:12,62.17,USD,approved,False,True,0
4903,125,23,2024-02-08 13:26:33,68.06,EUR,approved,False,True,0
644,97,55,2024-02-08 13:31:16,27.19,GBP,approved,True,True,0
3676,87,2,2024-02-08 13:55:49,52.55,EUR,approved,False,False,0
2589,195,9,2024-02-08 13:59:17,65.56,USD,approved,False,False,0
2692,122,41,2024-02-08 14:30:07,22.79,EUR,approved,False,True,0
722,187,34,2024-02-08 14:49:33,57.78,USD,approved,True,True,0
2596,34,63,2024-02-08 14:52:23,74.09,EUR,approved,False,True,0
1041,142,32,2024-02-08 15:17:09,20.61,USD,approved,False,False,0
3146,111,34,2024-02-08 15:19:29,310.98,USD,approved,False,True,0
1537,31,28,2024-02-08 15:34:08,40.97,USD,declined,True,True,0
1833,118,35,2024-02-08 15:49:05,14.47,JPY,approved,True,True,1
99,128,76,2024-02-08 16:02:40,31.52,GBP,approved,False,True,0
1375,178,12,2024-02-08 16:41:45,41.95,USD,reversed,False,True,0
4659,85,63,2024-02-08 16:44:03,59.09,EUR,approved,False,True,0
4864,144,51,2024-02-08 16:51:11,52.9,USD,approved,False,True,0
921,175,12,2024-02-08 16:55:07,15.24,USD,approved,False,False,0
196,18,33,2024-02-08 16:58:25,85.96,USD,approved,False,True,0
3532,15,41,2024-02-08 17:04:37,80.57,EUR,approved,False,False,0
4375,61,23,2024-02-08 17:29:51,109.38,EUR,approved,False,False,0
4243,165,52,2024-02-08 17:32:51,50.69,EUR,approved,False,False,0
2639,31,65,2024-02-08 17:48:00,29.96,USD,approved,False,True,0
1246,198,27,2024-02-08 17:54:23,33.05,GBP,approved,False,True,0
411,35,2,2024-02-08 18:06:12,30.61,EUR,approved,False,False,0
3738,106,12,2024-02-08 18:10:55,42.53,USD,approved,False,True,0
3870,143,47,2024-02-08 18:53:02,45.28,EUR,approved,False,True,0
4593,15,80,2024-02-08 19:29:47,64.43,USD,approved,False,True,0
4894,10,48,2024-02-08 19:40:00,59.55,USD,approved,False,True,0
2751,50,52,2024-02-08 19:49:06,32.99,JPY,approved,False,False,0
1192,56,4,2024-02-08 20:27:32,31.2,GBP,approved,False,False,0
2813,40,8,2024-02-08 21:24:53,24.5,EUR,approved,False,True,0
3634,153,75,2024-02-08 21:38:36,14.85,USD,approved,False,True,0
595,65,69,2024-02-08 21:51:00,26.81,EUR,approved,True,True,0
1687,86,16,2024-02-08 22:46:50,25.84,USD,approved,False,True,0
1484,23,46,2024-02-08 22:47:18,43.7,USD,approved,False,True,0
4795,80,79,2024-02-08 23:32:04,93.02,USD,approved,True,True,0
1259,109,59,2024-02-08 23:37:45,20.88,USD,approved,False,False,0
3655,134,2,2024-02-08 23:40:19,14.59,USD,approved,False,True,0
4892,115,65,2024-02-09 00:09:26,38.06,USD,approved,False,True,0
1083,192,19,2024-02-09 00:14:30,45.3,EUR,approved,False,False,0
3261,88,52,2024-02-09 00:35:20,42.96,EUR,approved,True,False,0
1598,146,39,2024-02-09 00:56:30,57.54,USD,approved,False,False,0
866,140,46,2024-02-09 01:16:28,55.85,EUR,declined,True,True,0
2341,85,71,2024-02-09 02:39:32,18.97,EUR,approved,False,False,0
4142,172,25,2024-02-09 02:42:58,9.04,GBP,approved,False,True,0
3587,91,61,2024-02-09 02:50:16,54.15,USD,approved,False,True,0
2993,39,54,2024-02-09 02:58:36,54.1,EUR,approved,False,True,0
4380,186,59,2024-02-09 03:06:52,75.67,USD,approved,True,True,0
1134,153,33,2024-02-09 03:10:46,26.94,USD,approved,False,True,0
2555,197,50,2024-02-09 03:31:34,64.19,USD,approved,False,True,1
2984,165,34,2024-02-09 04:01:00,37.05,EUR,approved,False,True,0
1338,60,7,2024-02-09 04:10:28,24.63,JPY,approved,False,False,0
543,39,24,2024-02-09 05:14:08,67.7,USD,approved,False,False,1
698,119,62,2024-02-09 05:21:02,10.01,JPY,approved,False,False,0
3826,181,60,2024-02-09 05:55:05,57.08,USD,approved,False,True,0
2514,151,21,2024-02-09 06:13:56,48.23,USD,pending,False,False,0
4830,98,26,2024-02-09 07:37:01,23.37,USD,pending,False,True,0
2167,64,48,2024-02-09 07:38:13,66.24,EUR,approved,False,True,0
4920,106,58,2024-02-09 08:07:17,13.34,USD,approved,False,False,0
4998,164,29,2024-02-09 08:13:18,173.97,EUR,approved,True,False,0
4751,9,24,2024-02-09 08:14:02,136.67,USD,approved,False,True,0
2433,33,31,2024-02-09 08:21:07,39.83,USD,approved,False,False,0
13,148,48,2024-02-09 08:21:37,44.44,GBP,approved,False,True,0
3604,125,58,2024-02-09 08:24:39,27.63,USD,pending,True,False,0
3302,54,20,2024-02-09 08:25:16,39.38,USD,approved,False,True,0
522,30,53,2024-02-09 08:50:49,63.38,JPY,approved,True,False,1
3529,38,75,2024-02-09 09:09:24,29.51,USD,approved,False,True,0
3036,192,37,2024-02-09 09:25:17,11.17,GBP,declined,False,True,0
2292,65,61,2024-02-09 09:40:47,23.27,GBP,approved,True,True,0
959,195,49,2024-02-09 09:53:07,44.95,EUR,approved,False,True,0
2451,168,63,2024-02-09 10:20:12,20.96,USD,approved,False,True,0
3362,149,59,2024-02-09 10:24:29,48.51,GBP,approved,False,False,0
3764,128,26,2024-02-09 10:49:25,56.13,USD,approved,False,True,0
899,15,52,2024-02-09 10:55:26,18.85,USD,approved,False,True,0
3119,5,34,2024-02-09 10:55:54,30.12,GBP,reversed,False,True,0
3570,50,72,2024-02-09 11:38:31,24.83,EUR,approved,False,True,0
708,115,26,2024-02-09 11:44:14,19.42,GBP,approved,False,False,0
4057,170,68,2024-02-09 12:33:17,26.34,USD,approved,False,True,0
2553,44,40,2024-02-09 12:46:14,49.78,USD,approved,True,True,0
4720,31,23,2024-02-09 12:59:28,18.16,USD,approved,False,True,0
1023,174,26,2024-02-09 13:24:57,21.56,GBP,approved,False,True,0
706,113,66,2024-02-09 13:33:08,19.32,USD,approved,False,True,0
750,32,10,2024-02-09 13:43:21,33.28,JPY,approved,False,True,0
492,174,63,2024-02-09 13:47:04,48.99,GBP,approved,False,False,0
2014,185,40,2024-02-09 13:48:08,258.86,USD,approved,True,False,0
4450,180,6,2024-02-09 14:03:09,16.97,EUR,approved,False,True,0
3281,18,51,2024-02-09 14:22:20,22.65,USD,approved,True,True,0
4604,152,17,2024-02-09 14:27:40,13.36,USD,approved,False,False,0
1668,136,20,2024-02-09 14:41:19,17.68,USD,approved,False,False,0
11,106,68,2024-02-09 15:23:20,38.35,USD,approved,False,True,0
2766,107,58,2024-02-09 15:27:28,37.49,USD,approved,True,True,0
2332,173,34,2024-02-09 15:35:18,71.95,USD,approved,False,False,0
4556,44,7,2024-02-09 15:39:14,208.94,USD,approved,False,True,0
2155,141,34,2024-02-09 15:50:02,19.43,USD,approved,False,True,0
1454,50,55,2024-02-09 16:43:38,72.08,USD,approved,False,True,0
717,104,16,2024-02-09 17:07:50,20.63,EUR,approved,False,False,0
1228,197,53,2024-02-09 17:08:03,12.43,JPY,approved,False,False,0
4668,28,60,2024-02-09 17:18:13,56.33,USD,approved,False,True,0
4240,49,41,2024-02-09 17:20:08,12.97,USD,declined,False,False,0
2275,36,6,2024-02-09 17:30:10,33.39,EUR,approved,False,True,0
3836,145,2,2024-02-09 17:40:44,32.21,USD,approved,False,True,0
4,88,55,2024-02-09 17:42:04,15.85,EUR,declined,False,True,0
3642,186,66,2024-02-09 17:47:34,15.07,USD,approved,False,True,0
676,146,22,2024-02-09 17:55:17,35.87,USD,approved,False,True,0
773,1,33,2024-02-09 19:06:02,53.52,USD,declined,False,True,0
503,193,3,2024-02-09 19:06:10,60.85,EUR,approved,False,False,1
1715,129,75,2024-02-09 19:06:16,20.06,USD,approved,False,False,0
2556,21,7,2024-02-09 19:07:50,44.95,USD,approved,False,False,0
1900,68,66,2024-02-09 19:12:03,13.16,USD,approved,False,True,0
302,166,80,2024-02-09 19:28:08,12.65,USD,approved,False,True,0
2525,13,33,2024-02-09 19:28:56,7.55,USD,approved,True,False,0
1960,38,46,2024-02-09 19:34:56,30.13,GBP,approved,False,True,0
2115,149,43,2024-02-09 20:04:09,43.71,EUR,approved,False,False,0
4426,175,49,2024-02-09 20:40:55,17.26,EUR,approved,False,True,0
1593,77,30,2024-02-09 20:47:47,25.54,EUR,approved,False,True,0
2368,36,39,2024-02-09 20:51:43,41.46,EUR,approved,False,False,0
16,158,75,2024-02-09 20:58:30,29.39,USD,approved,False,True,0
3819,126,61,2024-02-09 21:00:14,12.98,EUR,approved,False,True,0
2983,161,44,2024-02-09 21:41:19,18.24,EUR,reversed,False,True,0
1409,1,43,2024-02-09 21:43:48,19.88,EUR,approved,False,True,0
1878,180,1,2024-02-09 22:22:19,38.82,USD,approved,False,True,0
984,130,66,2024-02-09 22:27:25,49.05,USD,approved,False,True,0
265,198,67,2024-02-09 22:29:47,31.34,USD,approved,False,False,0
3461,84,60,2024-02-09 22:29:49,54.56,USD,declined,False,False,0
1110,9,50,2024-02-09 22:46:16,45.87,USD,approved,False,True,0
4335,184,76,2024-02-09 22:48:56,28.65,EUR,approved,False,True,0
4082,57,4,2024-02-09 23:04:47,33.94,EUR,pending,False,True,0
307,61,32,2024-02-09 23:09:21,50.8,EUR,approved,False,True,0
4264,152,36,2024-02-09 23:10:02,37.89,USD,approved,False,True,0
362,179,65,2024-02-09 23:52:58,57.81,USD,approved,False,False,0
2976,94,38,2024-02-09 23:52:59,31.05,GBP,approved,False,True,0
1626,199,44,2024-02-10 00:18:00,168.27,JPY,approved,False,True,1
205,92,42,2024-02-10 00:25:08,192.72,GBP,approved,False,True,0
4272,107,5,2024-02-10 00:31:38,153.74,USD,pending,True,True,0
3089,47,61,2024-02-10 00:38:58,34.35,JPY,pending,False,True,0
2846,92,28,2024-02-10 00:39:25,186.01,USD,approved,True,True,0
3739,134,58,2024-02-10 00:51:39,18.12,EUR,approved,False,False,0
2755,199,13,2024-02-10 01:07:57,143.08,USD,approved,False,False,0
4933,180,1,2024-02-10 01:20:58,41.69,USD,approved,True,True,1
4639,124,73,2024-02-10 02:37:12,44.23,USD,declined,True,True,0
3262,96,59,2024-02-10 02:40:51,22.85,GBP,declined,False,True,0
752,30,18,2024-02-10 02:46:23,60.5,USD,approved,False,False,0
1447,188,24,2024-02-10 02:53:13,24.87,EUR,approved,True,True,0
1662,123,76,2024-02-10 04:45:15,32.38,USD,approved,False,False,0
1156,118,49,2024-02-10 05:25:46,37.76,GBP,declined,False,False,0
388,167,79,2024-02-10 05:28:17,23.17,USD,declined,False,True,0
393,74,65,2024-02-10 07:23:13,20.74,EUR,approved,False,True,0
3758,110,72,2024-02-10 08:02:54,61.06,GBP,approved,True,False,0
2476,85,58,2024-02-10 08:45:22,28.83,USD,approved,False,False,0
802,61,31,2024-02-10 08:55:14,47.36,USD,approved,True,True,0
4539,167,44,2024-02-10 09:03:46,18.21,USD,approved,True,False,0
588,20,80,2024-02-10 09:20:00,19.71,USD,approved,False,True,0
1951,184,56,2024-02-10 09:25:17,34.52,USD,approved,False,False,0
1048,121,46,2024-02-10 09:28:06,28.64,GBP,approved,False,True,0
3929,133,54,2024-02-10 09:29:02,21.25,USD,approved,False,False,0
939,93,80,2024-02-10 09:41:41,71.57,EUR,declined,False,False,0
2235,118,29,2024-02-10 09:57:24,39.31,GBP,approved,False,False,0
1272,22,61,2024-02-10 10:04:55,71.71,EUR,approved,False,False,0
384,49,31,2024-02-10 10:07:34,45.12,JPY,declined,False,False,0
2412,10,13,2024-02-10 10:09:46,25.06,EUR,approved,True,True,0
1397,124,46,2024-02-10 10:23:26,33.5,EUR,declined,False,True,0
1193,35,22,2024-02-10 10:51:08,37.73,GBP,approved,False,False,0
4190,181,17,2024-02-10 11:29:08,37.66,EUR,approved,False,True,0
2910,70,6,2024-02-10 11:44:58,46.74,USD,declined,False,False,0
4679,131,66,2024-02-10 12:06:08,47.96,USD,approved,True,False,0
1476,61,23,2024-02-10 12:23:40,35.2,USD,approved,False,False,1
3306,51,36,2024-02-10 12:33:54,89.76,USD,approved,False,True,1
1521,173,1,2024-02-10 12:36:10,42.54,EUR,approved,True,True,0
1953,15,65,2024-02-10 12:42:03,32.56,EUR,approved,False,True,0
1730,21,26,2024-02-10 13:32:22,40.75,USD,approved,False,True,0
1098,152,74,2024-02-10 13:33:58,25.53,EUR,approved,False,True,0
3617,11,62,2024-02-10 13:42:48,100.27,JPY,approved,False,True,0
1918,99,2,2024-02-10 15:29:35,25.72,GBP,approved,False,True,0
4226,36,55,2024-02-10 15:44:20,125.32,USD,approved,False,True,0
1701,54,72,2024-02-10 16:14:16,21.08,USD,approved,False,True,0
1896,171,61,2024-02-10 16:49:07,253.67,USD,approved,False,False,0
1971,166,16,2024-02-10 16:53:36,40.52,EUR,approved,False,True,0
3001,156,52,2024-02-10 17:46:16,70.81,JPY,approved,False,False,0
1118,118,18,2024-02-10 17:48:24,19.53,USD,approved,False,False,0
950,56,41,2024-02-10 18:23:02,20.82,EUR,approved,False,True,0
1970,31,56,2024-02-10 18:42:23,57.73,GBP,approved,True,False,0
2947,118,58,2024-02-10 20:00:15,38.13,USD,approved,False,True,0
368,64,47,2024-02-10 20:02:08,42.29,USD,approved,False,False,0
1555,92,34,2024-02-10 20:06:48,40.93,USD,approved,False,True,0
3528,19,66,2024-02-10 20:08:04,16.66,JPY,approved,False,True,0
3017,107,33,2024-02-10 20:53:55,25.27,EUR,approved,False,False,0
3350,157,64,2024-02-10 21:00:13,46.18,EUR,approved,False,False,0
3742,61,23,2024-02-10 21:02:38,74.78,USD,approved,False,True,1
4509,54,66,2024-02-10 21:13:20,32.19,EUR,approved,False,False,0
1985,128,77,2024-02-10 21:35:31,45.04,USD,approved,False,False,0
1466,23,42,2024-02-10 22:42:40,34.26,USD,approved,False,True,0
1490,102,10,2024-02-10 22:46:17,62.17,USD,approved,False,False,0
3181,45,39,2024-02-10 22:47:18,46.12,USD,approved,False,True,0
4991,130,26,2024-02-10 23:07:02,34.54,EUR,approved,False,False,0
4487,109,30,2024-02-10 23:50:18,47.06,EUR,approved,False,True,0
2614,120,54,2024-02-11 00:15:02,17.32,USD,approved,True,True,0
764,188,8,2024-02-11 00:36:41,36.67,USD,approved,False,False,0
2181,140,36,2024-02-11 00:40:47,13.23,GBP,approved,True,False,1
1791,117,70,2024-02-11 00:46:38,64.0,EUR,approved,True,False,0
1642,11,1,2024-02-11 00:57:11,30.51,JPY,declined,True,True,0
4594,146,16,2024-02-11 00:59:28,41.09,GBP,approved,False,False,0
2436,113,65,2024-02-11 01:22:15,19.52,USD,approved,False,True,0
4236,8,44,2024-02-11 01:43:42,119.01,USD,approved,False,False,0
2894,183,17,2024-02-11 01:47:48,57.11,EUR,approved,False,True,0
403,65,54,2024-02-11 01:53:27,14.56,USD,approved,False,False,0
693,187,71,2024-02-11 02:28:30,38.99,USD,approved,False,True,0
2883,113,75,2024-02-11 03:03:26,31.07,USD,approved,False,True,0
1339,156,65,2024-02-11 03:39:41,56.29,EUR,approved,True,True,0
2281,153,52,2024-02-11 03:46:04,52.93,USD,approved,False,True,0
922,115,64,2024-02-11 03:58:08,17.87,USD,approved,False,True,0
3115,73,25,2024-02-11 04:18:21,59.75,EUR,approved,False,True,0
2246,167,37,2024-02-11 04:40:47,38.43,USD,approved,False,False,0
4400,133,63,2024-02-11 05:45:32,105.02,GBP,reversed,True,False,1
1162,100,18,2024-02-11 05:46:26,23.06,USD,approved,False,False,0
3142,82,32,2024-02-11 05:49:43,20.39,EUR,pending,False,True,0
1345,38,14,2024-02-11 05:52:17,40.05,USD,approved,False,True,0
2322,7,18,2024-02-11 06:11:36,20.14,GBP,approved,False,True,0
4434,23,28,2024-02-11 06:25:31,20.38,USD,approved,True,False,0
2845,92,14,2024-02-11 06:32:26,79.36,USD,approved,False,True,0
674,20,52,2024-02-11 06:36:56,21.54,EUR,approved,True,True,0
194,73,8,2024-02-11 07:02:57,146.57,USD,approved,False,True,0
2563,134,40,2024-02-11 09:15:15,25.92,USD,approved,False,False,0
683,192,31,2024-02-11 09:28:01,46.35,JPY,declined,True,False,0
3735,65,63,2024-02-11 09:44:11,32.88,USD,approved,False,False,0
1727,190,70,2024-02-11 10:19:24,32.63,USD,approved,False,True,0
2369,33,8,2024-02-11 10:31:09,39.35,EUR,approved,False,False,0
4385,77,34,2024-02-11 10:34:46,53.52,USD,approved,False,False,0
3868,163,30,2024-02-11 10:38:52,23.14,USD,approved,False,False,0
2898,126,71,2024-02-11 10:41:56,16.48,EUR,approved,False,False,0
3184,12,62,2024-02-11 12:14:34,19.7,USD,approved,False,True,0
3806,170,2,2024-02-11 12:27:53,73.91,EUR,approved,False,False,1
241,29,29,2024-02-11 13:01:36,48.53,USD,approved,False,True,0
1531,18,6,2024-02-11 13:06:05,37.96,EUR,approved,False,True,0
499,186,80,2024-02-11 13:37:09,30.12,GBP,approved,False,True,0
1428,181,48,2024-02-11 14:10:23,45.09,EUR,approved,False,True,0
3132,93,64,2024-02-11 14:25:35,95.73,JPY,approved,False,True,1
2171,5,72,2024-02-11 14:52:56,61.55,USD,approved,True,False,0
1930,191,61,2024-02-11 15:32:40,37.83,JPY,approved,False,True,0
3260,83,73,2024-02-11 15:40:17,96.24,EUR,approved,False,True,0
825,125,42,2024-02-11 16:09:59,43.06,GBP,approved,False,False,0
15,144,53,2024-02-11 16:13:57,20.87,EUR,declined,False,True,1
1332,144,56,2024-02-11 16:37:37,17.21,USD,declined,False,False,0
1654,120,33,2024-02-11 16:41:54,44.83,USD,approved,False,True,0
4847,168,46,2024-02-11 17:06:01,57.26,USD,approved,False,True,0
4853,22,68,2024-02-11 17:53:24,32.02,GBP,approved,False,True,0
2840,195,35,2024-02-11 17:56:57,23.31,GBP,approved,False,True,0
219,90,5,2024-02-11 18:17:12,60.45,EUR,declined,False,True,0
2961,185,30,2024-02-11 18:33:57,107.28,EUR,approved,False,True,0
1882,53,22,2024-02-11 18:39:46,121.73,USD,approved,False,False,0
4707,95,26,2024-02-11 18:46:48,14.13,USD,approved,False,False,0
629,102,36,2024-02-11 19:14:52,42.57,EUR,approved,False,False,0
3500,90,65,2024-02-11 19:45:26,8.36,EUR,approved,False,False,0
1553,107,15,2024-02-11 20:46:36,34.6,USD,declined,False,True,0
2340,19,47,2024-02-11 21:47:42,67.47,JPY,approved,False,True,0
1605,25,36,2024-02-11 22:04:53,17.0,USD,approved,False,False,0
2630,8,35,2024-02-11 22:06:30,17.68,USD,reversed,False,False,0
1984,151,1,2024-02-11 22:42:46,84.7,EUR,declined,False,True,0
1584,83,58,2024-02-11 22:48:31,42.83,USD,approved,True,False,0
3869,45,60,2024-02-11 22:50:24,32.13,EUR,approved,False,True,0
4366,168,61,2024-02-11 22:55:56,40.0,USD,approved,True,True,1
2291,79,54,2024-02-11 23:25:09,46.46,USD,approved,False,False,0
1145,67,6,2024-02-11 23:37:44,64.42,USD,approved,False,True,0
798,92,50,2024-02-11 23:54:47,97.93,USD,approved,False,False,0
2700,24,23,2024-02-11 23:58:14,35.42,USD,approved,False,True,0
4491,38,19,2024-02-12 00:21:49,45.36,USD,approved,False,False,0
3283,194,1,2024-02-12 00:30:01,56.87,USD,approved,False,True,0
1843,164,40,2024-02-12 00:50:47,36.83,USD,approved,False,False,0
2039,198,65,2024-02-12 00:50:58,33.15,USD,approved,False,True,0
4518,12,6,2024-02-12 01:18:01,30.89,USD,approved,True,True,0
1276,143,5,2024-02-12 01:53:12,28.6,USD,approved,False,True,0
3682,7,11,2024-02-12 01:54:36,26.74,USD,approved,False,True,0
4436,186,48,2024-02-12 02:20:44,63.71,GBP,approved,True,False,1
281,56,58,2024-02-12 02:53:38,73.45,USD,approved,False,True,0
2377,171,49,2024-02-12 03:32:19,39.82,USD,approved,False,True,0
4398,52,42,2024-02-12 03:32:27,121.93,EUR,approved,False,False,0
3945,27,2,2024-02-12 03:38:30,19.74,EUR,approved,False,False,0
4284,87,1,2024-02-12 03:38:43,44.95,EUR,reversed,False,False,0
1697,94,71,2024-02-12 04:45:13,17.21,USD,approved,True,False,0
1095,66,26,2024-02-12 05:03:02,19.12,EUR,approved,False,False,0
2519,29,19,2024-02-12 05:03:03,161.76,USD,approved,False,False,1
3898,4,45,2024-02-12 05:31:37,79.79,USD,declined,True,True,0
1224,131,21,2024-02-12 06:11:05,69.09,USD,approved,False,True,0
3861,109,77,2024-02-12 06:24:57,19.34,USD,approved,True,True,0
477,170,21,2024-02-12 06:30:24,36.66,GBP,approved,False,False,0
1313,156,4,2024-02-12 06:51:28,91.79,USD,approved,False,False,0
4725,59,23,2024-02-12 07:00:10,68.57,EUR,approved,False,True,1
1693,132,67,2024-02-12 07:40:37,45.26,EUR,approved,False,False,0
1628,117,50,2024-02-12 07:42:46,38.73,EUR,approved,False,True,0
3903,102,46,2024-02-12 07:54:01,12.57,USD,approved,False,False,0
3706,101,53,2024-02-12 08:22:34,20.07,EUR,approved,False,True,0
2101,183,37,2024-02-12 08:40:55,69.53,USD,approved,False,True,0
3775,87,42,2024-02-12 08:48:24,42.8,EUR,approved,False,True,0
4837,28,47,2024-02-12 08:53:24,55.33,USD,approved,False,True,0
3066,111,52,2024-02-12 09:03:14,71.95,USD,approved,True,True,0
1758,122,37,2024-02-12 09:20:47,63.77,USD,approved,False,True,0
3332,171,20,2024-02-12 09:39:22,179.73,USD,approved,True,True,0
3839,192,55,2024-02-12 10:34:29,12.12,EUR,approved,False,False,0
4183,21,70,2024-02-12 10:47:26,23.78,USD,approved,False,False,0
1554,124,39,2024-02-12 10:53:31,35.73,USD,approved,False,False,0
687,82,61,2024-02-12 10:59:43,74.76,EUR,approved,False,True,0
4866,118,64,2024-02-12 11:06:49,20.54,USD,approved,False,False,0
2927,124,80,2024-02-12 11:36:22,38.83,USD,declined,True,True,0
3896,186,40,2024-02-12 12:25:41,24.88,JPY,approved,False,True,0
2024,120,57,2024-02-12 12:51:22,15.52,USD,approved,False,True,0
4486,74,63,2024-02-12 13:30:46,25.42,USD,approved,False,False,0
3882,45,4,2024-02-12 13:32:12,38.6,USD,approved,False,False,0
3872,21,46,2024-02-12 13:38:46,57.09,EUR,approved,False,True,0
115,102,20,2024-02-12 13:53:19,24.29,USD,approved,False,True,0
2920,76,32,2024-02-12 14:00:09,100.41,USD,approved,False,False,0
18,26,43,2024-02-12 14:10:51,100.14,USD,approved,False,True,0
1220,89,76,2024-02-12 14:46:07,67.28,USD,approved,False,False,0
4278,153,15,2024-02-12 14:49:19,69.98,USD,declined,True,False,0
2528,190,20,2024-02-12 15:17:18,66.62,USD,approved,False,False,0
4140,101,47,2024-02-12 15:38:59,45.12,USD,approved,False,False,0
3276,185,69,2024-02-12 15:42:58,90.38,USD,approved,False,False,0
2740,69,38,2024-02-12 15:48:54,177.36,USD,approved,False,True,0
4714,98,38,2024-02-12 15:56:36,83.61,USD,approved,True,True,1
2680,75,23,2024-02-12 16:13:30,26.11,USD,approved,False,False,0
1614,139,5,2024-02-12 16:17:56,40.79,USD,approved,False,True,0
3586,44,6,2024-02-12 16:39:35,110.5,EUR,approved,True,True,0
2926,37,56,2024-02-12 16:39:52,72.57,GBP,approved,False,False,0
1805,26,36,2024-02-12 16:41:06,21.61,USD,approved,False,True,0
2153,172,12,2024-02-12 16:51:49,39.75,USD,approved,False,True,0
3953,146,30,2024-02-12 17:10:34,26.69,USD,declined,False,False,0
2762,87,58,2024-02-12 17:38:41,105.3,JPY,approved,False,True,0
3960,44,78,2024-02-12 17:53:28,42.66,USD,approved,False,True,0
1736,160,52,2024-02-12 18:03:18,29.11,GBP,approved,True,True,0
2354,93,26,2024-02-12 18:25:29,58.73,USD,approved,False,True,0
4886,41,48,2024-02-12 18:25:38,11.07,USD,approved,False,False,0
4550,174,1,2024-02-12 18:44:49,47.35,USD,reversed,False,False,0
2748,162,10,2024-02-12 18:57:53,41.41,EUR,declined,True,False,0
2636,6,23,2024-02-12 19:00:50,17.69,EUR,approved,False,False,0
470,187,22,2024-02-12 19:46:46,50.44,USD,approved,False,False,0
345,182,23,2024-02-12 19:49:20,65.03,USD,approved,False,True,0
3323,158,52,2024-02-12 20:01:30,36.23,JPY,approved,False,True,0
1767,101,54,2024-02-12 20:42:42,90.69,GBP,approved,False,False,0
2620,190,64,2024-02-12 21:13:57,67.04,USD,approved,False,False,0
4451,172,62,2024-02-12 21:30:44,30.3,EUR,approved,False,False,0
4225,157,6,2024-02-12 21:41:38,69.28,USD,approved,True,True,1
829,173,10,2024-02-12 22:19:40,29.87,USD,approved,False,True,0
3577,130,47,2024-02-12 23:04:27,55.21,EUR,approved,False,True,0
3222,51,26,2024-02-12 23:04:58,11.1,USD,approved,True,True,0
342,59,50,2024-02-12 23:30:16,56.43,EUR,approved,False,True,0
1061,155,38,2024-02-13 00:07:24,43.09,EUR,approved,False,True,0
2266,20,48,2024-02-13 00:10:56,14.35,USD,approved,False,True,0
2031,112,72,2024-02-13 00:14:07,41.78,GBP,approved,False,False,0
1655,32,8,2024-02-13 00:18:24,24.87,USD,approved,False,True,0
3769,162,9,2024-02-13 00:45:58,37.52,EUR,approved,False,True,0
123,131,50,2024-02-13 01:05:29,13.64,USD,approved,False,True,0
1646,59,57,2024-02-13 01:10:46,13.83,USD,approved,False,False,0
1482,1,72,2024-02-13 01:56:07,11.21,USD,approved,True,True,0
1027,16,36,2024-02-13 02:05:19,53.05,USD,approved,False,False,0
1612,29,4,2024-02-13 02:35:12,455.71,GBP,approved,False,False,0
3757,128,59,2024-02-13 03:10:08,28.32,GBP,approved,False,False,1
2372,165,8,2024-02-13 03:23:10,27.6,USD,approved,True,True,0
1170,184,61,2024-02-13 03:25:29,19.36,USD,approved,False,False,0
2295,143,19,2024-02-13 03:43:45,40.25,USD,reversed,False,False,0
4562,85,25,2024-02-13 04:02:33,38.58,GBP,approved,False,True,0
4298,155,25,2024-02-13 04:11:53,58.44,USD,approved,False,False,0
812,176,52,2024-02-13 04:12:53,38.44,GBP,approved,False,False,0
2552,65,40,2024-02-13 04:21:22,53.49,USD,declined,False,True,0
3864,123,73,2024-02-13 04:35:41,20.92,JPY,approved,False,False,1
3681,142,72,2024-02-13 04:36:07,30.58,EUR,approved,False,False,0
4134,101,61,2024-02-13 05:10:39,20.1,USD,approved,False,False,0
2812,58,54,2024-02-13 05:24:56,26.67,EUR,approved,False,False,0
3331,123,3,2024-02-13 05:45:38,26.49,EUR,approved,False,True,0
2055,143,75,2024-02-13 05:57:30,45.62,USD,approved,False,False,0
675,125,40,2024-02-13 06:40:38,28.14,USD,declined,False,False,0
3133,153,53,2024-02-13 06:43:21,18.12,USD,approved,True,True,0
3398,193,15,2024-02-13 07:49:56,90.46,USD,approved,False,True,0
2191,73,39,2024-02-13 07:55:49,82.6,EUR,approved,False,True,0
4171,75,44,2024-02-13 08:10:27,55.7,USD,approved,False,False,0
606,108,5,2024-02-13 08:36:06,29.18,EUR,approved,False,True,0
4565,180,74,2024-02-13 08:40:41,26.81,USD,approved,False,False,0
160,157,75,2024-02-13 08:42:28,77.79,GBP,approved,False,True,0
375,178,60,2024-02-13 08:59:00,9.01,USD,approved,False,True,0
4889,68,75,2024-02-13 09:07:15,112.72,EUR,approved,False,False,0
4650,53,33,2024-02-13 09:23:28,64.2,USD,approved,False,True,0
3231,169,26,2024-02-13 09:28:05,17.48,EUR,approved,False,False,0
3393,160,75,2024-02-13 09:59:31,14.23,USD,approved,False,True,0
3805,5,41,2024-02-13 10:20:49,26.67,USD,approved,False,False,0
4292,186,80,2024-02-13 11:03:55,18.34,USD,approved,False,True,0
2209,47,36,2024-02-13 11:54:06,19.05,EUR,approved,False,True,0
694,190,19,2024-02-13 12:32:25,46.18,USD,approved,False,True,0
3910,182,43,2024-02-13 12:50:44,36.56,USD,approved,False,False,0
3657,103,31,2024-02-13 12:55:46,22.91,USD,approved,False,True,0
3894,41,31,2024-02-13 13:08:42,8.48,USD,approved,True,True,0
3576,138,18,2024-02-13 13:19:06,38.96,EUR,approved,False,True,0
1168,80,63,2024-02-13 13:28:37,31.96,USD,approved,False,False,0
4691,1,1,2024-02-13 13:32:05,18.78,GBP,approved,True,True,0
1855,22,70,2024-02-13 13:37:08,12.55,GBP,approved,False,False,0
473,87,64,2024-02-13 13:37:39,70.23,USD,approved,False,True,0
2696,74,57,2024-02-13 14:03:12,54.29,USD,approved,False,True,0
870,9,54,2024-02-13 14:17:59,19.16,USD,approved,False,True,0
4723,190,10,2024-02-13 14:18:18,76.24,USD,approved,False,False,0
4627,1,32,2024-02-13 15:00:35,46.66,USD,pending,False,False,0
2916,88,76,2024-02-13 15:03:23,58.53,USD,approved,False,False,0
2180,92,24,2024-02-13 15:35:31,148.64,USD,approved,True,True,0
2300,179,69,2024-02-13 15:41:27,42.67,USD,approved,False,False,0
1159,77,62,2024-02-13 15:44:55,18.44,USD,approved,False,False,0
3034,23,21,2024-02-13 15:59:22,14.41,GBP,approved,False,False,0
28,165,8,2024-02-13 16:09:42,11.67,USD,approved,False,False,0
3087,37,54,2024-02-13 16:42:32,58.86,USD,declined,False,True,0
560,171,11,2024-02-13 16:59:46,83.48,USD,approved,False,True,0
3210,48,73,2024-02-13 17:11:51,20.04,GBP,approved,False,True,0
4914,122,69,2024-02-13 17:13:10,26.6,USD,approved,False,False,0
4995,129,77,2024-02-13 17:22:59,38.02,USD,approved,False,True,0
2045,56,68,2024-02-13 17:40:01,43.49,USD,approved,False,True,0
57,110,76,2024-02-13 17:50:44,20.54,EUR,approved,False,True,0
3771,85,41,2024-02-13 17:53:21,28.58,USD,approved,True,True,0
3629,170,23,2024-02-13 18:00:55,46.2,USD,approved,False,False,0
756,88,33,2024-02-13 18:15:10,107.16,USD,approved,False,True,0
2610,166,2,2024-02-13 18:46:35,54.97,EUR,approved,False,False,0
2374,80,28,2024-02-13 18:56:30,60.66,EUR,approved,True,False,0
4028,89,10,2024-02-13 19:03:37,29.03,USD,approved,False,False,0
533,32,41,2024-02-13 20:06:06,18.72,JPY,approved,False,True,0
556,101,42,2024-02-13 20:28:00,37.97,EUR,approved,False,True,0
3686,31,46,2024-02-13 20:38:25,18.46,USD,declined,False,False,0
2529,18,65,2024-02-13 20:43:17,47.22,USD,reversed,False,True,0
830,6,37,2024-02-13 21:18:09,15.64,USD,approved,False,True,0
2582,93,18,2024-02-13 21:50:26,16.79,USD,approved,False,True,0
2304,176,17,2024-02-13 22:08:15,21.42,USD,approved,False,False,0
1821,63,64,2024-02-13 22:15:55,21.62,EUR,approved,False,True,0
4643,191,36,2024-02-13 22:22:28,37.3,USD,approved,True,True,0
4825,100,4,2024-02-13 22:43:08,34.21,USD,approved,False,True,0
1558,155,26,2024-02-13 22:44:18,34.86,USD,approved,False,True,0
3560,94,57,2024-02-13 22:56:25,20.37,USD,approved,False,True,0
1263,89,19,2024-02-13 22:57:27,30.74,USD,approved,False,True,0
3098,63,30,2024-02-13 23:16:25,44.35,GBP,approved,False,True,0
4334,179,65,2024-02-13 23:27:03,21.83,USD,approved,False,False,0
3171,126,71,2024-02-14 00:09:24,64.26,USD,approved,False,True,0
3183,150,60,2024-02-14 00:14:17,20.04,USD,approved,False,True,0
3994,58,39,2024-02-14 01:03:59,45.62,USD,approved,False,True,1
381,2,14,2024-02-14 01:06:12,37.56,JPY,pending,False,False,0
3287,27,5,2024-02-14 01:11:02,19.65,EUR,approved,False,True,0
755,112,12,2024-02-14 01:22:12,48.36,EUR,approved,False,False,0
4453,96,57,2024-02-14 01:28:53,20.85,JPY,approved,True,True,0
3080,90,66,2024-02-14 01:48:18,35.3,USD,approved,False,False,0
4850,181,38,2024-02-14 02:14:06,67.67,USD,approved,False,True,0
3166,81,59,2024-02-14 02:19:20,17.17,USD,approved,False,False,0
3301,128,79,2024-02-14 03:34:33,111.48,USD,declined,False,True,1
2424,166,61,2024-02-14 03:46:36,26.88,USD,approved,False,False,0
2699,26,6,2024-02-14 04:18:18,49.59,EUR,approved,False,True,0
4891,168,45,2024-02-14 04:49:05,35.71,USD,approved,True,True,0
1572,73,52,2024-02-14 04:52:39,26.42,USD,approved,False,False,0
1079,84,47,2024-02-14 05:24:38,71.17,EUR,approved,False,True,0
4076,5,70,2024-02-14 05:31:59,34.27,EUR,declined,False,True,1
4000,105,62,2024-02-14 05:37:54,29.25,GBP,declined,False,True,0
2913,95,17,2024-02-14 05:49:49,29.39,USD,approved,False,False,0
1367,61,67,2024-02-14 05:53:40,33.67,EUR,approved,False,True,0
397,9,76,2024-02-14 05:59:53,16.25,USD,declined,False,True,0
696,51,6,2024-02-14 06:33:47,104.72,JPY,approved,False,True,0
2936,46,13,2024-02-14 07:21:41,40.99,EUR,approved,True,True,0
4174,72,41,2024-02-14 07:37:43,28.28,USD,approved,True,True,0
4909,160,51,2024-02-14 07:42:56,122.64,USD,approved,False,True,0
4887,139,51,2024-02-14 07:47:47,26.13,USD,approved,False,True,0
2912,19,48,2024-02-14 08:01:37,55.37,GBP,approved,False,False,0
419,60,45,2024-02-14 08:03:14,49.72,USD,approved,False,False,0
581,19,44,2024-02-14 08:11:14,96.18,JPY,approved,False,True,1
1728,114,48,2024-02-14 08:12:58,38.16,USD,pending,False,True,0
349,37,25,2024-02-14 08:14:59,99.93,JPY,approved,False,True,0
1320,80,25,2024-02-14 08:28:02,47.75,USD,approved,False,True,0
1540,125,12,2024-02-14 08:47:46,22.88,GBP,declined,True,True,0
336,162,6,2024-02-14 08:49:41,14.66,EUR,approved,False,False,0
3822,3,30,2024-02-14 08:53:20,129.05,GBP,approved,False,True,0
4865,176,53,2024-02-14 09:06:39,57.82,JPY,approved,False,False,0
2670,193,24,2024-02-14 09:06:44,111.48,EUR,approved,False,True,0
2297,34,22,2024-02-14 09:13:52,42.15,GBP,approved,False,True,0
2924,109,11,2024-02-14 09:25:12,43.16,GBP,approved,False,False,0
807,109,35,2024-02-14 09:58:33,21.87,USD,approved,False,True,0
1254,159,44,2024-02-14 10:14:37,18.61,USD,declined,False,True,0
209,53,40,2024-02-14 10:48:00,28.21,EUR,approved,False,True,0
4992,105,18,2024-02-14 10:55:52,27.07,USD,pending,False,False,0
332,75,65,2024-02-14 10:57:26,28.92,USD,approved,False,False,0
2335,111,27,2024-02-14 11:02:31,106.18,USD,approved,False,False,0
4695,142,10,2024-02-14 11:26:59,43.62,EUR,approved,False,True,0
4029,139,48,2024-02-14 11:30:59,42.0,USD,approved,True,True,0
3814,89,74,2024-02-14 11:37:18,19.13,EUR,approved,True,True,0
3653,82,26,2024-02-14 11:52:07,11.93,USD,declined,False,True,0
2655,171,11,2024-02-14 12:29:39,285.65,USD,approved,False,False,1
385,7,5,2024-02-14 12:37:14,29.09,EUR,approved,False,True,0
888,39,14,2024-02-14 12:37:49,80.03,JPY,approved,False,True,0
1607,30,70,2024-02-14 13:08:05,24.35,GBP,approved,False,False,0
2038,9,44,2024-02-14 13:08:24,29.19,USD,approved,True,True,0
3289,35,41,2024-02-14 13:08:24,19.1,EUR,pending,False,False,0
1777,67,42,2024-02-14 13:08:58,50.38,USD,approved,False,True,0
3941,109,8,2024-02-14 13:48:14,24.57,USD,declined,False,False,0
4925,67,6,2024-02-14 13:51:52,31.67,USD,approved,False,True,0
3660,99,74,2024-02-14 14:05:11,28.29,USD,approved,False,False,0
1515,50,65,2024-02-14 14:43:27,68.54,USD,approved,False,True,0
287,33,23,2024-02-14 14:53:36,84.28,EUR,approved,True,False,0
2881,9,29,2024-02-14 15:19:46,24.48,GBP,approved,True,True,0
557,148,9,2024-02-14 15:25:16,80.4,GBP,reversed,False,True,0
1846,124,53,2024-02-14 15:43:59,11.75,USD,approved,False,True,0
4824,195,38,2024-02-14 15:46:24,18.25,USD,approved,False,True,0
1305,123,25,2024-02-14 16:13:26,72.76,USD,approved,False,True,0
4002,169,2,2024-02-14 16:31:06,9.61,USD,reversed,False,False,1
1321,23,63,2024-02-14 16:36:03,25.83,USD,approved,False,False,0
664,41,37,2024-02-14 16:50:30,44.08,USD,pending,False,True,0
2077,93,65,2024-02-14 17:09:13,12.09,EUR,approved,False,True,0
928,61,48,2024-02-14 17:42:46,52.73,USD,approved,False,False,0
177,144,17,2024-02-14 17:43:24,24.02,USD,approved,False,False,0
1169,200,66,2024-02-14 18:10:03,11.48,USD,declined,False,True,0
2203,8,22,2024-02-14 18:32:11,59.91,EUR,approved,False,True,0
2645,91,9,2024-02-14 18:53:40,91.19,USD,approved,False,True,0
4312,172,70,2024-02-14 19:06:06,48.51,USD,approved,False,True,0
1526,10,6,2024-02-14 19:12:13,45.06,USD,approved,False,True,0
4883,100,31,2024-02-14 19:19:10,15.53,GBP,pending,False,True,0
4560,130,53,2024-02-14 19:39:00,34.4,JPY,approved,False,False,0
2968,46,19,2024-02-14 19:41:42,26.39,EUR,approved,False,True,0
1945,77,64,2024-02-14 19:46:42,60.64,EUR,declined,False,True,0
4304,7,65,2024-02-14 19:53:06,54.06,EUR,approved,False,False,0
2558,174,61,2024-02-14 20:24:09,92.08,USD,reversed,True,False,0
4011,71,37,2024-02-14 20:24:50,116.42,GBP,approved,True,False,0
980,114,49,2024-02-14 20:38:13,73.91,EUR,approved,False,False,0
1137,145,12,2024-02-14 20:56:08,5.15,USD,approved,False,True,0
3830,31,21,2024-02-14 20:59:05,11.68,EUR,approved,False,True,0
2121,154,42,2024-02-14 21:02:06,50.6,USD,approved,True,True,0
4788,3,22,2024-02-14 21:03:50,41.01,USD,approved,False,True,0
897,102,2,2024-02-14 21:13:12,40.59,USD,approved,False,True,0
4807,94,71,2024-02-14 21:17:53,14.75,USD,approved,False,False,0
1390,182,52,2024-02-14 21:46:22,87.07,GBP,approved,False,False,0
906,142,12,2024-02-14 21:47:14,30.89,USD,approved,False,True,1
1441,156,67,2024-02-14 22:00:39,29.94,USD,pending,False,True,0
4346,101,3,2024-02-14 22:17:32,51.17,USD,approved,False,False,0
3828,110,13,2024-02-14 23:16:46,51.05,EUR,approved,False,True,0
3434,68,55,2024-02-14 23:18:52,53.35,USD,approved,True,True,0
2971,123,18,2024-02-14 23:46:46,56.7,EUR,approved,False,True,0
601,124,27,2024-02-14 23:48:15,66.17,USD,approved,False,True,0
4815,150,42,2024-02-14 23:57:18,47.65,GBP,approved,False,True,0
2768,199,38,2024-02-15 00:32:21,194.98,USD,approved,False,True,0
1993,58,19,2024-02-15 00:33:17,10.07,USD,approved,True,True,0
4241,68,23,2024-02-15 00:36:10,31.5,EUR,approved,False,True,0
817,9,33,2024-02-15 00:59:16,56.09,USD,approved,False,False,0
3661,112,76,2024-02-15 01:02:26,55.7,EUR,approved,True,False,1
699,11,58,2024-02-15 01:18:44,26.82,EUR,approved,False,False,0
561,108,39,2024-02-15 01:38:31,21.44,EUR,approved,True,True,0
3842,99,25,2024-02-15 01:44:55,7.25,USD,approved,False,True,0
469,37,45,2024-02-15 01:53:02,55.41,USD,approved,False,False,0
4552,8,6,2024-02-15 02:26:05,109.5,GBP,approved,False,False,0
398,40,32,2024-02-15 02:37:46,50.5,JPY,pending,False,True,0
4822,137,10,2024-02-15 02:40:15,18.63,USD,approved,False,False,0
2792,32,50,2024-02-15 02:40:45,27.7,USD,approved,False,False,0
225,145,43,2024-02-15 02:48:57,32.01,GBP,approved,False,True,0
879,110,53,2024-02-15 02:56:49,19.97,GBP,approved,False,False,0
2706,57,30,2024-02-15 03:02:16,34.75,EUR,approved,False,False,0
1503,46,41,2024-02-15 03:14:33,47.55,USD,declined,False,True,1
3985,172,17,2024-02-15 03:30:29,44.3,EUR,declined,False,False,0
2900,41,24,2024-02-15 03:32:26,34.75,USD,approved,False,False,0
3787,36,20,2024-02-15 03:32:35,53.55,EUR,approved,False,True,0
3139,94,71,2024-02-15 03:44:33,38.44,GBP,approved,False,True,0
4161,81,55,2024-02-15 05:29:51,69.38,USD,approved,False,False,0
1606,179,21,2024-02-15 05:35:57,148.25,USD,approved,False,True,0
427,173,67,2024-02-15 06:01:24,66.14,EUR,approved,False,False,1
2085,27,44,2024-02-15 06:02:29,26.24,USD,declined,False,True,0
80,134,41,2024-02-15 06:32:39,61.4,EUR,approved,False,False,0
2022,132,77,2024-02-15 06:33:22,38.47,GBP,approved,False,True,0
3028,150,4,2024-02-15 07:07:57,68.79,EUR,approved,False,False,0
1442,103,22,2024-02-15 07:10:33,31.03,GBP,approved,False,True,0
2301,54,62,2024-02-15 07:38:32,158.16,EUR,approved,False,True,0
3135,143,59,2024-02-15 07:42:27,35.87,USD,pending,False,False,0
1467,128,30,2024-02-15 07:57:27,86.55,USD,approved,False,True,0
2597,101,52,2024-02-15 07:58:37,20.31,EUR,reversed,False,True,0
1131,82,6,2024-02-15 08:16:01,41.77,USD,approved,False,False,0
4986,11,57,2024-02-15 08:29:10,50.39,EUR,approved,False,True,0
3578,172,80,2024-02-15 09:46:20,27.2,EUR,approved,False,True,0
552,79,29,2024-02-15 10:08:03,15.12,USD,pending,False,True,0
510,48,71,2024-02-15 10:41:55,51.49,JPY,approved,False,False,0
29,110,57,2024-02-15 11:20:28,40.31,USD,pending,False,True,0
2824,196,38,2024-02-15 12:04:00,31.78,EUR,approved,False,True,0
1358,27,1,2024-02-15 12:05:14,79.23,USD,approved,False,True,1
2283,65,58,2024-02-15 12:06:18,33.29,EUR,approved,False,True,0
4603,63,13,2024-02-15 12:37:02,36.03,USD,approved,False,True,0
2962,85,7,2024-02-15 12:37:35,57.02,USD,approved,True,True,1
4521,199,26,2024-02-15 12:41:53,505.4,USD,approved,False,False,0
4296,199,18,2024-02-15 12:46:50,114.64,USD,approved,False,True,0
2565,88,23,2024-02-15 13:28:30,19.09,USD,approved,False,True,0
3613,122,32,2024-02-15 13:42:47,22.97,EUR,approved,False,True,0
3037,161,78,2024-02-15 14:24:28,36.12,USD,approved,False,False,0
1408,175,52,2024-02-15 14:40:15,26.26,GBP,approved,False,True,0
590,169,68,2024-02-15 15:03:11,93.46,EUR,approved,False,True,0
3968,49,20,2024-02-15 15:11:16,37.17,EUR,approved,False,False,0
2232,14,56,2024-02-15 15:29:07,17.26,USD,approved,False,False,0
3957,105,52,2024-02-15 15:47:50,72.5,EUR,approved,False,True,0
961,31,14,2024-02-15 16:10:32,27.08,USD,approved,False,False,0
639,159,9,2024-02-15 16:10:55,42.36,USD,approved,False,True,0
3156,170,46,2024-02-15 16:13:21,9.9,USD,approved,False,False,0
226,62,40,2024-02-15 16:19:07,23.68,GBP,approved,False,False,0
3021,70,23,2024-02-15 16:49:10,77.78,EUR,approved,False,True,0
4893,12,4,2024-02-15 17:20:15,47.59,GBP,approved,True,False,0
1506,49,22,2024-02-15 17:40:24,103.36,USD,approved,False,True,1
3487,69,37,2024-02-15 18:24:56,86.53,USD,approved,False,False,0
3621,200,3,2024-02-15 18:32:40,73.4,GBP,approved,True,True,0
3458,7,45,2024-02-15 18:42:46,56.77,USD,approved,False,True,0
3465,72,38,2024-02-15 19:17:23,19.1,USD,approved,False,False,0
1954,94,67,2024-02-15 19:27:27,16.67,EUR,approved,True,True,0
845,2,70,2024-02-15 20:03:30,52.58,EUR,approved,False,True,0
1508,96,40,2024-02-15 20:10:14,10.76,GBP,approved,False,True,0
1072,42,57,2024-02-15 20:20:41,22.08,EUR,declined,False,True,0
704,35,35,2024-02-15 20:29:58,14.06,EUR,declined,False,True,0
4172,53,62,2024-02-15 20:46:18,31.02,USD,approved,True,True,0
184,140,72,2024-02-15 21:06:52,27.47,JPY,approved,False,True,0
605,166,49,2024-02-15 21:24:31,48.11,USD,approved,False,True,0
927,109,60,2024-02-15 21:32:10,34.59,USD,approved,True,True,0
1469,156,42,2024-02-15 21:32:19,30.88,GBP,approved,False,True,0
4286,154,38,2024-02-15 21:51:39,45.15,USD,declined,False,True,0
695,19,47,2024-02-15 22:01:26,14.4,EUR,approved,False,False,0
4529,89,13,2024-02-15 22:23:40,78.28,EUR,approved,False,False,0
1581,60,38,2024-02-15 23:00:34,31.88,USD,approved,False,False,0
1160,69,22,2024-02-15 23:05:59,45.35,GBP,approved,True,True,0
1373,90,76,2024-02-15 23:12:38,25.63,JPY,approved,False,True,0
662,147,18,2024-02-15 23:23:22,29.8,EUR,approved,False,False,0
2945,165,80,2024-02-15 23:48:18,72.9,USD,declined,False,False,1
1620,199,6,2024-02-15 23:56:19,103.0,JPY,approved,False,False,0
709,96,43,2024-02-16 00:13:57,38.96,USD,declined,True,True,0
4469,178,71,2024-02-16 00:18:09,50.04,USD,approved,False,False,0
4143,33,7,2024-02-16 00:43:35,34.9,EUR,declined,False,False,0
3010,163,44,2024-02-16 00:53:02,33.03,USD,approved,False,False,0
4617,59,37,2024-02-16 00:55:47,13.12,EUR,reversed,False,False,0
3025,75,16,2024-02-16 01:55:35,84.59,GBP,approved,False,True,0
3925,128,29,2024-02-16 02:01:59,30.59,JPY,approved,False,False,1
3383,193,33,2024-02-16 02:02:09,132.2,USD,approved,False,True,0
2389,192,20,2024-02-16 02:18:58,48.43,EUR,approved,False,True,0
3594,114,36,2024-02-16 02:29:08,14.59,JPY,approved,False,False,0
2379,198,29,2024-02-16 02:34:07,71.18,EUR,approved,False,True,1
3067,166,17,2024-02-16 02:47:53,38.9,USD,approved,True,False,0
824,131,12,2024-02-16 03:01:17,72.33,EUR,approved,False,True,0
6,172,77,2024-02-16 04:12:14,17.98,JPY,approved,False,True,0
4938,119,3,2024-02-16 04:14:47,16.66,GBP,approved,False,True,0
2285,137,10,2024-02-16 05:21:02,76.4,USD,approved,False,True,0
2573,147,16,2024-02-16 05:21:45,31.13,EUR,approved,False,True,0
1319,90,38,2024-02-16 06:09:42,39.37,USD,declined,False,True,0
3892,186,37,2024-02-16 06:37:20,24.25,USD,approved,False,False,0
4229,70,65,2024-02-16 06:57:26,19.82,USD,approved,True,False,0
1097,168,55,2024-02-16 07:09:40,31.15,USD,approved,False,False,0
1899,150,76,2024-02-16 07:15:24,18.77,EUR,declined,False,True,0
1623,185,65,2024-02-16 07:26:29,48.62,USD,approved,False,False,0
2086,132,71,2024-02-16 07:44:09,14.86,EUR,approved,False,True,0
295,110,74,2024-02-16 08:05:40,30.04,USD,approved,False,True,0
2848,78,74,2024-02-16 08:07:59,64.33,USD,approved,False,True,0
772,198,18,2024-02-16 08:18:50,36.71,USD,approved,False,False,0
672,123,52,2024-02-16 08:55:07,77.89,EUR,approved,False,False,0
75,138,12,2024-02-16 08:56:07,11.59,USD,approved,False,True,0
2709,147,36,2024-02-16 09:02:31,10.24,USD,approved,False,True,0
2702,159,34,2024-02-16 09:03:29,22.08,EUR,pending,False,True,0
3891,114,73,2024-02-16 09:22:51,36.91,JPY,approved,True,True,0
657,154,67,2024-02-16 09:27:21,44.86,EUR,approved,False,False,0
1934,191,50,2024-02-16 09:30:12,46.61,USD,approved,False,False,0
3497,21,79,2024-02-16 09:35:17,22.45,USD,approved,False,False,0
1451,59,64,2024-02-16 09:39:03,24.64,EUR,approved,False,False,0
3633,8,36,2024-02-16 10:16:17,39.87,GBP,approved,False,False,0
1615,13,17,2024-02-16 10:20:53,37.79,GBP,approved,True,False,0
1422,199,29,2024-02-16 10:49:43,67.98,USD,declined,False,False,1
3612,137,11,2024-02-16 11:40:28,23.55,USD,approved,False,True,0
1807,2,40,2024-02-16 12:22:07,25.12,USD,approved,False,True,0
4724,11,71,2024-02-16 12:31:41,33.59,EUR,declined,False,False,0
1792,177,75,2024-02-16 12:57:54,15.62,EUR,pending,False,False,0
4775,54,9,2024-02-16 13:15:16,36.94,USD,approved,True,False,0
2107,154,12,2024-02-16 13:22:18,146.84,USD,approved,False,True,1
4199,191,2,2024-02-16 13:27:35,50.89,EUR,approved,False,False,0
2562,72,7,2024-02-16 14:05:23,24.89,USD,approved,False,False,0
1378,151,12,2024-02-16 14:28:04,29.31,USD,pending,False,False,0
4968,68,13,2024-02-16 14:48:38,52.02,JPY,approved,False,False,0
4472,176,60,2024-02-16 14:54:16,28.87,USD,approved,False,True,0
4188,43,17,2024-02-16 15:23:54,125.16,GBP,approved,False,True,0
3803,162,63,2024-02-16 15:42:40,20.61,USD,approved,False,False,0
107,157,61,2024-02-16 15:48:34,112.68,EUR,approved,False,True,0
1256,17,11,2024-02-16 16:03:38,64.15,EUR,approved,False,True,1
2294,150,29,2024-02-16 16:07:37,33.28,GBP,approved,False,False,0
1590,6,39,2024-02-16 16:08:00,27.66,GBP,approved,False,False,0
3989,84,1,2024-02-16 16:10:52,70.19,EUR,approved,False,False,0
236,144,69,2024-02-16 16:32:28,40.42,USD,pending,False,True,0
3506,178,15,2024-02-16 16:37:42,19.55,GBP,approved,False,True,0
3942,63,73,2024-02-16 16:46:19,15.72,EUR,approved,True,True,0
67,182,43,2024-02-16 16:54:03,12.9,USD,approved,True,False,0
1819,28,58,2024-02-16 16:56:23,35.91,USD,approved,False,True,0
4567,141,18,2024-02-16 17:34:44,68.36,EUR,approved,False,False,0
4459,24,62,2024-02-16 17:38:02,9.64,USD,approved,False,True,0
2939,181,6,2024-02-16 18:18:14,66.5,USD,approved,True,False,0
1453,11,79,2024-02-16 19:01:59,10.77,EUR,approved,False,False,0
973,96,40,2024-02-16 19:08:08,73.34,USD,declined,False,True,0
4465,90,10,2024-02-16 19:36:57,134.75,USD,declined,False,True,0
3191,1,17,2024-02-16 19:54:37,59.82,USD,approved,False,True,0
3193,135,18,2024-02-16 19:56:17,12.98,USD,approved,False,False,0
571,190,61,2024-02-16 20:19:35,42.77,JPY,approved,False,True,0
1417,127,17,2024-02-16 20:35:01,39.02,USD,declined,False,False,0
1836,28,63,2024-02-16 20:37:23,55.85,USD,approved,True,False,0
2089,62,11,2024-02-16 20:54:41,19.11,USD,approved,False,False,0
2018,146,55,2024-02-16 22:20:16,32.41,USD,approved,False,False,0
4800,112,64,2024-02-16 22:35:36,95.53,USD,approved,True,True,0
257,136,5,2024-02-16 22:40:49,78.99,GBP,approved,False,False,0
1293,89,3,2024-02-16 22:54:26,32.39,EUR,declined,False,True,0
3649,200,66,2024-02-16 23:04:58,24.25,USD,approved,False,False,0
14,153,76,2024-02-16 23:23:42,29.83,USD,approved,False,True,0
299,57,14,2024-02-16 23:43:59,58.71,USD,approved,True,False,0
3667,118,71,2024-02-17 00:05:38,18.26,USD,approved,False,True,0
2954,88,5,2024-02-17 00:09:15,33.96,USD,approved,False,False,0
3270,197,41,2024-02-17 00:29:43,13.45,GBP,approved,False,True,0
2053,73,55,2024-02-17 00:31:36,68.46,GBP,declined,False,False,1
3691,81,28,2024-02-17 00:31:54,73.41,USD,approved,False,True,0
3844,61,15,2024-02-17 00:41:33,222.52,GBP,approved,False,True,1
1885,124,4,2024-02-17 00:58:15,28.24,EUR,approved,False,True,0
4447,62,78,2024-02-17 01:03:52,22.43,EUR,approved,False,False,0
1577,110,4,2024-02-17 01:04:57,25.57,USD,approved,False,True,0
3990,96,22,2024-02-17 01:08:16,78.08,USD,approved,True,False,0
1700,193,32,2024-02-17 01:30:43,37.49,JPY,approved,False,True,0
4150,78,68,2024-02-17 01:33:29,131.81,EUR,declined,False,True,1
1184,90,74,2024-02-17 01:48:41,33.35,JPY,approved,False,False,0
4616,87,48,2024-02-17 01:50:00,25.11,USD,approved,False,True,0
1766,188,74,2024-02-17 02:46:13,49.3,USD,declined,False,False,0
3583,42,21,2024-02-17 02:59:29,33.29,EUR,approved,False,False,0
2394,45,24,2024-02-17 03:01:09,23.6,EUR,approved,False,True,0
3315,81,3,2024-02-17 03:30:40,115.76,EUR,approved,False,False,0
174,145,27,2024-02-17 03:41:03,13.31,USD,approved,False,True,0
1603,166,39,2024-02-17 03:48:28,41.5,USD,approved,False,False,0
736,135,45,2024-02-17 04:26:40,86.44,USD,approved,False,True,0
1837,189,58,2024-02-17 04:47:54,94.82,EUR,approved,False,True,1
3318,80,37,2024-02-17 05:08:44,136.3,USD,approved,True,False,0
3777,107,66,2024-02-17 05:12:58,12.73,JPY,approved,True,False,0
4166,137,68,2024-02-17 05:19:28,25.28,USD,approved,False,False,0
4574,178,26,2024-02-17 05:32:51,23.0,USD,approved,True,False,0
1316,60,5,2024-02-17 05:45:26,25.01,GBP,approved,False,True,0
2794,107,25,2024-02-17 05:50:23,22.42,GBP,approved,False,False,0
1286,10,80,2024-02-17 06:47:11,30.55,USD,approved,True,True,0
1284,161,14,2024-02-17 06:50:00,16.42,USD,approved,False,True,0
766,157,44,2024-02-17 07:01:19,67.03,USD,approved,False,True,1
3958,147,67,2024-02-17 07:15:02,66.15,USD,approved,False,False,0
4399,14,72,2024-02-17 07:38:08,15.52,EUR,approved,False,True,0
3278,50,57,2024-02-17 07:54:15,47.03,EUR,declined,False,False,0
1940,42,78,2024-02-17 08:24:14,21.08,EUR,approved,False,False,0
2349,41,74,2024-02-17 08:53:18,100.28,USD,approved,True,True,0
4424,92,20,2024-02-17 09:03:36,123.8,USD,approved,False,False,0
3022,27,22,2024-02-17 10:16:53,65.36,EUR,approved,False,True,0
2347,66,3,2024-02-17 10:53:09,37.46,GBP,approved,False,True,0
2941,144,51,2024-02-17 11:18:49,111.27,USD,approved,True,False,1
1660,51,18,2024-02-17 11:26:30,25.84,USD,approved,False,True,0
35,178,2,2024-02-17 11:33:09,82.52,EUR,approved,True,True,0
934,130,26,2024-02-17 12:23:35,54.01,EUR,approved,False,True,0
3514,29,3,2024-02-17 12:57:00,205.42,USD,approved,False,True,0
1632,180,6,2024-02-17 13:04:17,111.13,USD,approved,False,True,0
53,73,78,2024-02-17 13:10:04,29.23,EUR,approved,False,False,0
4390,120,32,2024-02-17 13:14:46,85.87,USD,approved,False,True,0
2083,65,59,2024-02-17 13:17:51,42.86,USD,approved,False,True,0
643,171,54,2024-02-17 14:45:42,112.65,USD,approved,False,True,0
2592,76,53,2024-02-17 14:51:38,38.27,JPY,approved,False,True,0
1315,181,69,2024-02-17 15:08:27,21.55,USD,pending,False,False,0
3620,18,51,2024-02-17 15:50:22,21.94,USD,approved,False,False,0
574,10,55,2024-02-17 16:53:42,22.77,GBP,declined,False,True,0
2488,12,41,2024-02-17 17:38:42,30.16,GBP,approved,False,False,0
947,195,21,2024-02-17 17:40:35,23.52,USD,approved,False,True,0
4736,84,20,2024-02-17 18:12:00,30.5,GBP,approved,False,True,0
3478,107,43,2024-02-17 18:21:38,119.78,USD,approved,False,False,0
3713,162,69,2024-02-17 18:47:31,20.99,USD,approved,False,False,0
4209,46,30,2024-02-17 19:11:58,23.52,USD,approved,False,True,0
846,2,13,2024-02-17 19:25:10,29.82,EUR,declined,False,True,1
1018,99,7,2024-02-17 20:01:45,27.78,JPY,approved,False,True,0
4772,153,68,2024-02-17 20:22:41,59.93,EUR,pending,False,False,0
1808,97,73,2024-02-17 20:28:40,43.65,USD,approved,False,True,0
4498,78,70,2024-02-17 20:31:57,66.19,EUR,approved,False,False,1
4328,86,7,2024-02-17 20:43:30,40.1,GBP,approved,False,False,0
4587,43,75,2024-02-17 20:53:58,35.34,USD,reversed,True,True,0
3468,52,62,2024-02-17 21:07:12,75.76,EUR,approved,False,False,1
1225,84,31,2024-02-17 21:11:59,43.78,GBP,approved,True,True,0
727,145,42,2024-02-17 21:46:11,48.4,EUR,approved,True,True,0
4289,153,28,2024-02-17 21:56:13,9.11,GBP,approved,False,True,0
1834,15,50,2024-02-17 22:25:52,28.62,USD,approved,False,True,0
451,193,21,2024-02-17 22:26:56,65.89,USD,approved,False,False,0
3333,50,58,2024-02-17 22:48:54,29.96,USD,approved,False,True,0
2135,89,2,2024-02-17 22:53:06,37.53,EUR,approved,False,False,0
2967,49,17,2024-02-17 22:55:18,12.34,JPY,approved,True,True,0
1486,173,74,2024-02-17 23:01:59,23.43,GBP,approved,False,True,0
249,158,73,2024-02-17 23:22:18,38.16,JPY,approved,False,True,0
4972,77,27,2024-02-17 23:39:49,34.65,USD,approved,False,True,0
4255,69,70,2024-02-18 00:08:50,20.6,GBP,approved,False,True,0
4430,185,46,2024-02-18 00:29:39,54.48,GBP,approved,False,True,0
19,168,63,2024-02-18 00:32:14,28.34,EUR,approved,False,False,0
4811,41,80,2024-02-18 00:52:45,92.23,JPY,approved,False,True,0
3975,20,15,2024-02-18 01:30:23,32.32,USD,approved,False,True,0
4230,3,26,2024-02-18 01:37:49,119.57,USD,approved,False,True,0
3462,190,79,2024-02-18 01:51:55,101.0,USD,approved,False,True,0
4944,173,6,2024-02-18 02:12:42,135.06,USD,approved,False,True,0
4916,21,20,2024-02-18 03:24:19,32.45,EUR,pending,False,True,0
1573,147,3,2024-02-18 03:42:11,13.85,GBP,approved,False,True,0
3816,15,31,2024-02-18 03:48:37,19.85,USD,approved,True,False,0
1065,151,30,2024-02-18 03:49:43,47.66,USD,approved,False,True,0
4615,113,59,2024-02-18 04:00:15,55.7,USD,approved,False,True,0
4611,19,78,2024-02-18 04:08:19,31.74,GBP,approved,False,False,0
1143,187,43,2024-02-18 04:30:53,45.14,USD,approved,False,True,0
3531,77,57,2024-02-18 04:31:55,28.57,USD,declined,False,True,0
2800,80,16,2024-02-18 04:58:33,121.93,USD,approved,False,True,1
3188,81,15,2024-02-18 05:40:39,27.83,EUR,approved,False,True,0
95,180,36,2024-02-18 06:19:13,89.26,EUR,approved,False,True,0
2887,187,26,2024-02-18 06:44:31,46.28,GBP,approved,False,True,0
3109,181,53,2024-02-18 06:56:07,27.89,GBP,approved,False,False,0
1450,21,12,2024-02-18 06:59:34,69.77,GBP,approved,False,False,0
1913,1,24,2024-02-18 07:05:28,42.1,GBP,approved,False,True,0
2302,29,24,2024-02-18 07:08:47,109.22,USD,approved,False,False,0
4075,65,34,2024-02-18 07:17:35,37.07,USD,declined,False,True,0
101,167,45,2024-02-18 07:29:21,9.07,USD,approved,False,False,0
2118,109,50,2024-02-18 07:56:51,49.2,USD,approved,False,True,0
1578,160,8,2024-02-18 08:01:34,18.98,USD,approved,False,True,0
884,32,18,2024-02-18 08:22:26,22.82,EUR,approved,False,True,0
4821,108,64,2024-02-18 08:48:40,68.93,GBP,approved,False,True,0
2172,149,65,2024-02-18 08:59:57,29.62,EUR,approved,True,False,0
3817,91,30,2024-02-18 09:01:40,38.29,EUR,approved,False,True,0
1888,83,30,2024-02-18 09:27:50,25.73,JPY,approved,False,True,0
4061,29,54,2024-02-18 09:35:06,201.8,JPY,approved,False,True,1
763,190,16,2024-02-18 10:29:27,17.89,EUR,approved,True,True,0
1542,49,77,2024-02-18 11:02:18,11.76,JPY,approved,False,False,0
2594,19,52,2024-02-18 11:43:02,9.82,USD,declined,False,True,0
235,99,31,2024-02-18 12:07:49,18.35,USD,approved,False,True,0
2917,125,54,2024-02-18 13:03:21,35.56,JPY,approved,False,True,0
4014,98,33,2024-02-18 13:14:46,21.53,USD,approved,False,False,0
4132,187,53,2024-02-18 13:26:31,45.09,EUR,approved,True,False,0
4947,74,56,2024-02-18 13:47:48,33.88,USD,approved,False,True,0
3939,145,72,2024-02-18 14:11:51,65.06,USD,approved,False,True,0
1060,63,31,2024-02-18 14:30:20,36.84,GBP,approved,True,True,1
4153,183,25,2024-02-18 14:35:22,21.69,USD,approved,False,True,0
3334,170,2,2024-02-18 14:42:33,66.44,EUR,approved,True,False,0
3242,42,77,2024-02-18 14:47:28,81.16,JPY,approved,False,True,0
462,29,1,2024-02-18 15:31:56,68.17,USD,approved,False,False,0
1413,51,7,2024-02-18 17:34:56,40.74,EUR,approved,False,False,0
4162,79,55,2024-02-18 17:54:46,22.04,USD,approved,False,False,0
2888,13,49,2024-02-18 18:03:12,19.85,USD,approved,True,False,0
3375,135,74,2024-02-18 18:22:12,14.31,USD,approved,False,True,1
2366,18,35,2024-02-18 18:37:01,29.35,USD,declined,False,True,1
865,170,74,2024-02-18 18:37:21,58.17,USD,approved,False,False,0
3831,180,76,2024-02-18 18:44:59,32.82,USD,approved,True,True,0
4203,69,28,2024-02-18 18:58:54,54.95,EUR,approved,False,True,0
1621,53,10,2024-02-18 19:39:45,48.27,USD,approved,False,False,0
4279,147,79,2024-02-18 19:41:25,43.21,EUR,declined,False,False,0
932,140,44,2024-02-18 19:51:43,47.66,USD,approved,False,True,0
1541,96,76,2024-02-18 20:13:42,49.44,USD,approved,True,True,0
508,50,7,2024-02-18 20:18:08,31.11,JPY,approved,False,True,0
4045,83,77,2024-02-18 20:36:34,33.89,EUR,approved,False,True,0
4310,121,34,2024-02-18 20:42:04,42.96,GBP,approved,False,True,0
1576,64,34,2024-02-18 21:08:58,85.2,EUR,reversed,False,True,0
1996,1,61,2024-02-18 21:45:25,32.09,USD,approved,False,True,0
2541,58,53,2024-02-18 22:19:54,24.55,EUR,approved,False,True,0
3768,150,38,2024-02-18 22:56:06,80.7,USD,approved,False,True,0
2150,171,26,2024-02-18 22:57:32,246.42,USD,approved,True,True,0
2536,196,27,2024-02-18 23:41:22,13.76,EUR,approved,True,True,0
4586,123,22,2024-02-19 00:13:53,17.87,USD,approved,False,True,0
4524,198,41,2024-02-19 00:28:32,136.1,EUR,approved,False,False,0
2299,45,35,2024-02-19 00:30:59,84.89,USD,approved,False,False,0
181,188,69,2024-02-19 00:39:00,23.6,JPY,approved,False,False,0
1402,49,61,2024-02-19 00:45:49,12.31,JPY,approved,False,True,0
2000,57,69,2024-02-19 00:54:42,13.88,EUR,approved,False,False,0
4862,166,61,2024-02-19 01:15:17,17.69,USD,approved,False,True,0
96,58,14,2024-02-19 01:25:11,90.66,USD,approved,False,True,0
1734,174,56,2024-02-19 02:01:24,36.55,USD,reversed,False,True,0
1371,177,80,2024-02-19 02:33:01,23.41,USD,approved,False,True,1
546,11,71,2024-02-19 02:36:41,8.55,GBP,approved,False,False,0
203,100,67,2024-02-19 02:45:57,33.53,EUR,approved,True,False,0
215,148,65,2024-02-19 03:10:24,120.02,USD,declined,False,True,1
2601,173,11,2024-02-19 03:14:07,63.12,USD,approved,False,True,0
2036,170,14,2024-02-19 03:24:06,26.89,USD,declined,False,False,0
2079,52,19,2024-02-19 03:24:53,49.7,USD,reversed,False,False,0
3723,151,61,2024-02-19 03:58:56,14.78,USD,approved,True,True,0
4649,59,79,2024-02-19 04:51:14,48.89,USD,approved,False,False,0
4748,51,47,2024-02-19 05:00:34,33.03,USD,approved,False,True,0
874,25,26,2024-02-19 05:13:19,21.76,GBP,declined,False,True,0
4884,33,5,2024-02-19 05:38:54,27.81,USD,approved,False,True,0
4205,60,52,2024-02-19 05:53:21,33.72,USD,pending,False,True,0
1856,171,71,2024-02-19 05:55:28,122.42,EUR,approved,False,True,0
3388,148,67,2024-02-19 06:15:53,40.31,USD,approved,False,True,0
517,177,43,2024-02-19 06:27:31,56.7,USD,approved,False,True,0
1907,60,3,2024-02-19 06:31:15,48.43,USD,approved,False,False,0
3951,76,9,2024-02-19 06:59:03,29.97,EUR,reversed,False,True,0
179,181,7,2024-02-19 07:10:47,70.44,JPY,approved,False,False,0
2759,72,66,2024-02-19 08:03:05,26.95,JPY,approved,False,False,1
820,200,46,2024-02-19 08:16:01,43.54,USD,approved,True,False,0
3793,52,49,2024-02-19 08:21:35,20.34,EUR,approved,False,False,0
4477,188,28,2024-02-19 08:56:46,26.68,EUR,approved,False,False,1
2466,40,46,2024-02-19 09:03:26,79.83,USD,approved,False,False,0
1340,82,49,2024-02-19 09:06:13,27.57,USD,approved,False,False,0
198,24,76,2024-02-19 09:08:38,25.87,EUR,approved,False,True,0
785,96,46,2024-02-19 10:35:11,41.62,USD,approved,False,False,0
856,170,48,2024-02-19 10:47:03,27.91,EUR,approved,False,True,0
2547,159,53,2024-02-19 11:02:49,50.44,USD,approved,False,True,0
3162,178,30,2024-02-19 11:29:29,43.72,USD,approved,False,True,0
3534,198,34,2024-02-19 11:35:49,14.59,EUR,approved,True,False,0
2515,21,23,2024-02-19 11:52:23,42.21,USD,approved,True,True,0
1802,94,6,2024-02-19 12:09:13,42.56,USD,approved,False,False,0
4031,109,19,2024-02-19 12:27:07,17.59,USD,reversed,False,False,0
3954,93,43,2024-02-19 13:04:27,33.09,EUR,approved,False,True,0
2129,13,24,2024-02-19 13:21:17,48.37,JPY,approved,False,True,0
3209,85,26,2024-02-19 13:38:30,29.89,USD,pending,False,True,0
738,67,75,2024-02-19 14:29:09,26.19,USD,approved,False,False,0
3812,89,48,2024-02-19 14:42:52,29.01,USD,declined,False,True,0
1291,47,33,2024-02-19 15:11:39,14.02,JPY,approved,False,True,0
975,30,78,2024-02-19 15:16:46,117.73,EUR,approved,False,True,0
1847,81,9,2024-02-19 15:28:09,24.1,EUR,approved,False,False,0
4488,51,23,2024-02-19 15:49:32,11.35,USD,approved,False,False,0
1616,35,3,2024-02-19 16:17:10,60.35,EUR,approved,False,True,0
110,142,23,2024-02-19 16:50:56,83.89,USD,approved,False,True,0
3553,188,41,2024-02-19 16:53:50,11.63,EUR,approved,True,False,0
1809,18,4,2024-02-19 16:58:28,49.27,USD,reversed,False,True,0
886,147,66,2024-02-19 16:59:36,33.02,USD,approved,False,False,0
678,17,30,2024-02-19 17:18:30,67.03,USD,pending,False,False,0
2502,20,7,2024-02-19 17:27:37,49.37,USD,approved,False,False,0
720,120,37,2024-02-19 17:42:34,9.23,JPY,approved,False,True,0
3815,77,39,2024-02-19 17:53:49,8.66,USD,declined,False,True,0
1582,44,29,2024-02-19 17:56:46,40.17,EUR,approved,False,True,0
2467,61,53,2024-02-19 17:58:37,105.21,GBP,approved,False,True,1
2475,21,39,2024-02-19 18:02:22,27.35,USD,reversed,False,True,1
1854,33,7,2024-02-19 18:33:58,38.25,USD,approved,False,False,0
1966,149,68,2024-02-19 19:09:15,21.73,USD,approved,False,True,0
1539,142,27,2024-02-19 19:09:59,61.65,EUR,pending,True,True,0
1712,94,29,2024-02-19 19:16:33,16.52,JPY,approved,False,True,0
500,86,3,2024-02-19 19:55:20,21.09,USD,approved,False,True,0
1434,113,29,2024-02-19 20:30:56,69.35,USD,approved,False,False,0
2093,162,34,2024-02-19 20:46:08,18.98,USD,approved,False,False,0
3538,27,64,2024-02-19 21:00:37,49.53,USD,approved,False,True,1
210,156,3,2024-02-19 21:39:12,26.72,GBP,approved,False,True,0
760,146,1,2024-02-19 22:00:18,26.55,USD,approved,False,False,0
1529,5,68,2024-02-19 22:02:40,46.74,USD,approved,False,False,0
3284,20,43,2024-02-19 22:04:10,56.48,JPY,approved,False,True,0
4713,178,42,2024-02-19 22:28:46,18.57,GBP,approved,True,False,0
4728,178,63,2024-02-19 22:37:09,15.12,USD,approved,False,True,0
894,197,26,2024-02-19 22:50:16,73.37,USD,pending,False,True,0
2087,147,36,2024-02-19 23:04:09,80.82,USD,approved,False,False,0
1665,106,56,2024-02-19 23:08:25,27.58,GBP,approved,False,False,0
1295,191,6,2024-02-19 23:30:09,22.16,GBP,approved,False,True,0
745,160,2,2024-02-19 23:32:44,32.01,USD,approved,False,True,0
3327,33,26,2024-02-19 23:51:31,41.19,USD,approved,False,True,0
3368,58,39,2024-02-19 23:57:19,35.1,EUR,approved,False,True,0
1070,3,79,2024-02-20 00:09:00,120.48,EUR,declined,False,False,0
2653,198,23,2024-02-20 01:05:07,19.95,USD,approved,False,False,0
3580,16,49,2024-02-20 01:11:22,29.14,USD,approved,False,True,0
4349,154,3,2024-02-20 01:11:35,23.24,USD,approved,False,True,0
2271,65,25,2024-02-20 01:13:29,49.88,USD,approved,False,False,0
2886,31,16,2024-02-20 01:16:42,40.79,JPY,declined,True,False,0
1957,106,14,2024-02-20 01:26:31,32.64,GBP,pending,False,False,0
3092,79,21,2024-02-20 01:41:16,12.07,EUR,approved,False,False,0
4164,41,64,2024-02-20 01:52:19,52.13,USD,approved,False,False,0
1783,5,32,2024-02-20 02:01:10,20.23,EUR,approved,False,False,0
1713,176,46,2024-02-20 02:14:20,28.15,EUR,approved,False,False,0
599,126,61,2024-02-20 02:52:15,33.04,JPY,approved,True,True,1
2986,130,7,2024-02-20 03:01:33,42.35,USD,approved,False,False,0
3441,190,38,2024-02-20 03:02:21,50.49,USD,approved,False,False,0
2050,132,41,2024-02-20 03:14:15,85.96,USD,approved,False,True,0
161,200,31,2024-02-20 03:22:59,17.37,USD,approved,False,True,0
2411,107,7,2024-02-20 03:25:01,45.59,EUR,approved,False,True,0
3992,151,29,2024-02-20 03:48:38,23.28,USD,approved,False,False,0
4633,55,18,2024-02-20 04:10:32,31.53,EUR,approved,True,True,0
2611,195,5,2024-02-20 04:15:24,28.31,USD,approved,False,False,0
4201,136,37,2024-02-20 04:44:55,101.57,USD,declined,False,True,0
3511,195,55,2024-02-20 04:45:47,153.81,USD,approved,False,True,0
1880,21,48,2024-02-20 04:55:07,18.33,USD,declined,False,True,0
2309,62,61,2024-02-20 05:49:46,43.43,EUR,approved,False,False,0
4363,100,76,2024-02-20 06:06:18,19.74,USD,approved,False,False,0
4257,66,39,2024-02-20 06:52:09,59.66,USD,approved,False,True,0
292,54,71,2024-02-20 06:55:53,96.51,USD,declined,False,True,1
343,125,46,2024-02-20 06:57:30,41.24,EUR,approved,True,True,0
1545,47,14,2024-02-20 07:11:39,78.94,USD,approved,False,False,0
2206,160,41,2024-02-20 07:40:25,73.88,JPY,approved,False,True,0
3340,174,37,2024-02-20 07:40:46,55.12,GBP,approved,False,True,0
4735,166,32,2024-02-20 07:46:41,15.16,GBP,approved,False,False,0
2719,116,35,2024-02-20 07:47:12,22.96,USD,approved,False,False,0
4832,22,66,2024-02-20 07:57:13,20.05,GBP,approved,False,False,0
280,17,16,2024-02-20 08:02:29,27.32,USD,approved,False,True,0
1064,142,6,2024-02-20 08:03:21,27.0,USD,approved,False,True,0
2420,84,59,2024-02-20 08:07:09,20.62,JPY,approved,False,True,0
44,71,46,2024-02-20 08:17:33,38.42,EUR,approved,False,True,0
1416,157,6,2024-02-20 08:33:53,71.23,USD,approved,False,True,1
987,124,74,2024-02-20 08:39:09,38.22,JPY,approved,False,True,0
1236,70,54,2024-02-20 08:40:56,29.19,USD,approved,False,True,0
1703,137,43,2024-02-20 09:14:52,28.14,USD,approved,False,True,0
4497,66,32,2024-02-20 09:28:25,41.8,EUR,approved,True,False,0
3899,61,59,2024-02-20 09:30:00,51.5,USD,approved,False,True,0
2749,83,47,2024-02-20 09:50:21,7.44,EUR,reversed,False,True,0
2532,162,64,2024-02-20 10:08:37,19.15,USD,declined,False,False,0
3703,50,80,2024-02-20 10:19:05,15.45,USD,pending,False,False,0
4549,105,76,2024-02-20 10:21:47,20.2,USD,approved,True,True,0
1778,33,36,2024-02-20 10:22:29,24.45,JPY,approved,False,False,0
4013,138,64,2024-02-20 10:31:39,6.19,GBP,approved,False,True,0
2990,86,20,2024-02-20 10:41:22,53.65,USD,approved,True,True,0
2331,14,21,2024-02-20 11:50:33,14.22,USD,approved,False,True,0
529,184,3,2024-02-20 11:50:53,11.65,USD,approved,False,False,0
2382,90,4,2024-02-20 12:24:00,50.23,USD,approved,False,False,0
4307,148,55,2024-02-20 12:26:50,58.44,USD,approved,False,True,0
4975,161,45,2024-02-20 12:39:06,31.69,EUR,approved,False,False,0
1644,119,35,2024-02-20 13:06:01,26.87,USD,approved,False,False,0
3328,43,32,2024-02-20 13:23:42,21.85,USD,approved,False,False,0
3807,21,48,2024-02-20 15:17:20,30.21,EUR,approved,False,False,1
4480,108,52,2024-02-20 15:45:47,16.99,USD,approved,False,True,0
689,90,61,2024-02-20 16:02:30,62.23,USD,approved,False,True,0
1788,20,3,2024-02-20 16:27:06,35.27,USD,approved,False,True,0
725,158,18,2024-02-20 16:51:49,66.81,USD,declined,False,True,0
17,103,5,2024-02-20 17:16:19,30.84,USD,approved,False,False,1
2605,152,7,2024-02-20 17:33:21,14.0,JPY,approved,False,False,0
2654,75,22,2024-02-20 17:41:20,98.46,USD,approved,False,True,0
2570,186,42,2024-02-20 17:51:50,60.85,EUR,approved,False,False,0
3432,155,15,2024-02-20 17:52:19,29.35,GBP,approved,False,True,0
3947,5,7,2024-02-20 18:02:25,45.71,EUR,approved,False,True,0
2478,36,64,2024-02-20 18:44:56,40.02,JPY,declined,False,False,0
1796,41,9,2024-02-20 18:45:23,21.08,USD,approved,False,True,0
2616,134,51,2024-02-20 18:52:18,39.2,EUR,approved,False,False,0
4744,66,20,2024-02-20 19:11:56,24.71,EUR,approved,False,True,0
1067,186,31,2024-02-20 19:23:55,49.58,EUR,approved,True,False,0
1149,138,8,2024-02-20 19:39:13,25.49,JPY,approved,False,True,0
2106,56,28,2024-02-20 19:52:03,15.28,USD,approved,True,True,0
2669,16,23,2024-02-20 20:09:21,43.6,EUR,approved,False,False,0
1405,36,66,2024-02-20 20:16:31,51.33,EUR,approved,False,False,0
1361,17,50,2024-02-20 20:40:38,31.96,EUR,approved,False,False,0
3607,66,26,2024-02-20 20:55:35,20.97,EUR,approved,False,True,0
4186,115,59,2024-02-20 21:17:46,36.08,USD,pending,False,True,0
220,181,29,2024-02-20 21:21:50,40.19,USD,approved,False,True,0
185,100,63,2024-02-20 22:10:19,79.63,EUR,approved,False,True,0
3106,61,44,2024-02-20 22:34:57,463.51,USD,approved,False,True,0
346,52,32,2024-02-20 22:53:08,27.18,EUR,approved,False,True,0
1001,162,50,2024-02-20 23:10:14,33.46,USD,declined,True,True,0
405,100,2,2024-02-20 23:13:14,33.69,USD,approved,True,False,0
1535,164,79,2024-02-20 23:30:45,19.49,USD,approved,False,False,0
2624,185,12,2024-02-20 23:35:42,266.42,EUR,approved,False,True,1
2208,168,18,2024-02-20 23:36:13,56.3,GBP,approved,False,True,0
3436,122,6,2024-02-20 23:43:39,41.15,JPY,approved,False,True,0
3203,154,48,2024-02-20 23:58:28,7.01,USD,approved,False,True,0
1921,79,21,2024-02-21 00:20:16,35.35,USD,reversed,True,True,1
3797,138,27,2024-02-21 00:53:45,41.65,USD,approved,False,True,0
3177,123,13,2024-02-21 00:59:20,18.56,USD,approved,True,False,0
3656,97,60,2024-02-21 01:10:10,76.79,USD,approved,False,False,0
4917,21,7,2024-02-21 01:18:28,32.95,USD,approved,False,True,0
1563,50,38,2024-02-21 01:46:01,68.77,USD,approved,True,False,0
990,158,46,2024-02-21 01:54:48,50.93,USD,approved,True,False,0
33,19,29,2024-02-21 01:59:57,18.27,GBP,approved,True,False,0
3102,27,76,2024-02-21 02:08:18,50.64,JPY,approved,False,False,0
64,194,52,2024-02-21 02:45:33,60.55,GBP,approved,False,True,0
3893,88,55,2024-02-21 03:22:39,43.91,JPY,approved,False,True,0
2160,67,6,2024-02-21 03:45:16,19.52,JPY,approved,False,True,0
2238,55,26,2024-02-21 04:26:00,41.84,USD,approved,False,True,0
1485,83,58,2024-02-21 04:35:58,7.78,USD,approved,False,False,0
3214,193,57,2024-02-21 04:38:46,85.48,USD,declined,False,False,1
2932,135,8,2024-02-21 04:44:57,69.83,JPY,approved,False,True,1
586,185,60,2024-02-21 04:50:29,72.4,GBP,pending,False,True,0
2585,71,1,2024-02-21 04:51:40,10.05,EUR,approved,False,False,0
2016,64,65,2024-02-21 05:38:46,62.54,USD,pending,False,True,0
646,66,5,2024-02-21 07:13:03,24.67,JPY,approved,False,True,0
4506,76,30,2024-02-21 07:45:21,47.71,USD,approved,False,False,0
4114,196,62,2024-02-21 08:21:01,42.53,EUR,approved,False,True,0
4457,119,5,2024-02-21 08:21:46,31.16,USD,pending,False,True,0
4542,126,52,2024-02-21 08:52:16,25.0,EUR,approved,False,False,0
3424,77,29,2024-02-21 09:03:31,11.83,GBP,reversed,False,False,0
169,67,29,2024-02-21 09:07:24,51.95,EUR,approved,False,True,0
4315,151,9,2024-02-21 10:02:59,12.97,USD,approved,False,True,0
1148,154,58,2024-02-21 10:24:14,60.17,USD,approved,False,True,0
1865,168,73,2024-02-21 10:36:54,30.72,USD,declined,False,True,0
2935,162,54,2024-02-21 10:45:29,28.68,USD,approved,False,False,0
2878,188,40,2024-02-21 10:45:41,34.52,GBP,approved,True,True,0
4314,20,71,2024-02-21 10:50:59,22.18,USD,approved,False,True,0
1398,131,13,2024-02-21 10:52:00,19.26,EUR,approved,False,False,0
3178,60,6,2024-02-21 12:06:29,65.01,USD,approved,False,False,0
1568,121,8,2024-02-21 12:14:14,33.18,EUR,pending,False,True,0
2940,34,12,2024-02-21 12:45:48,25.98,GBP,approved,False,True,0
1369,193,3,2024-02-21 12:57:06,73.25,USD,approved,False,False,0
4790,120,56,2024-02-21 13:04:24,35.69,USD,approved,False,False,0
3236,115,70,2024-02-21 13:08:01,26.04,USD,approved,False,False,0
1998,199,32,2024-02-21 13:32:05,132.06,JPY,approved,False,True,1
277,94,20,2024-02-21 13:41:43,22.93,USD,approved,False,False,0
200,193,77,2024-02-21 14:13:23,56.02,USD,approved,False,True,0
4885,2,20,2024-02-21 14:27:05,37.82,USD,approved,False,False,0
2177,22,60,2024-02-21 14:30:55,19.52,GBP,approved,False,True,0
3466,150,59,2024-02-21 14:57:47,32.53,EUR,approved,False,True,0
3114,187,24,2024-02-21 15:12:31,16.07,USD,approved,False,False,0
2646,2,44,2024-02-21 15:30:18,73.17,EUR,approved,False,False,0
547,86,13,2024-02-21 16:17:14,22.62,JPY,approved,False,True,0
577,186,47,2024-02-21 16:17:39,142.7,USD,pending,False,True,0
491,187,38,2024-02-21 16:33:48,25.39,EUR,approved,False,True,0
4579,56,11,2024-02-21 16:40:25,26.01,USD,approved,False,False,0
213,158,37,2024-02-21 16:46:34,53.67,USD,reversed,False,True,0
63,74,50,2024-02-21 18:18:34,46.06,GBP,approved,False,False,0
1051,102,34,2024-02-21 18:19:41,66.82,USD,approved,False,True,0
1269,191,22,2024-02-21 19:02:10,30.79,GBP,approved,False,False,0
3935,37,29,2024-02-21 19:54:38,54.52,JPY,approved,True,False,1
372,133,60,2024-02-21 20:05:27,57.34,EUR,approved,False,True,0
2453,20,69,2024-02-21 20:06:52,22.53,USD,approved,False,True,0
4290,62,22,2024-02-21 20:23:08,52.81,GBP,approved,False,False,0
2889,30,67,2024-02-21 20:24:00,19.14,EUR,approved,False,True,0
2020,93,23,2024-02-21 20:53:49,40.67,USD,approved,False,True,0
1704,40,10,2024-02-21 21:25:53,31.0,USD,approved,False,True,0
1365,111,66,2024-02-21 21:31:00,95.13,EUR,approved,False,False,1
4258,18,16,2024-02-21 22:04:42,68.18,EUR,approved,True,False,0
1388,66,56,2024-02-21 22:13:21,135.85,EUR,approved,False,True,0
548,119,4,2024-02-21 22:21:01,73.32,JPY,approved,True,False,0
3619,88,2,2024-02-21 22:47:56,29.54,USD,declined,False,True,0
645,155,49,2024-02-21 22:52:39,27.63,USD,approved,False,True,0
1158,171,49,2024-02-21 23:15:43,36.2,USD,approved,False,True,0
4207,182,30,2024-02-21 23:24:11,84.98,USD,approved,False,False,0
3998,170,69,2024-02-21 23:49:28,46.53,EUR,approved,True,True,1
2621,170,75,2024-02-21 23:58:25,61.13,USD,approved,True,False,0
1251,49,55,2024-02-22 00:10:59,13.05,EUR,approved,False,True,0
1113,39,37,2024-02-22 00:12:48,22.34,USD,approved,False,False,0
2277,42,22,2024-02-22 00:21:18,77.75,EUR,declined,False,True,1
3008,86,20,2024-02-22 00:36:14,28.99,USD,approved,False,True,0
3118,129,32,2024-02-22 00:43:07,45.58,EUR,pending,False,True,0
2691,146,72,2024-02-22 00:49:22,25.41,GBP,approved,False,True,0
4634,35,19,2024-02-22 00:50:45,28.37,EUR,approved,False,True,0
686,161,36,2024-02-22 01:01:55,32.2,JPY,approved,False,False,0
2730,93,76,2024-02-22 01:37:09,46.6,EUR,approved,False,True,0
270,119,42,2024-02-22 02:33:05,21.35,USD,declined,True,True,0
544,35,64,2024-02-22 02:51:16,76.99,USD,approved,False,False,0
2801,159,35,2024-02-22 02:57:38,25.45,JPY,approved,False,True,1
2772,9,4,2024-02-22 03:15:34,29.77,USD,approved,False,True,0
1544,114,48,2024-02-22 03:18:37,28.08,EUR,approved,False,False,0
2686,97,53,2024-02-22 03:19:43,33.91,USD,approved,False,False,0
1452,9,65,2024-02-22 03:59:21,60.86,USD,approved,True,True,1
4686,146,22,2024-02-22 04:06:20,17.45,GBP,approved,False,True,0
2682,21,55,2024-02-22 04:36:06,30.28,EUR,approved,False,True,0
2385,37,50,2024-02-22 04:46:08,58.99,USD,approved,False,True,0
390,31,70,2024-02-22 05:00:30,26.18,USD,approved,False,True,0
4355,97,33,2024-02-22 05:02:28,73.39,EUR,approved,False,True,1
4123,198,80,2024-02-22 05:02:41,22.3,USD,approved,False,False,0
2637,68,12,2024-02-22 05:11:52,20.76,USD,approved,False,True,0
4405,53,62,2024-02-22 05:20:30,15.85,EUR,approved,False,False,0
2072,130,64,2024-02-22 05:54:27,38.87,USD,approved,False,False,0
4869,185,39,2024-02-22 05:58:36,69.61,USD,pending,False,True,1
1362,14,75,2024-02-22 06:29:27,14.98,EUR,approved,False,True,0
445,102,21,2024-02-22 06:36:41,23.7,GBP,approved,False,True,0
2132,196,65,2024-02-22 08:20:44,48.4,GBP,approved,False,True,0
423,154,6,2024-02-22 08:29:28,35.09,GBP,approved,False,False,0
2671,159,7,2024-02-22 08:34:20,42.15,USD,pending,True,True,1
4745,140,42,2024-02-22 08:43:24,30.9,USD,declined,False,True,0
1838,61,5,2024-02-22 08:48:14,122.6,EUR,approved,False,False,0
3763,116,63,2024-02-22 08:48:48,11.37,USD,approved,False,True,0
4836,106,54,2024-02-22 09:00:14,13.84,EUR,approved,False,True,1
536,31,55,2024-02-22 09:17:19,54.63,USD,approved,False,False,0
1017,77,27,2024-02-22 09:21:18,35.93,USD,approved,True,True,0
1574,163,51,2024-02-22 09:44:54,87.65,GBP,approved,False,False,0
2048,107,31,2024-02-22 09:46:13,7.72,JPY,declined,False,False,1
1613,135,74,2024-02-22 10:01:00,23.56,GBP,approved,True,True,0
3266,129,35,2024-02-22 10:13:50,34.42,USD,approved,False,True,0
2123,117,49,2024-02-22 10:15:38,15.44,USD,approved,False,False,0
4133,147,79,2024-02-22 10:33:01,18.42,USD,approved,True,False,0
1135,123,53,2024-02-22 10:43:44,21.04,EUR,approved,False,False,0
207,153,57,2024-02-22 10:55:47,34.45,USD,approved,False,True,0
46,195,30,2024-02-22 11:18:56,38.35,EUR,approved,False,True,0
4167,93,60,2024-02-22 12:00:26,70.28,USD,approved,False,True,0
4409,53,21,2024-02-22 12:16:36,14.9,USD,reversed,False,True,0
3875,125,31,2024-02-22 12:52:45,88.82,JPY,approved,False,False,0
2742,20,30,2024-02-22 13:10:21,14.6,JPY,approved,False,False,0
3879,36,28,2024-02-22 13:45:55,29.45,USD,approved,False,True,0
2877,133,33,2024-02-22 14:17:35,413.08,USD,approved,False,True,0
1112,47,40,2024-02-22 14:55:14,54.36,USD,approved,False,False,0
2966,119,47,2024-02-22 15:07:48,37.41,USD,approved,False,False,0
339,41,32,2024-02-22 15:08:20,20.71,EUR,approved,True,True,0
4431,185,6,2024-02-22 15:09:43,54.49,USD,declined,False,False,0
2211,140,62,2024-02-22 15:12:46,81.22,EUR,approved,False,False,0
4494,53,36,2024-02-22 15:31:21,15.43,USD,approved,False,True,0
3387,155,49,2024-02-22 15:36:27,31.63,EUR,approved,False,False,0
527,185,47,2024-02-22 16:01:49,84.12,GBP,approved,False,True,0
2756,175,77,2024-02-22 16:18:16,31.45,GBP,approved,False,True,0
327,48,46,2024-02-22 16:30:06,15.07,USD,approved,False,True,0
1344,115,54,2024-02-22 16:47:09,48.74,JPY,pending,False,True,0
4606,95,4,2024-02-22 16:52:16,101.04,USD,approved,True,True,0
3425,123,6,2024-02-22 16:59:59,28.33,GBP,approved,False,True,0
1231,165,39,2024-02-22 17:02:29,63.89,USD,approved,False,False,0
1695,33,11,2024-02-22 17:23:17,225.91,USD,declined,False,True,0
4248,39,72,2024-02-22 17:56:44,41.84,EUR,approved,True,True,1
1559,200,77,2024-02-22 18:12:20,8.33,USD,approved,False,False,0
3993,29,80,2024-02-22 18:33:14,68.25,GBP,declined,False,False,1
1010,105,7,2024-02-22 18:46:25,28.64,USD,approved,False,True,0
1812,131,66,2024-02-22 19:03:29,41.68,USD,approved,False,True,0
1674,152,42,2024-02-22 19:20:06,17.62,JPY,approved,False,False,0
2875,77,24,2024-02-22 20:25:29,17.54,EUR,approved,False,False,0
2052,61,35,2024-02-22 20:42:06,50.75,EUR,approved,False,True,0
2838,180,53,2024-02-22 20:48:19,10.3,USD,approved,False,False,0
512,150,64,2024-02-22 21:18:47,36.06,USD,declined,False,False,0
4882,200,69,2024-02-22 21:50:33,28.07,JPY,approved,True,True,0
3955,119,72,2024-02-22 21:58:28,36.37,USD,approved,False,True,0
974,95,5,2024-02-22 22:07:54,25.53,EUR,approved,False,False,0
2764,8,74,2024-02-22 22:11:11,26.75,USD,approved,False,True,1
681,145,16,2024-02-22 22:26:56,9.11,USD,pending,False,True,0
1835,83,6,2024-02-22 22:36:56,43.84,USD,approved,False,True,0
4253,197,23,2024-02-22 22:59:38,19.68,USD,approved,False,True,0
1858,117,74,2024-02-22 23:53:10,36.67,USD,approved,False,True,0
1140,108,36,2024-02-22 23:56:37,22.64,USD,approved,False,True,0
3755,8,59,2024-02-23 00:10:09,24.78,USD,approved,False,False,0
907,83,38,2024-02-23 00:17:49,19.13,EUR,approved,False,True,0
2627,196,18,2024-02-23 00:26:21,67.83,USD,approved,False,False,0
3610,135,1,2024-02-23 00:40:55,40.24,USD,approved,False,True,0
421,186,65,2024-02-23 00:45:11,35.16,USD,approved,False,False,0
294,67,59,2024-02-23 01:00:08,20.3,JPY,approved,False,False,0
4726,96,22,2024-02-23 01:10:18,29.12,USD,approved,False,True,0
351,107,19,2024-02-23 01:44:03,30.93,EUR,declined,False,True,0
2330,30,20,2024-02-23 01:49:46,46.1,EUR,approved,True,False,0
535,116,8,2024-02-23 02:13:37,32.22,USD,approved,False,False,0
3195,148,12,2024-02-23 02:20:02,51.98,GBP,declined,False,False,1
3364,165,11,2024-02-23 02:27:50,22.17,USD,approved,False,True,0
1663,38,39,2024-02-23 02:27:52,59.97,USD,approved,False,True,0
3082,165,36,2024-02-23 02:50:33,17.18,EUR,approved,False,False,0
1677,30,65,2024-02-23 02:52:01,42.41,GBP,approved,True,False,0
78,46,1,2024-02-23 03:31:51,17.12,USD,approved,False,False,0
4237,189,45,2024-02-23 03:42:32,38.19,JPY,declined,False,True,1
1423,118,14,2024-02-23 03:51:48,55.4,USD,approved,False,False,0
1464,11,9,2024-02-23 05:02:33,37.15,USD,approved,False,True,0
4664,76,24,2024-02-23 05:38:33,16.62,USD,approved,False,True,0
2157,89,59,2024-02-23 06:01:59,28.46,USD,approved,False,False,0
528,29,26,2024-02-23 06:14:43,34.91,EUR,approved,False,True,1
985,118,12,2024-02-23 06:17:27,18.49,EUR,approved,False,True,0
4060,119,45,2024-02-23 06:30:09,42.25,EUR,approved,False,True,0
4115,59,42,2024-02-23 06:45:25,13.91,USD,approved,False,True,0
3680,147,65,2024-02-23 07:00:25,23.29,USD,pending,False,True,0
298,88,54,2024-02-23 07:25:11,28.93,GBP,approved,True,True,0
1675,144,46,2024-02-23 08:06:54,38.83,USD,approved,False,False,0
4547,119,2,2024-02-23 08:09:00,29.14,USD,declined,True,False,1
378,150,21,2024-02-23 08:14:08,60.8,EUR,pending,False,False,0
3900,185,2,2024-02-23 08:26:43,104.94,USD,approved,False,False,1
4789,62,55,2024-02-23 08:29:53,17.17,USD,approved,False,True,0
3140,99,15,2024-02-23 08:35:44,9.28,USD,approved,False,True,0
4990,177,48,2024-02-23 08:38:46,29.37,USD,pending,False,False,0
1488,1,24,2024-02-23 08:49:09,27.99,JPY,approved,False,True,0
2044,150,70,2024-02-23 08:56:50,55.87,EUR,approved,False,False,0
1589,173,20,2024-02-23 10:08:16,80.46,USD,pending,True,False,0
4396,103,39,2024-02-23 10:15:49,16.27,USD,declined,True,False,0
4232,186,23,2024-02-23 10:18:02,35.11,USD,approved,False,True,0
3907,144,72,2024-02-23 11:26:32,27.49,USD,declined,False,True,0
3356,89,79,2024-02-23 11:56:49,16.32,USD,approved,False,True,0
3386,50,45,2024-02-23 12:11:43,5.9,EUR,approved,False,False,0
4711,58,11,2024-02-23 12:39:36,58.03,USD,approved,False,True,0
1302,81,1,2024-02-23 12:43:44,42.77,EUR,reversed,False,False,0
74,26,63,2024-02-23 12:53:17,33.17,EUR,approved,False,True,0
1692,178,54,2024-02-23 12:54:50,88.92,USD,approved,False,True,0
4010,24,11,2024-02-23 13:10:37,8.65,USD,approved,False,True,0
103,161,20,2024-02-23 13:38:04,17.29,USD,approved,False,False,0
3832,41,63,2024-02-23 13:48:35,18.65,USD,approved,False,True,0
3519,136,75,2024-02-23 14:12:43,26.97,EUR,approved,False,False,0
3376,102,11,2024-02-23 14:16:26,28.0,USD,approved,False,True,0
2522,9,80,2024-02-23 14:33:27,40.9,USD,approved,False,True,0
2711,14,22,2024-02-23 14:44:00,29.23,EUR,declined,False,True,0
1468,77,8,2024-02-23 14:59:39,44.64,USD,approved,False,True,0
4435,117,34,2024-02-23 15:29:58,27.03,JPY,approved,False,False,0
3019,120,20,2024-02-23 15:36:23,59.01,USD,approved,False,True,0
3679,108,47,2024-02-23 15:46:55,23.45,USD,approved,True,True,0
4417,95,36,2024-02-23 16:29:25,37.66,USD,approved,False,False,0
3145,153,49,2024-02-23 16:42:45,42.51,USD,approved,True,False,1
4078,121,12,2024-02-23 16:43:57,92.91,GBP,approved,False,True,0
730,132,34,2024-02-23 17:04:36,26.19,USD,reversed,False,False,0
2972,11,6,2024-02-23 17:31:22,58.27,USD,approved,True,True,1
3339,172,52,2024-02-23 17:33:46,40.56,USD,declined,True,True,0
1206,181,77,2024-02-23 17:52:24,121.52,EUR,approved,False,True,0
970,8,6,2024-02-23 18:15:23,24.99,USD,approved,False,True,0
3997,6,18,2024-02-23 18:23:30,11.91,USD,approved,False,True,0
3411,15,74,2024-02-23 18:43:11,20.13,EUR,declined,True,True,0
2580,114,56,2024-02-23 19:13:37,42.83,GBP,approved,False,True,0
3013,10,6,2024-02-23 19:18:24,25.01,EUR,approved,False,False,0
4792,199,39,2024-02-23 19:22:52,420.89,USD,approved,False,True,1
1380,109,24,2024-02-23 19:59:45,24.83,USD,approved,False,True,0
2120,141,42,2024-02-23 20:04:42,135.31,USD,approved,True,True,0
3324,128,23,2024-02-23 20:25:37,52.0,USD,declined,False,True,1
1059,85,52,2024-02-23 20:41:53,34.95,USD,approved,False,True,0
3773,106,41,2024-02-23 20:45:46,55.97,USD,approved,False,False,0
4517,71,33,2024-02-23 20:47:34,33.82,USD,approved,False,True,0
3516,195,38,2024-02-23 21:20:27,12.72,EUR,declined,False,True,0
4522,140,41,2024-02-23 21:25:22,27.45,GBP,approved,False,True,0
1101,96,17,2024-02-23 21:40:03,24.09,USD,approved,False,True,0
1448,192,56,2024-02-23 22:10:12,49.88,EUR,pending,False,True,0
1889,13,9,2024-02-23 22:25:07,73.06,USD,approved,True,False,0
3545,8,11,2024-02-23 22:26:33,54.84,USD,approved,True,True,0
821,5,50,2024-02-23 22:45:18,14.64,GBP,approved,False,False,0
1336,200,16,2024-02-23 23:01:18,33.0,GBP,approved,False,False,0
1601,61,11,2024-02-23 23:03:48,260.76,GBP,pending,True,False,0
3943,186,74,2024-02-23 23:43:55,43.05,USD,approved,False,True,0
2069,67,51,2024-02-24 00:07:06,44.58,USD,approved,False,False,0
4672,138,67,2024-02-24 00:29:23,12.32,EUR,approved,False,False,0
4964,47,18,2024-02-24 00:38:43,26.48,EUR,approved,False,True,0
4309,161,54,2024-02-24 00:38:51,34.34,JPY,reversed,False,False,0
4598,1,68,2024-02-24 01:12:49,8.87,USD,approved,False,True,0
1194,141,7,2024-02-24 01:13:03,15.03,USD,approved,False,False,0
2953,188,73,2024-02-24 01:45:09,44.86,USD,approved,False,True,0
1961,168,23,2024-02-24 02:04:23,18.79,EUR,approved,False,True,0
2884,10,15,2024-02-24 02:16:20,42.19,USD,approved,False,False,0
4739,70,74,2024-02-24 02:30:14,143.75,EUR,approved,False,True,0
2074,69,19,2024-02-24 02:31:44,19.32,USD,approved,True,True,0
3035,20,65,2024-02-24 02:35:37,20.87,EUR,approved,True,False,0
1524,31,56,2024-02-24 02:41:09,32.01,USD,approved,True,False,0
765,73,26,2024-02-24 02:48:18,14.11,EUR,approved,False,False,0
3547,82,57,2024-02-24 02:52:06,26.26,EUR,approved,True,False,0
125,172,10,2024-02-24 02:57:53,50.73,EUR,approved,False,True,0
2684,163,52,2024-02-24 03:10:35,25.69,GBP,approved,False,True,0
2510,25,38,2024-02-24 03:28:17,29.75,USD,approved,False,True,0
4960,189,74,2024-02-24 03:28:36,44.47,USD,approved,False,True,0
4738,74,36,2024-02-24 03:32:32,30.37,USD,approved,False,False,0
4781,170,26,2024-02-24 03:35:56,10.41,USD,approved,False,True,0
3671,29,55,2024-02-24 03:36:26,134.25,GBP,approved,False,True,0
972,84,20,2024-02-24 04:38:41,17.68,JPY,declined,False,True,1
2462,44,75,2024-02-24 05:03:36,129.63,GBP,approved,False,True,0
3475,60,65,2024-02-24 05:06:39,51.43,GBP,approved,False,True,0
2583,59,55,2024-02-24 05:16:36,70.15,USD,approved,False,True,1
949,190,75,2024-02-24 05:16:48,64.46,USD,approved,False,False,0
428,161,12,2024-02-24 05:33:30,62.24,USD,approved,False,False,0
1396,119,8,2024-02-24 05:36:50,28.02,USD,approved,False,False,0
4433,180,69,2024-02-24 05:45:37,22.74,JPY,approved,False,False,0
2701,177,43,2024-02-24 06:05:49,47.56,USD,approved,False,False,0
1596,34,40,2024-02-24 06:18:13,28.05,USD,approved,True,True,0
2443,2,46,2024-02-24 06:22:01,63.94,USD,approved,False,True,0
710,94,61,2024-02-24 06:28:55,16.64,JPY,approved,False,True,0
3874,96,67,2024-02-24 06:53:08,26.42,EUR,approved,False,True,0
2586,111,2,2024-02-24 07:09:15,113.01,JPY,approved,False,True,0
1673,54,27,2024-02-24 07:56:59,17.96,EUR,approved,False,False,0
993,40,66,2024-02-24 08:19:51,16.21,USD,reversed,False,True,0
3298,182,35,2024-02-24 08:20:38,19.53,USD,approved,False,False,0
2429,151,72,2024-02-24 09:18:11,32.91,GBP,approved,False,True,0
1414,159,1,2024-02-24 09:58:23,87.19,USD,approved,False,True,0
1189,114,11,2024-02-24 10:22:31,34.47,JPY,approved,False,True,0
3047,146,34,2024-02-24 10:38:53,51.68,USD,approved,False,True,0
3856,143,12,2024-02-24 10:44:07,26.67,USD,approved,False,False,0
464,84,24,2024-02-24 10:45:05,52.18,USD,approved,False,False,0
3724,199,44,2024-02-24 10:59:09,51.81,GBP,approved,False,True,0
1052,73,12,2024-02-24 11:26:04,19.17,GBP,approved,True,False,0
728,18,9,2024-02-24 11:40:09,22.18,EUR,approved,False,True,0
3401,163,55,2024-02-24 11:59:34,36.88,EUR,pending,False,False,0
4516,159,80,2024-02-24 12:00:53,13.97,USD,approved,False,True,0
2973,120,35,2024-02-24 12:04:28,44.41,USD,approved,False,True,0
2731,193,45,2024-02-24 12:40:36,49.26,USD,approved,False,False,0
195,192,30,2024-02-24 12:51:51,16.38,JPY,approved,True,True,1
4817,175,20,2024-02-24 12:57:00,28.32,EUR,approved,False,False,0
702,124,31,2024-02-24 13:15:42,153.72,USD,approved,False,False,0
2851,39,26,2024-02-24 14:21:00,76.83,USD,approved,False,False,0
4572,19,70,2024-02-24 15:12:24,17.06,USD,approved,False,True,0
4004,90,37,2024-02-24 15:21:55,24.33,JPY,approved,True,True,0
487,67,18,2024-02-24 15:45:37,22.13,USD,approved,False,True,0
4538,145,18,2024-02-24 16:02:11,24.16,EUR,approved,False,False,0
3526,43,23,2024-02-24 16:04:12,38.0,USD,approved,False,True,0
4880,152,16,2024-02-24 16:24:12,15.02,EUR,approved,False,False,0
1478,79,29,2024-02-24 16:43:14,30.07,USD,approved,False,False,0
1208,145,61,2024-02-24 17:47:43,15.32,EUR,approved,False,True,0
3508,163,43,2024-02-24 18:34:00,30.9,USD,declined,False,False,0
159,102,12,2024-02-24 19:36:04,34.55,USD,declined,False,True,0
983,110,75,2024-02-24 19:41:40,15.04,USD,approved,False,True,0
3002,135,58,2024-02-24 20:31:34,39.2,USD,approved,False,True,0
1314,171,6,2024-02-24 20:41:24,70.34,USD,declined,True,False,0
1988,43,49,2024-02-24 21:10:24,13.9,USD,approved,False,True,0
1352,79,4,2024-02-24 21:34:07,8.78,EUR,pending,False,True,0
3986,68,80,2024-02-24 21:51:53,9.99,USD,approved,False,True,0
4189,9,33,2024-02-24 22:21:15,8.89,GBP,approved,False,True,0
1458,92,52,2024-02-24 22:46:10,83.85,EUR,approved,True,True,0
1901,107,3,2024-02-24 23:02:08,13.74,USD,approved,False,True,0
4928,119,20,2024-02-24 23:04:58,92.42,USD,pending,False,True,0
3920,123,66,2024-02-24 23:12:21,21.86,USD,approved,False,False,0
3252,150,13,2024-02-24 23:18:56,17.73,USD,approved,False,False,0
1473,90,36,2024-02-24 23:23:40,40.06,USD,declined,True,True,0
4680,14,13,2024-02-24 23:37:02,41.38,USD,approved,False,True,0
2868,32,3,2024-02-24 23:50:28,24.32,USD,approved,False,True,0
4993,199,74,2024-02-25 00:03:09,56.33,USD,approved,True,True,1
858,12,30,2024-02-25 00:25:04,37.76,EUR,approved,True,True,0
4525,161,39,2024-02-25 00:37:08,55.57,USD,approved,False,True,0
4330,176,47,2024-02-25 01:04:00,38.41,JPY,approved,False,False,0
258,21,24,2024-02-25 01:07:16,39.95,EUR,pending,False,True,0
42,152,14,2024-02-25 01:10:24,17.49,USD,approved,False,False,0
3311,103,5,2024-02-25 01:12:47,22.27,EUR,approved,True,True,0
4607,49,26,2024-02-25 01:36:11,44.06,USD,approved,False,False,0
849,164,49,2024-02-25 01:58:43,9.93,USD,approved,False,True,0
4080,153,30,2024-02-25 02:34:46,52.0,USD,approved,True,True,0
1227,22,48,2024-02-25 03:06:59,89.58,EUR,approved,False,True,1
656,107,18,2024-02-25 03:11:09,24.18,GBP,approved,False,False,0
2704,168,23,2024-02-25 03:25:29,23.01,JPY,pending,False,False,0
3931,142,70,2024-02-25 04:24:55,66.76,USD,approved,False,False,0
2127,62,72,2024-02-25 04:33:29,12.53,USD,approved,False,True,0
2512,171,28,2024-02-25 05:03:51,60.67,GBP,approved,False,False,0
4023,109,63,2024-02-25 05:15:00,28.42,GBP,approved,False,False,0
853,193,21,2024-02-25 06:27:53,43.74,USD,approved,False,False,0
130,127,49,2024-02-25 07:34:21,20.77,USD,pending,False,False,0
3079,42,4,2024-02-25 07:38:22,23.31,GBP,pending,False,False,0
3086,73,11,2024-02-25 08:25:43,32.8,EUR,approved,False,True,0
3131,72,11,2024-02-25 08:41:17,34.49,USD,approved,False,False,0
2921,66,28,2024-02-25 09:06:19,9.54,USD,approved,False,False,0
4671,20,55,2024-02-25 09:15:35,35.19,EUR,approved,False,True,0
4358,52,7,2024-02-25 09:19:07,60.44,EUR,approved,False,False,0
555,197,45,2024-02-25 10:07:20,84.72,USD,approved,False,False,0
553,166,53,2024-02-25 10:09:52,32.32,JPY,approved,False,True,0
2320,155,5,2024-02-25 10:15:07,47.93,USD,approved,False,True,0
4648,17,57,2024-02-25 10:21:54,65.92,JPY,approved,False,True,1
1129,112,26,2024-02-25 10:40:56,28.5,USD,approved,False,False,0
2298,99,20,2024-02-25 11:06:05,35.06,USD,approved,False,False,0
416,136,19,2024-02-25 11:12:09,25.43,USD,approved,True,True,0
2905,131,51,2024-02-25 11:46:57,14.91,USD,approved,False,False,0
4860,152,23,2024-02-25 12:26:24,22.38,EUR,approved,False,False,0
4570,41,78,2024-02-25 12:37:06,47.35,EUR,approved,False,False,1
3107,173,40,2024-02-25 12:54:32,17.24,USD,declined,False,True,0
3794,132,15,2024-02-25 13:20:39,50.62,USD,approved,False,False,0
170,5,1,2024-02-25 13:39:38,37.06,USD,approved,True,True,0
263,60,48,2024-02-25 13:46:38,16.6,USD,approved,False,False,0
4437,131,5,2024-02-25 14:18:54,67.28,USD,declined,False,True,0
2417,124,66,2024-02-25 14:45:57,41.14,EUR,approved,False,True,0
3981,91,80,2024-02-25 14:48:59,14.02,USD,approved,False,False,0
780,171,11,2024-02-25 15:11:27,40.12,USD,approved,False,True,0
1122,17,48,2024-02-25 15:20:18,126.35,EUR,declined,False,False,1
636,138,48,2024-02-25 15:30:50,48.91,USD,approved,True,False,0
4221,23,13,2024-02-25 15:47:47,71.41,JPY,approved,False,True,0
3009,126,25,2024-02-25 15:48:13,43.01,USD,approved,True,True,0
2142,176,61,2024-02-25 15:57:19,27.91,JPY,approved,False,True,0
288,115,70,2024-02-25 16:08:16,11.69,EUR,declined,False,False,0
2859,145,8,2024-02-25 16:42:18,32.15,USD,approved,True,True,0
3895,122,40,2024-02-25 16:48:36,46.15,EUR,approved,False,True,0
4544,123,32,2024-02-25 17:10:42,34.28,USD,approved,False,True,0
2058,148,68,2024-02-25 17:29:36,39.45,USD,approved,True,True,0
1053,101,32,2024-02-25 17:43:30,38.81,USD,reversed,False,False,0
4861,12,43,2024-02-25 18:03:26,54.18,USD,approved,False,False,0
2025,15,10,2024-02-25 18:46:21,88.9,GBP,reversed,False,False,0
3275,49,7,2024-02-25 19:22:28,28.67,USD,approved,True,True,0
232,172,40,2024-02-25 19:26:47,10.53,USD,approved,False,True,0
953,123,16,2024-02-25 19:29:52,33.73,GBP,approved,True,False,0
3833,162,77,2024-02-25 19:33:47,71.47,USD,approved,False,True,0
2777,105,67,2024-02-25 19:40:20,76.13,USD,approved,False,False,0
712,105,76,2024-02-25 19:40:37,44.8,USD,approved,True,True,0
4047,91,75,2024-02-25 19:47:31,18.44,JPY,approved,False,True,0
2584,132,26,2024-02-25 20:21:51,61.75,EUR,approved,False,False,0
910,19,42,2024-02-25 20:22:54,12.57,EUR,approved,False,True,0
2861,39,53,2024-02-25 20:36:35,140.87,GBP,approved,True,True,0
850,122,5,2024-02-25 20:36:56,80.58,USD,reversed,False,False,1
4740,105,51,2024-02-25 22:14:17,53.06,USD,approved,True,False,0
2325,150,39,2024-02-25 22:18:58,22.51,USD,approved,True,False,0
1130,130,30,2024-02-25 22:37:21,12.25,EUR,approved,False,False,0
653,41,5,2024-02-25 22:42:26,26.23,GBP,approved,True,True,0
1528,28,39,2024-02-25 22:49:20,16.12,USD,approved,False,True,0
1249,66,5,2024-02-25 22:59:49,20.42,USD,approved,False,False,0
2831,185,15,2024-02-25 23:14:29,82.21,GBP,approved,False,False,0
2725,159,71,2024-02-25 23:37:08,47.96,EUR,approved,False,True,0
538,24,68,2024-02-25 23:47:36,23.37,USD,approved,True,True,1
1719,83,14,2024-02-26 00:08:24,40.56,EUR,approved,False,False,0
2729,117,18,2024-02-26 00:28:11,19.69,GBP,declined,True,False,0
4425,63,21,2024-02-26 01:03:18,31.05,EUR,pending,False,True,0
3297,43,63,2024-02-26 01:20:46,20.8,USD,approved,False,True,0
3014,148,40,2024-02-26 02:29:52,68.29,EUR,approved,False,False,1
4801,123,57,2024-02-26 02:38:36,20.15,USD,approved,True,False,0
2040,90,62,2024-02-26 02:41:34,95.66,EUR,approved,False,False,0
2517,139,2,2024-02-26 03:00:46,22.19,USD,approved,False,False,0
1995,151,60,2024-02-26 03:06:31,24.43,EUR,approved,False,False,0
237,133,45,2024-02-26 04:17:22,61.17,USD,approved,False,True,0
3883,116,23,2024-02-26 04:38:54,15.13,USD,approved,False,True,0
4117,4,32,2024-02-26 04:57:26,13.62,EUR,approved,False,True,0
147,7,39,2024-02-26 05:22:06,59.28,USD,pending,False,True,0
1683,8,60,2024-02-26 05:25:17,38.71,EUR,approved,False,True,0
878,150,20,2024-02-26 05:55:45,30.54,EUR,approved,False,True,0
1179,52,64,2024-02-26 05:57:17,35.07,EUR,approved,False,True,0
2257,160,74,2024-02-26 06:10:05,59.52,USD,approved,False,True,0
3644,99,45,2024-02-26 06:19:41,55.5,USD,approved,False,True,0
569,129,26,2024-02-26 06:36:59,33.12,EUR,approved,False,True,0
4982,192,1,2024-02-26 07:00:54,69.97,USD,approved,True,True,0
3075,117,66,2024-02-26 07:21:47,23.24,USD,declined,False,True,0
2113,183,76,2024-02-26 08:09:24,25.89,GBP,pending,False,True,0
3329,79,14,2024-02-26 09:10:53,23.25,EUR,approved,True,True,0
2828,189,31,2024-02-26 09:33:06,53.29,EUR,approved,False,True,0
2307,66,44,2024-02-26 09:44:05,43.53,EUR,approved,True,True,1
967,121,58,2024-02-26 09:50:53,21.83,USD,approved,False,True,0
228,116,62,2024-02-26 09:51:42,54.43,JPY,reversed,False,False,0
3155,14,35,2024-02-26 10:54:31,12.35,USD,approved,False,False,0
3770,67,68,2024-02-26 11:18:02,32.62,USD,approved,True,False,0
2169,188,32,2024-02-26 12:06:42,28.98,USD,approved,False,False,0
946,24,11,2024-02-26 12:46:49,26.23,EUR,approved,False,True,0
2587,74,67,2024-02-26 13:39:16,29.21,EUR,approved,False,True,0
3753,193,35,2024-02-26 13:53:49,259.67,JPY,declined,False,True,0
3163,33,27,2024-02-26 13:57:15,37.33,EUR,approved,False,False,0
4575,143,57,2024-02-26 14:08:01,76.77,EUR,approved,False,False,0
178,33,37,2024-02-26 14:09:30,42.33,JPY,approved,False,True,0
1533,187,40,2024-02-26 14:34:51,56.53,USD,pending,False,True,0
2595,62,40,2024-02-26 14:41:46,56.09,EUR,approved,False,True,0
347,199,40,2024-02-26 14:57:17,56.12,EUR,pending,False,False,0
3099,37,7,2024-02-26 15:15:08,36.06,JPY,approved,False,True,0
1694,80,64,2024-02-26 15:42:49,41.06,EUR,approved,False,True,0
4766,31,49,2024-02-26 15:46:05,20.0,USD,declined,False,False,0
2494,123,21,2024-02-26 16:14:51,37.39,GBP,approved,False,True,0
4265,120,50,2024-02-26 16:29:50,33.76,EUR,approved,False,True,0
3800,11,63,2024-02-26 16:57:42,41.98,USD,approved,False,True,0
3374,101,9,2024-02-26 17:11:19,92.28,JPY,approved,False,True,0
3128,182,47,2024-02-26 18:11:22,11.61,GBP,approved,False,False,0
4937,193,47,2024-02-26 18:16:43,46.78,USD,reversed,False,True,0
1495,83,23,2024-02-26 18:19:03,13.84,USD,approved,False,False,0
1333,85,19,2024-02-26 18:32:44,23.7,EUR,approved,False,True,0
937,32,13,2024-02-26 19:19:21,101.9,GBP,approved,False,True,0
4136,195,3,2024-02-26 19:57:08,94.65,USD,approved,False,True,1
2219,58,21,2024-02-26 20:03:36,77.9,USD,approved,False,True,0
589,168,65,2024-02-26 20:49:52,38.7,JPY,approved,False,True,0
453,100,68,2024-02-26 21:50:24,32.13,USD,approved,True,False,0
2603,157,22,2024-02-26 22:26:43,89.76,USD,approved,False,True,1
2716,93,36,2024-02-26 22:55:18,18.53,USD,approved,False,False,0
324,184,32,2024-02-26 23:33:19,93.67,USD,approved,False,False,0
9,41,58,2024-02-26 23:42:07,25.58,USD,approved,False,True,0
4169,102,54,2024-02-26 23:51:27,113.72,GBP,approved,False,False,0
3237,73,78,2024-02-26 23:53:50,10.63,EUR,approved,False,True,0
3700,152,67,2024-02-27 00:03:51,11.61,EUR,pending,False,True,0
2463,95,17,2024-02-27 00:18:18,25.18,JPY,approved,False,False,0
1699,72,27,2024-02-27 00:26:55,84.02,USD,approved,False,False,1
4930,45,19,2024-02-27 00:50:32,47.35,EUR,declined,False,False,0
836,156,69,2024-02-27 01:05:50,12.39,GBP,pending,False,False,0
3948,74,4,2024-02-27 01:19:01,17.09,USD,approved,False,False,0
4160,7,7,2024-02-27 01:23:16,44.11,USD,approved,False,False,0
2228,187,72,2024-02-27 01:25:41,59.4,JPY,approved,False,False,0
542,12,13,2024-02-27 01:41:33,58.5,USD,approved,False,False,0
4316,56,9,2024-02-27 01:42:19,54.43,GBP,pending,False,True,0
1496,87,65,2024-02-27 01:50:13,20.42,USD,approved,False,False,0
1979,12,50,2024-02-27 02:23:01,25.26,JPY,reversed,True,True,0
1472,140,11,2024-02-27 02:27:12,54.06,USD,approved,False,True,0
3316,170,6,2024-02-27 02:39:51,199.75,USD,approved,False,False,0
994,87,53,2024-02-27 03:20:53,81.55,EUR,approved,False,False,0
854,48,55,2024-02-27 04:06:38,40.13,USD,approved,False,True,0
1879,146,48,2024-02-27 04:09:40,24.1,USD,approved,False,True,0
79,113,65,2024-02-27 04:19:17,7.57,USD,approved,False,False,0
1082,198,31,2024-02-27 04:55:58,43.64,USD,approved,True,True,0
2399,51,4,2024-02-27 05:14:05,15.16,USD,reversed,False,False,0
3527,27,41,2024-02-27 05:54:43,53.37,USD,approved,False,False,0
4481,94,48,2024-02-27 06:26:25,57.46,USD,approved,False,True,0
4092,9,22,2024-02-27 06:42:33,53.79,GBP,approved,True,True,0
2274,93,66,2024-02-27 06:51:00,34.02,USD,pending,False,False,0
617,50,64,2024-02-27 07:12:32,37.6,EUR,approved,False,True,0
1768,94,45,2024-02-27 07:51:01,28.67,EUR,approved,False,True,0
1311,105,39,2024-02-27 07:51:24,56.72,EUR,approved,False,True,0
1475,196,20,2024-02-27 07:52:22,52.33,USD,approved,False,False,0
3964,76,51,2024-02-27 08:14:40,33.38,USD,declined,False,True,0
4706,47,65,2024-02-27 08:27:41,40.35,USD,approved,False,True,0
3160,175,37,2024-02-27 08:33:34,21.98,USD,pending,False,True,0
2481,131,52,2024-02-27 09:06:59,21.7,EUR,approved,False,True,0
4392,164,54,2024-02-27 09:08:42,18.25,EUR,approved,False,True,0
1986,159,69,2024-02-27 09:33:49,20.8,GBP,approved,False,True,0
2600,78,22,2024-02-27 09:38:36,113.98,USD,approved,False,False,0
2814,193,66,2024-02-27 09:40:24,40.3,USD,approved,False,True,0
426,40,20,2024-02-27 10:00:39,52.98,USD,approved,False,True,0
4213,84,76,2024-02-27 10:04:47,31.61,GBP,approved,False,False,0
3335,15,80,2024-02-27 10:38:36,37.47,USD,approved,False,True,0
2131,144,26,2024-02-27 11:03:57,10.3,EUR,approved,True,True,0
732,84,10,2024-02-27 11:13:52,54.17,GBP,approved,False,False,0
3889,28,45,2024-02-27 11:18:13,18.04,USD,approved,False,True,0
1377,193,12,2024-02-27 11:42:36,166.96,EUR,declined,False,False,0
3093,144,53,2024-02-27 11:47:00,62.99,USD,approved,False,True,0
3772,67,74,2024-02-27 12:23:38,45.72,USD,approved,False,True,0
3599,57,24,2024-02-27 12:28:07,26.0,USD,approved,False,True,0
4733,153,48,2024-02-27 13:21:34,31.27,USD,approved,False,True,0
4814,112,71,2024-02-27 13:31:39,31.79,GBP,approved,False,True,0
2664,100,50,2024-02-27 13:57:02,29.41,USD,approved,False,True,0
909,75,64,2024-02-27 14:06:13,68.67,EUR,approved,True,True,0
4090,197,29,2024-02-27 14:07:03,37.19,USD,approved,False,False,0
39,56,80,2024-02-27 14:31:13,36.04,USD,approved,False,False,0
890,55,23,2024-02-27 14:32:30,37.91,EUR,approved,False,False,0
2465,93,36,2024-02-27 14:33:23,25.65,USD,pending,False,True,0
2626,116,46,2024-02-27 14:33:41,29.36,USD,approved,False,True,0
1779,62,12,2024-02-27 14:46:20,27.8,JPY,approved,False,False,0
4473,98,61,2024-02-27 15:21:05,16.67,EUR,approved,False,True,0
1167,5,25,2024-02-27 15:46:45,61.13,EUR,approved,False,True,0
4461,21,13,2024-02-27 16:08:21,21.24,EUR,approved,False,True,0
1782,68,12,2024-02-27 16:17:47,34.1,USD,approved,False,True,0
1407,70,60,2024-02-27 16:20:44,24.02,USD,approved,False,False,0
4910,125,19,2024-02-27 16:31:43,17.16,USD,declined,True,False,0
4755,43,46,2024-02-27 16:33:39,81.08,JPY,declined,False,True,1
1822,153,53,2024-02-27 16:42:48,83.83,USD,approved,False,True,0
1707,197,2,2024-02-27 17:14:47,13.72,USD,approved,True,False,0
767,123,25,2024-02-27 17:54:27,20.67,USD,approved,False,False,0
3865,127,65,2024-02-27 18:35:29,37.65,EUR,approved,False,True,0
562,9,10,2024-02-27 18:40:06,17.56,EUR,approved,False,True,0
1978,69,17,2024-02-27 19:15:31,38.81,JPY,approved,True,False,0
1172,127,26,2024-02-27 19:41:43,27.39,USD,approved,False,True,0
2694,85,59,2024-02-27 19:44:45,50.13,EUR,approved,True,False,0
1427,135,79,2024-02-27 19:49:39,34.73,JPY,approved,False,False,0
2496,42,71,2024-02-27 20:29:26,24.62,EUR,approved,False,True,0
4756,121,55,2024-02-27 20:52:29,31.01,GBP,approved,False,False,0
2938,145,35,2024-02-27 21:48:13,15.03,USD,approved,False,True,0
1799,96,39,2024-02-27 21:56:54,26.14,USD,approved,False,False,0
4791,40,17,2024-02-27 22:11:23,12.71,USD,approved,False,True,0
4246,56,52,2024-02-27 22:11:58,59.92,USD,approved,False,False,0
4222,104,70,2024-02-27 22:27:00,31.68,USD,declined,False,False,0
3616,90,28,2024-02-27 22:31:59,28.55,EUR,approved,False,False,0
1058,155,49,2024-02-27 23:06:14,27.64,GBP,approved,False,False,0
619,13,73,2024-02-27 23:10:49,68.87,EUR,approved,True,False,0
3489,89,43,2024-02-27 23:50:41,17.67,EUR,approved,False,True,0
3915,158,54,2024-02-28 00:05:07,29.17,USD,approved,False,False,0
4091,148,42,2024-02-28 00:05:59,271.82,EUR,approved,False,True,0
2746,81,9,2024-02-28 00:07:53,61.92,USD,approved,False,True,0
4636,153,41,2024-02-28 00:31:56,48.8,USD,approved,False,False,0
3158,199,13,2024-02-28 00:39:25,119.85,EUR,declined,False,True,0
100,28,24,2024-02-28 00:42:23,28.89,JPY,approved,False,True,0
1154,182,27,2024-02-28 00:46:29,22.2,USD,declined,False,True,0
1265,48,44,2024-02-28 00:47:07,48.72,USD,approved,False,False,0
2190,118,4,2024-02-28 01:02:47,7.91,EUR,approved,False,True,0
2342,79,29,2024-02-28 01:04:52,111.33,EUR,approved,False,True,0
1500,169,38,2024-02-28 01:09:08,45.07,USD,approved,False,False,0
3640,124,32,2024-02-28 02:27:31,32.54,GBP,approved,False,True,0
786,118,50,2024-02-28 02:34:16,23.41,USD,approved,True,False,0
4215,138,72,2024-02-28 03:02:15,85.67,EUR,approved,False,True,1
3643,186,73,2024-02-28 03:02:55,19.84,EUR,approved,False,True,0
4251,84,51,2024-02-28 03:11:06,10.59,USD,approved,False,True,0
3759,17,19,2024-02-28 03:42:04,177.15,EUR,approved,True,True,1
1032,35,57,2024-02-28 05:10:10,32.4,JPY,approved,True,False,0
1237,1,65,2024-02-28 05:28:22,22.81,GBP,approved,False,True,0
2214,24,12,2024-02-28 05:47:00,49.49,USD,reversed,False,True,0
1929,37,59,2024-02-28 05:47:17,28.47,EUR,pending,False,True,0
3785,197,22,2024-02-28 06:20:41,31.57,JPY,approved,True,False,0
3904,3,78,2024-02-28 06:26:54,277.79,USD,approved,False,False,0
2023,132,49,2024-02-28 06:34:46,18.87,JPY,approved,True,False,0
3897,107,23,2024-02-28 06:35:13,31.01,GBP,approved,False,True,0
1950,65,45,2024-02-28 06:36:26,42.22,USD,approved,False,False,0
4408,38,30,2024-02-28 06:54:01,14.62,USD,approved,False,False,0
97,48,50,2024-02-28 06:57:24,20.52,JPY,approved,False,False,0
2337,91,78,2024-02-28 07:08:22,20.51,USD,approved,False,False,0
3042,59,18,2024-02-28 07:24:42,30.88,USD,approved,False,False,0
3472,150,14,2024-02-28 07:54:26,89.15,EUR,approved,False,True,0
1239,60,80,2024-02-28 08:00:53,48.68,USD,approved,False,False,0
1575,30,11,2024-02-28 09:04:11,24.22,USD,approved,False,True,0
1759,115,24,2024-02-28 09:07:25,50.49,EUR,approved,False,True,0
1103,184,40,2024-02-28 09:11:17,27.87,USD,approved,False,True,0
199,68,46,2024-02-28 09:23:51,26.13,USD,reversed,False,False,0
1498,157,71,2024-02-28 09:25:52,89.67,USD,pending,False,True,1
3521,166,47,2024-02-28 09:43:58,57.19,USD,approved,False,True,0
565,178,8,2024-02-28 09:47:38,88.47,USD,approved,False,False,0
2363,193,1,2024-02-28 09:50:12,121.37,EUR,approved,False,True,0
4675,167,33,2024-02-28 09:52:16,41.95,JPY,approved,False,False,0
4024,58,42,2024-02-28 10:03:58,32.77,USD,approved,False,False,0
2212,155,1,2024-02-28 10:10:39,13.47,USD,approved,False,True,0
3406,71,9,2024-02-28 10:12:52,24.2,USD,approved,False,False,0
305,109,19,2024-02-28 10:17:21,37.05,GBP,approved,True,True,0
4427,52,35,2024-02-28 10:55:42,19.64,USD,approved,False,False,0
4357,194,57,2024-02-28 11:46:58,13.04,EUR,approved,False,False,0
4423,153,37,2024-02-28 12:27:52,9.86,USD,approved,False,False,0
2397,190,39,2024-02-28 12:29:31,18.42,EUR,approved,False,False,0
359,19,6,2024-02-28 12:35:31,15.96,USD,approved,False,False,0
841,58,63,2024-02-28 13:58:57,18.56,USD,approved,True,True,0
2255,60,17,2024-02-28 14:00:34,88.92,USD,pending,True,False,0
2970,128,30,2024-02-28 14:16:58,49.13,USD,approved,False,False,0
2042,179,42,2024-02-28 14:25:36,40.47,EUR,approved,False,True,0
3668,37,38,2024-02-28 14:26:02,49.05,JPY,approved,True,True,1
2015,130,35,2024-02-28 14:35:23,38.49,USD,approved,False,True,0
3548,177,69,2024-02-28 14:38:59,24.45,EUR,approved,False,False,0
4499,49,74,2024-02-28 14:39:52,81.17,USD,approved,False,True,0
117,8,21,2024-02-28 14:45:41,15.55,USD,approved,False,True,0
392,36,14,2024-02-28 14:55:48,10.22,USD,approved,False,True,0
4044,22,34,2024-02-28 15:26:18,54.59,USD,approved,False,False,0
2576,66,11,2024-02-28 15:55:14,36.01,USD,declined,False,True,0
2693,183,30,2024-02-28 16:03:23,27.91,EUR,approved,False,False,0
27,81,21,2024-02-28 16:05:08,34.16,EUR,approved,False,True,0
1426,163,64,2024-02-28 16:29:29,21.84,USD,approved,False,True,0
625,121,17,2024-02-28 16:37:27,33.6,USD,approved,False,True,0
4647,150,31,2024-02-28 16:45:22,47.53,USD,approved,False,False,0
4356,165,11,2024-02-28 16:53:43,10.52,USD,approved,False,True,0
3595,50,14,2024-02-28 17:06:10,33.78,USD,approved,False,False,0
271,59,15,2024-02-28 17:15:34,58.65,USD,approved,False,True,0
1094,79,37,2024-02-28 17:35:37,28.38,USD,approved,False,True,0
1547,138,56,2024-02-28 17:52:40,47.69,EUR,approved,False,True,0
321,65,26,2024-02-28 18:08:12,23.44,GBP,approved,False,False,0
2778,181,75,2024-02-28 18:10:41,40.26,USD,approved,False,True,0
1201,176,76,2024-02-28 18:13:58,28.79,EUR,pending,False,True,0
483,51,25,2024-02-28 18:21:52,12.55,USD,approved,False,False,0
1439,64,6,2024-02-28 18:23:36,11.2,EUR,declined,False,True,0
461,145,72,2024-02-28 18:27:19,39.5,USD,approved,False,True,0
2357,83,24,2024-02-28 19:12:14,30.9,EUR,approved,False,False,0
3176,112,50,2024-02-28 19:13:05,17.53,EUR,declined,False,False,0
260,118,20,2024-02-28 20:22:44,18.0,USD,approved,False,True,0
3761,35,77,2024-02-28 20:27:56,18.55,USD,approved,False,True,0
1341,107,24,2024-02-28 20:47:47,31.23,USD,approved,False,False,0
3860,88,3,2024-02-28 20:50:41,36.71,GBP,approved,False,False,0
1989,43,30,2024-02-28 21:24:15,32.28,EUR,approved,False,False,0
4654,42,15,2024-02-28 21:35:50,8.26,USD,approved,False,True,0
4032,105,25,2024-02-28 22:03:36,67.75,USD,approved,False,False,0
133,19,39,2024-02-28 22:05:02,24.2,USD,declined,True,False,1
4101,19,18,2024-02-28 22:22:48,32.37,USD,approved,False,False,0
4102,198,6,2024-02-28 22:30:17,29.2,EUR,pending,False,False,0
4261,46,30,2024-02-28 23:01:38,16.13,USD,approved,True,False,0
4533,141,43,2024-02-28 23:10:46,31.75,USD,pending,True,False,1
3962,172,37,2024-02-28 23:31:47,75.65,GBP,approved,False,True,0
4179,93,15,2024-02-28 23:42:07,33.7,USD,declined,True,False,0
150,12,44,2024-02-29 00:10:36,86.36,USD,approved,False,True,0
4107,21,38,2024-02-29 00:11:47,109.07,USD,approved,False,True,0
1862,60,46,2024-02-29 00:15:57,31.25,USD,approved,False,False,0
1948,184,33,2024-02-29 00:24:07,21.6,GBP,approved,False,False,0
3684,114,10,2024-02-29 00:51:18,54.75,USD,declined,False,False,0
744,55,37,2024-02-29 01:01:07,40.56,USD,approved,False,False,0
3355,196,45,2024-02-29 01:09:43,48.93,USD,approved,False,True,0
2641,48,51,2024-02-29 01:38:14,18.54,EUR,approved,False,False,0
2400,147,35,2024-02-29 02:05:03,29.42,USD,approved,False,True,0
3189,12,13,2024-02-29 02:37:33,27.54,JPY,approved,False,True,0
4059,42,80,2024-02-29 02:58:38,15.86,JPY,approved,False,False,0
1455,115,38,2024-02-29 03:04:52,32.62,EUR,approved,True,True,0
1297,53,12,2024-02-29 03:19:42,29.81,EUR,approved,False,False,0
591,161,7,2024-02-29 03:25:16,36.68,GBP,pending,True,False,0
4306,155,11,2024-02-29 03:49:26,59.1,EUR,approved,False,True,0
4873,12,63,2024-02-29 03:56:04,39.01,USD,approved,True,True,0
413,56,41,2024-02-29 04:02:04,19.83,USD,approved,False,False,0
1449,148,16,2024-02-29 04:26:49,128.51,EUR,approved,False,True,1
3901,104,11,2024-02-29 04:45:47,53.32,JPY,approved,False,False,0
2513,193,39,2024-02-29 04:46:51,220.63,USD,approved,False,False,1
3205,60,36,2024-02-29 04:54:28,28.27,USD,approved,False,True,0
1355,44,60,2024-02-29 05:00:56,110.38,EUR,approved,True,False,1
489,154,69,2024-02-29 05:12:51,25.22,USD,pending,False,True,0
3190,167,18,2024-02-29 05:25:01,78.55,USD,approved,False,True,0
594,196,51,2024-02-29 05:44:52,27.9,EUR,approved,False,True,1
4411,25,68,2024-02-29 07:09:36,35.88,EUR,declined,False,False,1
2965,147,5,2024-02-29 07:22:07,60.92,USD,reversed,False,True,0
92,161,31,2024-02-29 07:28:45,41.43,EUR,pending,False,False,0
4984,81,69,2024-02-29 08:15:08,53.92,USD,declined,False,True,0
3304,55,44,2024-02-29 08:31:26,55.76,USD,approved,False,False,0
2683,78,69,2024-02-29 09:16:54,21.42,USD,approved,False,False,0
1729,89,11,2024-02-29 09:24:31,46.1,USD,approved,False,False,0
2980,96,80,2024-02-29 09:44:13,63.81,USD,declined,True,True,0
1331,90,6,2024-02-29 09:57:05,40.4,USD,approved,False,True,0
322,22,68,2024-02-29 10:08:57,15.87,EUR,approved,False,True,1
3230,168,62,2024-02-29 10:51:24,18.1,USD,approved,True,False,0
960,83,71,2024-02-29 10:53:48,30.63,USD,approved,False,True,0
4373,46,2,2024-02-29 11:08:50,213.8,USD,approved,False,True,0
1562,51,54,2024-02-29 11:27:18,47.13,GBP,approved,False,False,0
4859,53,29,2024-02-29 11:35:38,34.81,EUR,approved,False,False,0
2569,76,29,2024-02-29 11:41:15,27.29,USD,declined,False,True,0
566,48,52,2024-02-29 12:26:35,10.52,USD,approved,False,True,0
3052,36,76,2024-02-29 12:47:22,51.94,EUR,approved,True,True,0
3678,154,41,2024-02-29 13:38:20,18.5,EUR,approved,False,False,0
1436,21,2,2024-02-29 13:45:34,39.3,EUR,approved,False,True,0
1925,73,28,2024-02-29 13:54:25,38.98,GBP,approved,False,True,0
513,169,73,2024-02-29 14:05:07,41.06,USD,approved,False,True,0
3969,118,32,2024-02-29 14:25:13,35.13,USD,approved,False,True,0
1301,152,27,2024-02-29 14:30:10,25.55,JPY,approved,False,True,0
1564,184,3,2024-02-29 14:37:00,18.33,GBP,approved,False,True,0
2033,19,74,2024-02-29 14:40:17,26.69,USD,approved,False,False,0
4592,8,15,2024-02-29 14:45:38,34.37,JPY,pending,False,False,0
190,61,24,2024-02-29 14:52:37,100.23,USD,pending,True,False,0
175,140,17,2024-02-29 14:53:25,58.81,USD,approved,False,False,0
4321,132,24,2024-02-29 15:01:32,47.74,USD,approved,False,False,0
4854,14,18,2024-02-29 15:39:28,43.14,USD,approved,False,True,0
4798,25,72,2024-02-29 16:05:02,6.64,USD,approved,False,False,0
2249,32,33,2024-02-29 16:09:57,35.03,EUR,approved,False,True,0
3818,161,71,2024-02-29 16:24:22,28.51,USD,approved,False,True,0
3253,32,4,2024-02-29 16:26:49,75.48,USD,approved,False,False,0
4943,168,65,2024-02-29 16:32:29,41.84,USD,approved,True,False,0
843,182,45,2024-02-29 16:39:07,79.95,USD,declined,False,True,0
2785,183,39,2024-02-29 16:45:25,24.68,USD,approved,True,True,0
4252,78,50,2024-02-29 16:49:11,64.24,USD,approved,False,True,0
2359,126,71,2024-02-29 16:50:49,89.21,USD,approved,True,True,0
4156,38,7,2024-02-29 16:59:04,61.53,EUR,approved,False,True,0
4267,71,43,2024-02-29 17:05:41,10.38,USD,approved,True,True,0
2911,23,4,2024-02-29 17:21:21,35.17,JPY,approved,True,False,0
2352,151,71,2024-02-29 17:30:59,22.63,USD,approved,False,True,0
2588,65,13,2024-02-29 17:33:38,37.11,USD,approved,False,True,0
1579,23,11,2024-02-29 17:50:52,73.09,EUR,approved,False,False,0
2070,84,57,2024-02-29 17:51:34,41.31,EUR,approved,False,False,0
3702,47,15,2024-02-29 18:07:00,18.41,USD,approved,False,True,0
614,78,27,2024-02-29 18:30:55,187.87,GBP,approved,False,True,1
2946,22,42,2024-02-29 19:02:01,46.63,EUR,declined,True,False,1
4492,40,3,2024-02-29 19:33:49,4.37,EUR,approved,False,True,0
623,34,17,2024-02-29 20:26:04,23.58,USD,approved,False,False,0
521,72,35,2024-02-29 20:34:26,40.72,GBP,approved,False,False,0
4042,131,7,2024-02-29 21:16:18,36.08,USD,approved,False,False,0
551,161,49,2024-02-29 21:18:46,28.74,EUR,approved,False,True,0
1702,36,3,2024-02-29 21:27:44,64.32,EUR,approved,True,True,0
3064,26,29,2024-02-29 22:02:41,18.15,GBP,pending,False,True,0
4460,131,33,2024-02-29 22:36:29,57.45,EUR,approved,False,True,0
2088,133,19,2024-02-29 23:17:15,126.88,EUR,approved,False,True,0
3971,96,50,2024-02-29 23:33:20,21.94,USD,declined,False,True,0
401,200,69,2024-02-29 23:46:03,35.88,JPY,approved,False,True,0
